word,lemma,headword,part_of_speech,word_family_id,canonical_headword,family_role,forms,derived_forms,compound_forms,categories,register,meaning_en_simple,semantic_notes,related_words,opposites,common_collocations,raw_count_total,document_frequency_total,source_diversity,source_tables,form_counts,core_score,confidence,needs_human_review,review_reason
weathered,weather,weathered,,weather,weather,inflected_form,weathered,,,ancient_ruins_memory,,worn out or damaged by exposure to the elements,,withered;dormant;forsaken,verdant;lush;primal,,19,19,1,ItemSparse,weathered:19,114.9957,0.8,False,
dormant,dormant,dormant,,dormant,dormant,base,dormant,,,ancient_ruins_memory,,in a state of inactivity or suspended animation,,withered;weathered;forsaken,verdant;lush;primal,,49,43,4,BroadcastText;ItemSparse;JournalEncounter;JournalEncounterSection,dormant:49,91.912,0.8,False,
veiled,veil,veiled,,veil,veil,inflected_form,veiled,,,ancient_ruins_memory,,"hidden or concealed, often in a mysterious or obscure way",,sealed;buried;dormant,exposed;revealed;manifest,,17,17,3,BroadcastText;ItemSparse;JournalEncounterSection,veiled:17,88.8904,0.8,False,
forgotten,forgotten,forgotten,,forgotten,forgotten,base,forgotten,,,ancient_ruins_memory,,having been forgotten or left behind,,forgotten;abandoned;neglected,remembered;recalled,,80,80,4,BroadcastText;ItemSparse;JournalEncounter;JournalEncounterSection,forgotten:80,42.3944,0.1,True,low_confidence
hidden,hidden,hidden,,hidden,hidden,base,hidden,,,ancient_ruins_memory,,having been concealed or hidden from view,,concealed;hidden;secret,visible;exposed,,80,80,4,BroadcastText;ItemSparse;JournalEncounter;JournalEncounterSection,hidden:80,42.3944,0.1,True,low_confidence
restored,restore,restored,,restore,restore,inflected_form,restored,,,ancient_ruins_memory,,made or brought back to a former state of good condition,,memories;Runecarver,,,57,56,4,BroadcastText;ItemSparse;JournalEncounter;JournalEncounterSection,restored:57,42.0604,1.0,False,
primordial,primordial,primordial,,primordial,primordial,base,primordial,,,ancient_ruins_memory,,"existing or occurring at the beginning of something, especially one that is considered ancient or primitive",,ancient;primitive;primeval,modern;advanced;sophisticated,,16,15,4,ItemNameDescription;ItemSparse;JournalEncounter;JournalEncounterSection,primordial:16,40.8332,0.8,False,
ruins,ruin,ruins,,ruin,ruin,inflected_form,ruins,,,ancient_ruins_memory,,remains of a destroyed or abandoned building or place,,destruction;abandonment;decay,,,32,30,3,BroadcastText;ItemSparse;JournalEncounter,ruins:32,39.4965,1.0,False,
crumbling,crumbl,crumbling,,crumbl,crumbl,inflected_form,crumbling,,,ancient_ruins_memory,,"falling apart or breaking down, especially because of age or wear",,decaying;rotting;ruined,,,10,10,3,ItemSparse;JournalEncounter;JournalEncounterSection,crumbling:10,38.3979,1.0,False,
faded,fad,faded,,fad,fad,inflected_form,faded,,,ancient_ruins_memory,,"becoming less bright or intense, especially because of age or wear",,diminished;weakened;waning,,,76,76,2,ItemSparse;JournalEncounterSection,faded:76,38.3438,1.0,False,
archive,archive,archive,,archive,archive,base,archive,,,ancient_ruins_memory,,a collection of historical documents or records,,documents;records;history,,,17,17,2,BroadcastText;ItemSparse,archive:17,36.8904,1.0,False,
reclaimed,reclaim,reclaimed,,reclaim,reclaim,inflected_form,reclaimed,,,ancient_ruins_memory,,regained or recovered something that was lost,,regain;recover;retrieve,,,13,13,2,BroadcastText;ItemSparse,reclaimed:13,36.6391,1.0,False,
primeval,primeval,primeval,,primeval,primeval,base,primeval,,,ancient_ruins_memory,,"existing from the beginning of time, or very old",,ancient;primordial;archaic,modern;new,,5,5,1,JournalEncounterSection,primeval:5,33.7918,0.8,False,
archaic,archaic,archaic,,archaic,archaic,base,archaic,,,ancient_ruins_memory,,"old-fashioned or outdated, often in a linguistic sense",,ancient;primordial;archaism,modern;contemporary,,4,4,1,ItemSparse,archaic:4,33.6094,0.8,False,
long-forgotten,long-forgotten,long-forgotten,,long-forgotten,long-forgotten,compound,long-forgotten,,long-forgotten,ancient_ruins_memory,,something that has been forgotten for a long time,,forgotten;lost;abandoned,remembered;preserved,,11,11,3,ItemSparse;JournalEncounter;JournalEncounterSection,long-forgotten:11,33.4849,0.8,False,
roh-kalo,roh-kalo,roh-kalo,,roh-kalo,roh-kalo,compound,roh-kalo,,roh-kalo,ancient_ruins_memory,,"Roh-Kalo, ancient ruins and memory",,fatescribe;Korthia's secrets,,,11,10,2,JournalEncounter;JournalEncounterSection,roh-kalo:11,31.4849,1.0,False,
half-finished,half-finish,half-finished,,half-finish,half-finish,compound,half-finished,,half-finished,ancient_ruins_memory,,not yet completed or finished,,finish;complete;incomplete,,,5,5,2,ItemSparse;JournalEncounterSection,half-finished:5,30.7918,0.8,False,
once-great,once-great,once-great,,once-great,once-great,compound,once-great,,once-great,ancient_ruins_memory,,"former, past greatness or glory",,great;former,small;unimportant,,2,2,2,BroadcastText;ItemSparse,once-great:2,30.0986,0.7,True,low_confidence
foul-smelling,foul-smell,foul-smelling,,foul-smell,foul-smell,compound,foul-smelling,,foul-smelling,ancient_ruins_memory,,having a strong and unpleasant smell,,stinky;odorous;fetid,fragrant;sweet-smelling;pleasant,,11,11,1,ItemSparse,foul-smelling:11,29.4849,0.7,True,low_confidence
odd-looking,odd-look,odd-looking,,odd-look,odd-look,compound,odd-looking,,odd-looking,ancient_ruins_memory,,something that looks unusual or strange,,look;appear;strange,normal;usual,,6,6,1,ItemSparse,odd-looking:6,28.9459,0.8,False,
complicated-looking,complicated-look,complicated-looking,,complicated-look,complicated-look,compound,complicated-looking,,complicated-looking,ancient_ruins_memory,,something that looks complex or difficult to understand,,look;appear;complex,simple;easy,,5,5,1,ItemSparse,complicated-looking:5,28.7918,0.7,True,low_confidence
rak-zakaz,rak-zakaz,rak-zakaz,,rak-zakaz,rak-zakaz,compound,rak-zakaz,,rak-zakaz,ancient_ruins_memory,,a mysterious place or ritual site,,place;ritual,,,5,5,1,ItemSparse,rak-zakaz:5,28.7918,0.8,False,
eco-dome,eco-dome,eco-dome,,eco-dome,eco-dome,compound,eco-dome,,eco-dome,ancient_ruins_memory,,a structure or building that is environmentally friendly,,structure;building;environmentally friendly,,,4,4,1,ItemSparse,eco-dome:4,28.6094,0.8,False,
many-faced,many-fac,many-faced,,many-fac,many-fac,compound,many-faced,,many-faced,ancient_ruins_memory,,having many faces or aspects,,faces;aspects,,,4,4,1,ItemSparse,many-faced:4,28.6094,0.9,False,
tainted,taint,tainted,,taint,taint,inflected_form,tainted,,,corruption_defilement_curse,,"contaminated or polluted, morally corrupted",,defiled;desecrated;profane,hallowed;consecrated;sanctified,,53,49,3,ItemSparse;JournalEncounter;JournalEncounterSection,tainted:53,119.989,0.8,False,
desecrated,desecrate,desecrated,,desecrate,desecrate,inflected_form,desecrated,,,corruption_defilement_curse,,"made or considered unclean, polluted",,defiled;tainted;profane,hallowed;consecrated;sanctified,,18,13,3,ItemSparse;JournalEncounter;JournalEncounterSection,desecrated:18,118.9444,0.8,False,
defiled,defile,defiled,,defile,defile,related_concept,defiled,,,corruption_defilement_curse,,"made or considered unclean, polluted",,tainted;desecrated;profane,hallowed;consecrated;sanctified,,11,10,3,BroadcastText;ItemSparse;JournalEncounterSection,defiled:11,118.4849,0.8,False,
sundered,sunder,sundered,,sunder,sunder,inflected_form,sundered,,,corruption_defilement_curse,,"broken or separated, torn apart",,defiled;desecrated;tainted,hallowed;consecrated;sanctified,,15,14,4,BroadcastText;ItemSparse;JournalEncounter;JournalEncounterSection,sundered:15,90.7726,0.8,False,
blighted,blight,blighted,,blight,blight,inflected_form,blighted,,,corruption_defilement_curse,,"affected or damaged by a curse, plague, or other negative force",,tainted;defiled;desecrated,hallowed;consecrated;sanctified,,4,4,3,BroadcastText;ItemSparse;JournalEncounterSection,blighted:4,87.6094,0.8,False,
tarnished,tarnish,tarnished,,tarnish,tarnish,inflected_form,tarnished,,,corruption_defilement_curse,,covered in a layer of corrosion or grime,,weathered;withered,,,10,10,1,ItemSparse,tarnished:10,84.3979,0.9,False,
corrupted,corrupt,corrupted,,corrupt,corrupt,related_concept,corrupted,,,corruption_defilement_curse,,tainted or influenced by evil or dark forces,,defiled;tainted,,,190,176,5,BroadcastText;ItemNameDescription;ItemSparse;JournalEncounter;JournalEncounterSection,corrupted:190,45.2523,0.9,False,
relic,relic,relic,,relic,relic,base,relic,,,corruption_defilement_curse,,an object or place that is considered sacred or of great importance,,treasured;sacred;important,profane;unholy,,97,92,5,BroadcastText;ItemNameDescription;ItemSparse;JournalEncounter;JournalEncounterSection,relic:97,44.585,0.9,False,
sealed,seal,sealed,,seal,seal,inflected_form,sealed,,,corruption_defilement_curse,,"closed or locked, often to keep something inside or out",,locked;closed;barred,unsealed;open,,84,84,5,BroadcastText;ItemNameDescription;ItemSparse;JournalEncounter;JournalEncounterSection,sealed:84,44.4427,0.7,True,low_confidence
awakened,awaken,awakened,,awaken,awaken,inflected_form,awakened,,,corruption_defilement_curse,,"made aware or conscious of something, often in a sudden or dramatic way",,aware;conscious;alert,asleep;unconscious,,79,70,5,BroadcastText;ItemNameDescription;ItemSparse;JournalEncounter;JournalEncounterSection,awakened:79,44.382,0.4,True,low_confidence
twisted,twist,twisted,,twist,twist,inflected_form,twisted,,,corruption_defilement_curse,,having been distorted or corrupted in some way,,distorted;corrupted;perverted,straight;normal,,143,133,4,BroadcastText;ItemSparse;JournalEncounter;JournalEncounterSection,twisted:143,42.9698,0.2,True,low_confidence
shattered,shatter,shattered,,shatter,shatter,inflected_form,shattered,,,corruption_defilement_curse,,having been broken or destroyed in some way,,broken;destroyed;ruined,intact;whole,,104,102,4,BroadcastText;ItemSparse;JournalEncounter;JournalEncounterSection,shattered:104,42.654,0.1,True,low_confidence
cursed,curs,cursed,,curs,curs,inflected_form,cursed,,,corruption_defilement_curse,,placed under a magical or supernatural penalty,,hexed;afflicted,,,58,56,4,BroadcastText;ItemSparse;JournalEncounter;JournalEncounterSection,cursed:58,42.0775,1.0,False,
stained,stain,stained,,stain,stain,inflected_form,stained,,,corruption_defilement_curse,,tainted or polluted by something unpleasant or unclean,,hexed;afflicted,,,46,46,4,BroadcastText;ItemSparse;JournalEncounter;JournalEncounterSection,stained:46,41.8501,1.0,False,
vile,vile,vile,,vile,vile,base,vile,,,corruption_defilement_curse,,morally repugnant or disgusting,,hexed;afflicted,,,46,46,4,BroadcastText;ItemSparse;JournalEncounter;JournalEncounterSection,vile:46,41.8501,1.0,False,
afflicted,afflict,afflicted,,afflict,afflict,inflected_form,afflicted,,,corruption_defilement_curse,,"suffering from a disease or injury, typically one that is serious or chronic",,ill;sick;injured,,,276,243,3,ItemSparse;JournalEncounter;JournalEncounterSection,afflicted:276,41.624,1.0,False,
decaying,decay,decaying,,decay,decay,inflected_form,decaying,,,corruption_defilement_curse,,"rotting or falling apart, typically due to age or disease",,rotten;moldy;fungal,,,31,29,4,ItemNameDescription;ItemSparse;JournalEncounter;JournalEncounterSection,decaying:31,41.4657,1.0,False,
warped,warp,warped,,warp,warp,inflected_form,warped,,,corruption_defilement_curse,,"twisted or distorted, especially in a way that is considered abnormal or unnatural",,twisted;distorted;deformed,straight;normal;natural,,16,16,4,BroadcastText;ItemSparse;JournalEncounter;JournalEncounterSection,warped:16,40.8332,0.7,True,low_confidence
fractured,fractur,fractured,,fractur,fractur,inflected_form,fractured,,,corruption_defilement_curse,,"broken or split, especially in a way that is considered incomplete or imperfect",,broken;split;shattered,whole;intact;complete,,119,115,3,BroadcastText;ItemSparse;JournalEncounterSection,fractured:119,40.7875,0.8,False,
searing,sear,searing,,sear,sear,inflected_form,searing,,,corruption_defilement_curse,,causing intense heat or pain,,blazing;scorching;fiery,cooling;soothing;chilling,,107,103,3,ItemSparse;JournalEncounter;JournalEncounterSection,searing:107,40.6821,0.8,False,
plagued,plague,plagued,,plague,plague,inflected_form,plagued,,,corruption_defilement_curse,,affected or troubled by a problem or difficulty,,afflicted;tormented;distressed,blessed;protected;untroubled,,11,11,4,BroadcastText;ItemSparse;JournalEncounter;JournalEncounterSection,plagued:11,40.4849,0.9,False,
smoldering,smolder,smoldering,,smolder,smolder,inflected_form,smoldering,,,corruption_defilement_curse,,"burning or glowing with a low, steady flame, often in a way that is considered smoky or unpleasant",,glowing;smoking;flickering,extinguished;dormant;inactive,,39,37,3,ItemSparse;JournalEncounter;JournalEncounterSection,smoldering:39,39.6889,0.8,False,
contaminated,contaminate,contaminated,,contaminate,contaminate,inflected_form,contaminated,,,corruption_defilement_curse,,made impure or polluted by something unwanted,,polluted;tainted;defiled,,,15,12,3,ItemSparse;JournalEncounter;JournalEncounterSection,contaminated:15,38.7726,1.0,False,
malignant,malignant,malignant,,malignant,malignant,base,malignant,,,corruption_defilement_curse,,"causing or showing harm or evil, especially in a way that is intentional or deliberate",,harmful;detrimental;pernicious,,,9,8,3,ItemSparse;JournalEncounter;JournalEncounterSection,malignant:9,38.3026,1.0,False,
rotting,rott,rotting,,rott,rott,inflected_form,rotting,,,corruption_defilement_curse,,"decaying or breaking down, especially because of age or wear",,decaying;putrid;foul,,,9,9,3,ItemSparse;JournalEncounter;JournalEncounterSection,rotting:9,38.3026,1.0,False,
marred,marr,marred,,marr,marr,inflected_form,marred,,,corruption_defilement_curse,,"damaged or disfigured, often in a way that is unpleasant to look at",,damage;disfigure;unpleasant,beautiful;attractive,,3,3,2,ItemSparse;JournalEncounter,marred:3,35.3863,0.8,False,
all-consuming,all-consum,all-consuming,,all-consum,all-consum,compound,all-consuming,,all-consuming,corruption_defilement_curse,,"All-consuming rage, corruption and curse",,malignant chaos;rage,,,3,3,3,ItemSparse;JournalEncounter;JournalEncounterSection,all-consuming:3,32.3863,1.0,False,
all-devouring,all-devour,all-devouring,,all-devour,all-devour,compound,all-devouring,,all-devouring,corruption_defilement_curse,,"All-Devouring, corruption and curse",,new;opponent,,,8,8,2,BroadcastText;JournalEncounter,all-devouring:8,31.1972,1.0,False,
anti-magic,anti-magic,anti-magic,,anti-magic,anti-magic,compound,anti-magic,,anti-magic,corruption_defilement_curse,,a type of magic that opposes other magic,,magic;oppose;curse,,,5,5,2,ItemNameDescription;JournalEncounterSection,anti-magic:5,30.7918,0.7,True,low_confidence
fel-infused,fel-infus,fel-infused,,fel-infus,fel-infus,compound,fel-infused,,fel-infused,corruption_defilement_curse,,contaminated with dark magic,,dark;magic;contaminate,,,5,5,2,ItemSparse;JournalEncounterSection,fel-infused:5,30.7918,0.8,False,
fel-powered,fel-power,fel-powered,,fel-power,fel-power,compound,fel-powered,,fel-powered,corruption_defilement_curse,,powered or energized by dark magic,,dark;magic;energy,,,4,4,2,ItemSparse;JournalEncounterSection,fel-powered:4,30.6094,0.9,False,
one-by-one,one-by-one,one-by-one,,one-by-one,one-by-one,compound,one-by-one,,one-by-one,corruption_defilement_curse,,"step by step, one at a time",,slowly;gradually,all-at-once,,3,3,2,ItemSparse;JournalEncounter,one-by-one:3,30.3863,0.8,False,
void-infused,void-infus,void-infused,,void-infus,void-infus,compound,void-infused,,void-infused,corruption_defilement_curse,,"contaminated, tainted by void energy",,tainted;polluted,pure;clean,,3,3,2,ItemSparse;JournalEncounter,void-infused:3,30.3863,0.7,True,low_confidence
sin-stained,sin-stain,sin-stained,,sin-stain,sin-stain,compound,sin-stained,,sin-stained,corruption_defilement_curse,,"tainted, stained by sin or evil",,stained;tainted,pure;clean,,2,2,2,JournalEncounter;JournalEncounterSection,sin-stained:2,30.0986,0.7,True,low_confidence
super-charged,super-charg,super-charged,,super-charg,super-charg,compound,super-charged,,super-charged,corruption_defilement_curse,,having a lot of energy or power,,charged;energized;powered,drained;exhausted;weakened,,2,2,2,ItemSparse;JournalEncounter,super-charged:2,30.0986,0.8,False,
whip-like,whip-like,whip-like,,whip-like,whip-like,compound,whip-like,,whip-like,corruption_defilement_curse,,like a whip in shape or movement,,tentacle;cord;plasma,soft;gentle;delicate,,2,2,2,ItemSparse;JournalEncounterSection,whip-like:2,30.0986,0.6,True,low_confidence
bile-o-tron,bile-o-tron,bile-o-tron,,bile-o-tron,bile-o-tron,compound,bile-o-tron,,bile-o-tron,corruption_defilement_curse,,a device or machine that produces bile or a similar substance,,device;machine;apparatus,healthy;wholesome;pure,,8,6,1,JournalEncounterSection,bile-o-tron:8,29.1972,0.7,True,low_confidence
poison-tipped,poison-tipp,poison-tipped,,poison-tipp,poison-tipp,compound,poison-tipped,,poison-tipped,corruption_defilement_curse,,having a tip or point that is poisonous,,poison;tip;point,safe;harmless,,6,6,1,JournalEncounterSection,poison-tipped:6,28.9459,0.9,False,
fel-afflicted,fel-afflict,fel-afflicted,,fel-afflict,fel-afflict,compound,fel-afflicted,,fel-afflicted,corruption_defilement_curse,,something that has been afflicted or affected by fel energy,,afflicted;affected;fel,healthy;whole,,5,5,1,JournalEncounterSection,fel-afflicted:5,28.7918,0.9,False,
profane,profane,profane,,profane,profane,base,profane,,,dark_profane,,"considered unclean or polluted, morally corrupted",,tainted;defiled;desecrated,hallowed;consecrated;sanctified,,3,3,2,ItemSparse;JournalEncounter,profane:3,115.3863,0.7,True,low_confidence
sinister,sinister,sinister,,sinister,sinister,base,sinister,,,dark_profane,,having or showing a wicked or evil nature,,wicked;evil,,,98,98,5,BroadcastText;ItemNameDescription;ItemSparse;JournalEncounter;JournalEncounterSection,sinister:98,44.5951,0.5,True,low_confidence
dire,dire,dire,,dire,dire,base,dire,,,dark_profane,,"serious or severe, often in a way that is frightening or unpleasant",,serious;severe;frightening,hopeful;encouraging,,49,44,5,BroadcastText;ItemNameDescription;ItemSparse;JournalEncounter;JournalEncounterSection,dire:49,43.912,0.7,True,low_confidence
malevolent,malevolent,malevolent,,malevolent,malevolent,base,malevolent,,,dark_profane,,having or showing a wish to do harm to others,,evil;wicked;cruel,benevolent;kind;gentle,,27,27,4,BroadcastText;ItemSparse;JournalEncounter;JournalEncounterSection,malevolent:27,41.3322,0.9,False,
damned,damn,damned,,damn,damn,inflected_form,damned,,,dark_profane,,"considered to be evil or wicked, and therefore punished or cursed",,cursed;doomed;lost,blessed;saved;redeemed,,26,24,4,BroadcastText;ItemSparse;JournalEncounter;JournalEncounterSection,damned:26,41.2958,0.8,False,
accursed,accurs,accursed,,accurs,accurs,inflected_form,accursed,,,dark_profane,,"considered to be evil or wicked, and therefore cursed or punished",,cursed;doomed;lost,blessed;saved;redeemed,,14,13,4,BroadcastText;ItemSparse;JournalEncounter;JournalEncounterSection,accursed:14,40.7081,0.7,True,low_confidence
blasphemous,blasphemou,blasphemous,,blasphemou,blasphemou,inflected_form,blasphemous,,,dark_profane,,offending or insulting a deity or sacred thing,,sacrilegious;heretical;impious,pious;devout;reverent,,1,1,1,JournalEncounter,blasphemous:1,32.6931,0.8,False,
heretical,heretical,heretical,,heretical,heretical,base,heretical,,,dark_profane,,contrary to or rejecting established doctrine or faith,,sacrilegious;impious;blasphemous,orthodox;conformist;traditional,,1,1,1,ItemSparse,heretical:1,32.6931,0.9,False,
lost,lost,lost,,lost,lost,base,lost,,,death_mourning,,not found or unable to be located,,found;discovered,,,256,254,5,BroadcastText;ItemNameDescription;ItemSparse;JournalEncounter;JournalEncounterSection,lost:256,45.5491,0.1,True,low_confidence
remains,remain,remains,,remain,remain,inflected_form,remains,,,death_mourning,,the parts of something that are left after it has been destroyed or broken down,,parts;destroyed;broken,intact;whole,,220,216,4,BroadcastText;ItemSparse;JournalEncounter;JournalEncounterSection,remains:220,43.3982,0.8,False,
fallen,fallen,fallen,,fallen,fallen,base,fallen,,,death_mourning,,having fallen or been defeated,,defeated;beaten;conquered,victorious;triumphant,,169,160,4,BroadcastText;ItemSparse;JournalEncounter;JournalEncounterSection,fallen:169,43.1358,0.7,True,low_confidence
tomb,tomb,tomb,,tomb,tomb,base,tomb,,,death_mourning,,"a structure or building for the burial of a dead person, typically with a stone monument or memorial",,grave;sepulcher;mausoleum,,,39,37,4,BroadcastText;ItemSparse;JournalEncounter;JournalEncounterSection,tomb:39,41.6889,1.0,False,
grave,grave,grave,,grave,grave,base,grave,,,death_mourning,,"a hole or pit dug in the ground for burying a dead person, typically one that is marked with a stone monument or memorial",,tomb;sepulcher;mausoleum,,,27,27,4,BroadcastText;ItemSparse;JournalEncounter;JournalEncounterSection,grave:27,41.3322,1.0,False,
sepulcher,sepulcher,sepulcher,,sepulcher,sepulcher,base,sepulcher,,,death_mourning,,"a building or structure that is used as a tomb or burial place, especially one that is grand or elaborate",,tomb;mausoleum;cemetery,living;alive;breathing,,18,17,4,BroadcastText;ItemSparse;JournalEncounter;JournalEncounterSection,sepulcher:18,40.9444,0.8,False,
corpse,corpse,corpse,,corpse,corpse,base,corpse,,,death_mourning,,"the body of a dead person or animal, often in a way that is considered unpleasant or disturbing",,body;remains;cadaver,alive;living;thriving,,44,43,3,ItemSparse;JournalEncounter;JournalEncounterSection,corpse:44,39.8067,0.9,False,
buried,bury,buried,,bury,bury,inflected_form,buried,,,death_mourning,,"placed or put in the ground, especially a body",,dead;deceased;interred,,,23,23,3,BroadcastText;ItemSparse;JournalEncounter,buried:23,39.1781,1.0,False,
burial,burial,burial,,burial,burial,base,burial,,,death_mourning,,the act of putting a dead body in the ground or a tomb,,funeral;tomb;grave,,,13,13,3,ItemSparse;JournalEncounter;JournalEncounterSection,burial:13,38.6391,1.0,False,
ghastly,ghastly,ghastly,,ghastly,ghastly,base,ghastly,,,death_mourning,,"causing horror or disgust, especially because of its ugliness or cruelty",,horrific;atrocious;heinous,,,12,12,3,ItemSparse;JournalEncounter;JournalEncounterSection,ghastly:12,38.5649,1.0,False,
haunted,haunt,haunted,,haunt,haunt,inflected_form,haunted,,,death_mourning,,infested or frequented by ghosts or spirits,,ghost;spirit;frequented,peaceful;quiet,,6,6,2,BroadcastText;ItemSparse,haunted:6,35.9459,0.9,False,
mourning,mourn,mourning,,mourn,mourn,inflected_form,mourning,,,death_mourning,,"expressing or feeling sadness or grief, especially for someone who has died",,sadness;grief;death,happiness;joy,,3,3,2,BroadcastText;ItemSparse,mourning:3,35.3863,0.9,False,
war-torn,war-torn,war-torn,,war-torn,war-torn,compound,war-torn,,war-torn,death_mourning,,"War-torn world, death and mourning",,sacred place;healing,,,3,3,3,BroadcastText;JournalEncounter;JournalEncounterSection,war-torn:3,32.3863,1.0,False,
long-lost,long-lost,long-lost,,long-lost,long-lost,compound,long-lost,,long-lost,death_mourning,,something or someone that has been lost for a long time,,lost;time;memory,,,5,5,2,BroadcastText;ItemSparse,long-lost:5,30.7918,0.9,False,
ill-fated,ill-fate,ill-fated,,ill-fate,ill-fate,compound,ill-fated,,ill-fated,death_mourning,,"unlucky or unfortunate, often due to a past mistake or error",,luck;mistake;error,,,3,3,2,BroadcastText;JournalEncounter,ill-fated:3,30.3863,0.9,False,
battle-worn,battle-worn,battle-worn,,battle-worn,battle-worn,compound,battle-worn,,battle-worn,death_mourning,,"worn, damaged from battle",,worn;damaged,new;untouched,,2,2,2,ItemSparse;JournalEncounterSection,battle-worn:2,30.0986,0.8,False,
fallen-king,fallen-k,fallen-king,,fallen-k,fallen-k,compound,fallen-king,,fallen-king,death_mourning,,"former king, now fallen or defeated",,king;fallen,ruler;sovereign,,2,2,2,JournalEncounter;JournalEncounterSection,fallen-king:2,30.0986,0.7,True,low_confidence
off-balance,off-balance,off-balance,,off-balance,off-balance,compound,off-balance,,off-balance,death_mourning,,"unstable, precarious, or out of balance",,unbalanced;precarious,stable;balanced,,2,2,2,ItemSparse;JournalEncounterSection,off-balance:2,30.0986,0.8,False,
torn-out,torn-out,torn-out,,torn-out,torn-out,compound,torn-out,,torn-out,death_mourning,,something that has been ripped or pulled out,,tear;rip;pull,intact;whole,,7,7,1,ItemSparse,torn-out:7,29.0794,0.7,True,low_confidence
re-emerge,re-emerge,re-emerge,,re-emerge,re-emerge,compound,re-emerge,,re-emerge,death_mourning,,to come back or return to a place or situation,,emerge;return;come,stay;remain,,6,5,1,JournalEncounterSection,re-emerge:6,28.9459,0.7,True,low_confidence
blood-soaked,blood-soak,blood-soaked,,blood-soak,blood-soak,compound,blood-soaked,,blood-soaked,death_mourning,,covered in blood,,blood;soaked,,,4,4,1,ItemSparse,blood-soaked:4,28.6094,0.9,False,
blood-stained,blood-stain,blood-stained,,blood-stain,blood-stain,compound,blood-stained,,blood-stained,death_mourning,,stained with blood,,blood;stained,,,4,4,1,ItemSparse,blood-stained:4,28.6094,0.9,False,
withered,wither,withered,,wither,wither,inflected_form,withered,,,death_undead_crypt;ancient_ruins_memory,,"dead or dying, old and worn out",,weathered;dormant;forsaken,verdant;lush;primal,,27,25,4,BroadcastText;ItemSparse;JournalEncounter;JournalEncounterSection,withered:27,121.3322,0.9,False,
forsaken,forsaken,forsaken,,forsaken,forsaken,base,forsaken,,,death_undead_crypt,,"abandoned or deserted, left to decay",,withered;weathered;dormant,hallowed;consecrated;sanctified,,24,24,4,BroadcastText;ItemSparse;JournalEncounter;JournalEncounterSection,forsaken:24,91.2189,0.8,False,
forlorn,forlorn,forlorn,,forlorn,forlorn,base,forlorn,,,death_undead_crypt,,"abandoned or deserted, often in a state of sadness or despair",,forsaken;dormant;weathered,hallowed;consecrated;sanctified,,5,5,2,ItemSparse;JournalEncounterSection,forlorn:5,85.7918,0.8,False,
maw,maw,maw,,maw,maw,base,maw,,,death_undead_crypt,,"the mouth or jaws of a large animal, especially a predator",,jaws;mouth,,,125,118,5,BroadcastText;ItemNameDescription;ItemSparse;JournalEncounter;JournalEncounterSection,maw:125,44.8363,0.0,True,low_confidence
ghost,ghost,ghost,,ghost,ghost,base,ghost,,,death_undead_crypt,,"the spirit or soul of a dead person, especially one that is believed to continue existing after death",,spirit;soul;apparition,living;alive;breathing,,22,21,4,BroadcastText;ItemSparse;JournalEncounter;JournalEncounterSection,ghost:22,41.1355,0.8,False,
restless,restless,restless,,restless,restless,base,restless,,,death_undead_crypt,,"not able to rest or be still, especially because of anxiety or worry",,anxious;worried;uneasy,calm;peaceful;serene,,22,21,4,BroadcastText;ItemSparse;JournalEncounter;JournalEncounterSection,restless:22,41.1355,0.8,False,
captive,captive,captive,,captive,captive,base,captive,,,death_undead_crypt,,held prisoner or under control,,imprisoned;detained;confinement,free;liberated;released,,12,12,4,BroadcastText;ItemSparse;JournalEncounter;JournalEncounterSection,captive:12,40.5649,0.9,False,
crypt,crypt,crypt,,crypt,crypt,base,crypt,,,death_undead_crypt,,a place for storing or burying the dead,,tomb;mausoleum;sepulcher,living;alive;thriving,,12,11,4,BroadcastText;ItemSparse;JournalEncounter;JournalEncounterSection,crypt:12,40.5649,0.9,False,
lifebinder,lifebinder,lifebinder,,lifebinder,lifebinder,base,lifebinder,,,death_undead_crypt,,a person or thing that binds life,,soul;spirit;reanimated,lifeless;deadly,,11,7,1,JournalEncounterSection,lifebinder:11,34.4849,0.9,False,
wraith,wraith,wraith,,wraith,wraith,base,wraith,,,death_undead_crypt,,a ghostly or spectral being,,ghost;specter;apparition,living;corporeal,,7,7,1,JournalEncounterSection,wraith:7,34.0794,0.8,False,
life-binder,life-binder,life-binder,,life-binder,life-binder,compound,life-binder,,life-binder,death_undead_crypt,,a being that binds or controls life force,,life-force;soul-binding;spiritual,death-bringer;life-taker;soul-stealer,,9,9,3,BroadcastText;ItemSparse;JournalEncounter,life-binder:9,33.3026,0.9,False,
azjol-nerub,azjol-nerub,azjol-nerub,,azjol-nerub,azjol-nerub,compound,azjol-nerub,,azjol-nerub,death_undead_crypt,,a hidden empire of undead creatures,,empire;kingdom;realm,living;breathing;vibrant,,7,7,3,ItemSparse;JournalEncounter;JournalEncounterSection,azjol-nerub:7,33.0794,0.8,False,
time-lost,time-lost,time-lost,,time-lost,time-lost,compound,time-lost,,time-lost,death_undead_crypt,,a creature or object that has been lost in time,,lost;forgotten;abandoned,found;discovered;rediscovered,,6,6,3,ItemSparse;JournalEncounter;JournalEncounterSection,time-lost:6,32.9459,0.9,False,
storm-eater,storm-eater,storm-eater,,storm-eater,storm-eater,compound,storm-eater,,storm-eater,death_undead_crypt,,"Storm-Eater, death and undead",,razzageth;vault,,,3,3,3,BroadcastText;JournalEncounter;JournalEncounterSection,storm-eater:3,32.3863,1.0,False,
ji-kun,ji-kun,ji-kun,,ji-kun,ji-kun,compound,ji-kun,,ji-kun,death_undead_crypt,,"Ji-Kun, death and undead",,flesh-shapers;decay,,,27,23,2,JournalEncounter;JournalEncounterSection,ji-kun:27,32.3322,1.0,False,
yan-zhu,yan-zhu,yan-zhu,,yan-zhu,yan-zhu,compound,yan-zhu,,yan-zhu,death_undead_crypt,,"Yan-Zhu, death and undead",,uncasked;family brewery,,,14,13,2,JournalEncounter;JournalEncounterSection,yan-zhu:14,31.7081,1.0,False,
nerub-ar,nerub-ar,nerub-ar,,nerub-ar,nerub-ar,compound,nerub-ar,,nerub-ar,death_undead_crypt,,"Nerub-ar, death and undead",,Anub'arash;Thousand Scars,,,9,9,2,ItemSparse;JournalEncounter,nerub-ar:9,31.3026,1.0,False,
brood,brood,brood,,dragon,dragon,related_concept,brood,,,dragons_draconic,,a group of young dragons or a place where they live,,clutch;flight;wyrm,void;abyssal;eldritch,,55,51,4,BroadcastText;ItemSparse;JournalEncounter;JournalEncounterSection,brood:55,92.0254,0.7,True,low_confidence
clutch,clutch,clutch,,dragon,dragon,related_concept,clutch,,,dragons_draconic,,a group of young dragons or a place where they live,,brood;flight;wyrm,void;abyssal;eldritch,,16,16,4,BroadcastText;ItemSparse;JournalEncounter;JournalEncounterSection,clutch:16,90.8332,0.7,True,low_confidence
wyrm,wyrm,wyrm,,dragon,dragon,related_concept,wyrm,,,dragons_draconic,,"a large or powerful dragon, often used to describe a fearsome creature",,brood;clutch;flight,void;abyssal;eldritch,,22,22,3,ItemSparse;JournalEncounter;JournalEncounterSection,wyrm:22,89.1355,0.7,True,low_confidence
draconic,draconic,draconic,,dragon,dragon,related_concept,draconic,,,dragons_draconic,,relating to dragons or dragon-like creatures,,wyrm;drake,,,99,99,4,BroadcastText;ItemSparse;JournalEncounter;JournalEncounterSection,draconic:99,62.6052,0.7,True,low_confidence
drake,drake,drake,,dragon,dragon,related_concept,drake,,,dragons_draconic,,a young dragon,,wyrm;whelp;brood,,,70,69,4,BroadcastText;ItemSparse;JournalEncounter;JournalEncounterSection,drake:70,42.2627,1.0,False,
talon,talon,talon,,talon,talon,base,talon,,,dragons_draconic,,"a sharp, hooked claw or grasping appendage",,wyrm;whelp,,,47,43,4,BroadcastText;ItemSparse;JournalEncounter;JournalEncounterSection,talon:47,41.8712,1.0,False,
whelp,whelp,whelp,,dragon,dragon,related_concept,whelp,,,dragons_draconic,,"a young dragon or other reptile, typically one that is still in its early stages of development",,cub;pup;kit,,,29,25,4,BroadcastText;ItemSparse;JournalEncounter;JournalEncounterSection,whelp:29,41.4012,1.0,False,
tiger,tiger,tiger,,tiger,tiger,base,tiger,,,dragons_draconic,,"a large, carnivorous mammal with orange and black stripes, especially one that is native to Asia",,lion;leopard;cheetah,domesticated;tame;docile,,20,20,4,BroadcastText;ItemSparse;JournalEncounter;JournalEncounterSection,tiger:20,41.0445,0.8,False,
scaled,scal,scaled,,scal,scal,inflected_form,scaled,,,dragons_draconic,,"covered in scales, like a dragon's skin",,scales;dragon;skin,smooth;hairless,,5,5,2,ItemSparse;JournalEncounter,scaled:5,35.7918,0.8,False,
proto-drake,proto-drake,proto-drake,,proto-drake,proto-drake,compound,proto-drake,,proto-drake,dragons_draconic,,a young or immature dragon,,drake;wyrm;whelp,mature;full-grown,,20,20,3,ItemSparse;JournalEncounter;JournalEncounterSection,proto-drake:20,34.0445,0.9,False,
proto-dragon,proto-dragon,proto-dragon,,proto-dragon,proto-dragon,compound,proto-dragon,,proto-dragon,dragons_draconic,,a young or immature dragon,,drake;wyrm;whelp,mature;full-grown,,11,10,3,ItemSparse;JournalEncounter;JournalEncounterSection,proto-dragon:11,33.4849,0.9,False,
proto-drakes,proto-drake,proto-drakes,,proto-drake,proto-drake,compound,proto-drakes,,proto-drakes,dragons_draconic,,young or primitive dragons,,drake;wyrm;whelp,mature;fully-grown;adult,,5,5,3,ItemSparse;JournalEncounter;JournalEncounterSection,proto-drakes:5,32.7918,0.9,False,
multi-headed,multi-head,multi-headed,,multi-head,multi-head,compound,multi-headed,,multi-headed,dragons_draconic,,"having, consisting of multiple heads or parts",,multiple;many-headed,single;one-headed,,2,2,2,JournalEncounter;JournalEncounterSection,multi-headed:2,30.0986,0.7,True,low_confidence
mega-mecha,mega-mecha,mega-mecha,,mega-mecha,mega-mecha,compound,mega-mecha,,mega-mecha,dragons_draconic,,"a large, mechanical creature or robot",,mecha;robot;machine,small;organic,,7,7,1,ItemSparse,mega-mecha:7,29.0794,0.9,False,
mount-in-training,mount-in-train,mount-in-training,,mount-in-train,mount-in-train,compound,mount-in-training,,mount-in-training,dragons_draconic,,a creature or animal that is being trained to be a mount,,mount;creature;animal,fully-trained;experienced,,6,6,1,ItemSparse,mount-in-training:6,28.9459,0.7,True,low_confidence
wind-reaver,wind-reaver,wind-reaver,,wind-reaver,wind-reaver,compound,wind-reaver,,wind-reaver,dragons_draconic,,a being or entity that controls the wind,,wind;being;entity,calm;peaceful,,6,6,1,JournalEncounterSection,wind-reaver:6,28.9459,0.7,True,low_confidence
phase-hunter,phase-hunter,phase-hunter,,phase-hunter,phase-hunter,compound,phase-hunter,,phase-hunter,dragons_draconic,,a creature that hunts in different phases,,hunter;phases,,,5,5,1,JournalEncounterSection,phase-hunter:5,28.7918,0.8,False,
tempest,tempest,tempest,,tempest,tempest,base,tempest,,,elements_primalists,,"a violent storm or disturbance, especially in the air or water",,storm;disturbance;turmoil,calm;peaceful,,82,72,5,BroadcastText;ItemNameDescription;ItemSparse;JournalEncounter;JournalEncounterSection,tempest:82,44.4188,0.6,True,low_confidence
molten,molten,molten,,molten,molten,base,molten,,,elements_primalists,,"melted or changed from a solid to a liquid state, often in a way that is hot or fiery",,melted;liquid;hot,solid;cold,,264,211,4,ItemNameDescription;ItemSparse;JournalEncounter;JournalEncounterSection,molten:264,43.5797,0.0,True,low_confidence
ember,ember,ember,,ember,ember,base,ember,,,elements_primalists,,a glowing or smoldering piece of coal or wood,,glowing;smoldering;coal,extinguished;dead,,87,83,4,BroadcastText;ItemNameDescription;ItemSparse;JournalEncounterSection,ember:87,42.4773,0.1,True,low_confidence
scorched,scorch,scorched,,scorch,scorch,inflected_form,scorched,,,elements_primalists,,burned or charred by fire,,ember;smoldering,,,47,44,4,BroadcastText;ItemNameDescription;ItemSparse;JournalEncounterSection,scorched:47,41.8712,1.0,False,
tidal,tidal,tidal,,tidal,tidal,base,tidal,,,elements_primalists,,relating to or caused by the rise and fall of the sea level due to the gravitational pull of the moon,,oceanic;marine;coastal,,,38,36,4,BroadcastText;ItemNameDescription;ItemSparse;JournalEncounterSection,tidal:38,41.6636,1.0,False,
charred,charr,charred,,charr,charr,inflected_form,charred,,,elements_primalists,,"burned or scorched, typically by fire",,blackened;scorched;smoldering,,,33,29,4,ItemNameDescription;ItemSparse;JournalEncounter;JournalEncounterSection,charred:33,41.5264,1.0,False,
thundering,thunder,thundering,,thunder,thunder,inflected_form,thundering,,,elements_primalists,,"making a loud, rumbling noise, especially one that is caused by thunder or the sound of something heavy falling",,loud;noisy;booming,quiet;silent;still,,21,19,4,ItemNameDescription;ItemSparse;JournalEncounter;JournalEncounterSection,thundering:21,41.091,0.7,True,low_confidence
gale,gale,gale,,gale,gale,base,gale,,,elements_primalists,,"a strong wind, often in a way that is considered violent or destructive",,storm;hurricane;typhoon,calm;still;peaceful,,45,44,3,ItemSparse;JournalEncounter;JournalEncounterSection,gale:45,39.8286,0.9,False,
briny,briny,briny,,briny,briny,base,briny,,,elements_primalists,,"having a salty taste or smell, like the sea",,salty;sea-salt;oceanic,,,13,13,3,ItemSparse;JournalEncounter;JournalEncounterSection,briny:13,38.6391,1.0,False,
glacial,glacial,glacial,,glacial,glacial,base,glacial,,,elements_primalists,,relating to or resembling glaciers,,frosty;icy;cold,,,37,37,2,ItemSparse;JournalEncounterSection,glacial:37,37.6376,1.0,False,
stormforged,stormforg,stormforged,,stormforg,stormforg,inflected_form,stormforged,,,elements_primalists,,made or strengthened by the power of storms,,powerful;strong;resilient,,,15,15,2,ItemSparse;JournalEncounterSection,stormforged:15,36.7726,1.0,False,
multi-sided,multi-sid,multi-sided,,multi-sid,multi-sid,compound,multi-sided,,multi-sided,elements_primalists,,having multiple sides or aspects,,complex;multifaceted;nuanced,one-sided;simple;straightforward,,12,10,1,JournalEncounterSection,multi-sided:12,29.5649,0.8,False,
dread,dread,dread,,dread,dread,base,dread,,,emotion_morality,,a feeling of fear or apprehension,,fear;apprehension,,,115,102,5,BroadcastText;ItemNameDescription;ItemSparse;JournalEncounter;JournalEncounterSection,dread:115,44.7536,0.9,False,
hope,hope,hope,,hope,hope,base,hope,,,emotion_morality,,"a feeling or expectation of a positive outcome, often in a way that is optimistic or encouraging",,feeling;expectation;optimistic,despair;hopeless,,191,184,4,BroadcastText;ItemSparse;JournalEncounter;JournalEncounterSection,hope:191,43.2575,0.6,True,low_confidence
sorrow,sorrow,sorrow,,sorrow,sorrow,base,sorrow,,,emotion_morality,,"a feeling of sadness or regret, often in a way that is intense or overwhelming",,sadness;regret;intense,happiness;joy,,23,23,5,BroadcastText;ItemNameDescription;ItemSparse;JournalEncounter;JournalEncounterSection,sorrow:23,43.1781,0.5,True,low_confidence
fear,fear,fear,,fear,fear,base,fear,,,emotion_morality,,a feeling of anxiety or apprehension,,dread;anxiety;apprehension,courage;bravery,,176,165,4,BroadcastText;ItemSparse;JournalEncounter;JournalEncounterSection,fear:176,43.1761,0.9,False,
despair,despair,despair,,despair,despair,base,despair,,,emotion_morality,,a feeling of hopelessness or desperation,,grief;sorrow,,,65,52,4,BroadcastText;ItemSparse;JournalEncounter;JournalEncounterSection,despair:65,42.1897,1.0,False,
loyal,loyal,loyal,,loyal,loyal,base,loyal,,,emotion_morality,,"faithful or devoted to a person, cause, or organization",,noble;wicked,,,58,58,4,BroadcastText;ItemSparse;JournalEncounter;JournalEncounterSection,loyal:58,42.0775,1.0,False,
courage,courage,courage,,courage,courage,base,courage,,,emotion_morality,,the quality of being brave or strong in the face of danger,,fear;dread,,,56,53,4,BroadcastText;ItemSparse;JournalEncounter;JournalEncounterSection,courage:56,42.0431,1.0,False,
cruel,cruel,cruel,,cruel,cruel,base,cruel,,,emotion_morality,,"having or showing a lack of kindness, sympathy, or compassion",,harsh;severe;brutal,,,36,36,4,BroadcastText;ItemSparse;JournalEncounter;JournalEncounterSection,cruel:36,41.6109,1.0,False,
mercy,mercy,mercy,,mercy,mercy,base,mercy,,,emotion_morality,,kindness or compassion shown to someone who is suffering or in need,,pity;sympathy;compassion,,,33,33,4,BroadcastText;ItemNameDescription;ItemSparse;JournalEncounter,mercy:33,41.5264,1.0,False,
wicked,wick,wicked,,wick,wick,inflected_form,wicked,,,emotion_morality,,having or showing a strong desire to do something bad or wrong,,evil;malevolent;malicious,,,32,31,4,BroadcastText;ItemSparse;JournalEncounter;JournalEncounterSection,wicked:32,41.4965,1.0,False,
virtue,virtue,virtue,,virtue,virtue,base,virtue,,,emotion_morality,,"a good quality or behavior that is considered morally right, especially one that is admired or respected",,good;moral;righteous,vice;sin;evil,,16,14,4,BroadcastText;ItemSparse;JournalEncounter;JournalEncounterSection,virtue:16,40.8332,0.8,False,
grief,grief,grief,,grief,grief,base,grief,,,emotion_morality,,"a feeling of sadness or sorrow, especially one that is caused by the loss of someone or something important",,sadness;sorrow;mourning,happiness;joy;celebration,,15,15,4,BroadcastText;ItemSparse;JournalEncounter;JournalEncounterSection,grief:15,40.7726,0.7,True,low_confidence
redeemed,redeem,redeemed,,redeem,redeem,inflected_form,redeemed,,,emotion_morality,,"made or become better, especially after being bad or wrong",,saved;rescued;forgiven,,,14,14,3,BroadcastText;ItemSparse;JournalEncounterSection,redeemed:14,38.7081,1.0,False,
atonement,atonement,atonement,,atonement,atonement,base,atonement,,,emotion_morality,,the act of making amends or paying for a wrong or sin,,penance;reparation;amends,,,10,9,3,ItemSparse;JournalEncounter;JournalEncounterSection,atonement:10,38.3979,1.0,False,
devout,devout,devout,,devout,devout,base,devout,,,emotion_morality,,showing a strong and sincere devotion to a religion or cause,,pious;dedicated;zealous,,,10,10,3,ItemSparse;JournalEncounter;JournalEncounterSection,devout:10,38.3979,1.0,False,
mournful,mournful,mournful,,mournful,mournful,base,mournful,,,emotion_morality,,"showing or expressing sadness or sorrow, especially because of a loss or death",,sorrowful;gloomy;melancholy,,,7,7,3,BroadcastText;JournalEncounter;JournalEncounterSection,mournful:7,38.0794,1.0,False,
innocent,innocent,innocent,,innocent,innocent,base,innocent,,,emotion_morality,,free from guilt or blame,,guiltless;blameless;faultless,,,5,5,3,BroadcastText;ItemSparse;JournalEncounter,innocent:5,37.7918,1.0,False,
penitent,penitent,penitent,,penitent,penitent,base,penitent,,,emotion_morality,,feeling or expressing regret or remorse for something done wrong,,regret;remorse;wrong,proud;unrepentant,,3,3,2,ItemNameDescription;JournalEncounterSection,penitent:3,35.3863,0.8,False,
mourn,mourn,mourn,,mourn,mourn,base,mourn,,,emotion_morality,,"to feel or express sadness, often in response to loss",,grief;sorrow;bereavement,celebrate;rejoice,,4,4,1,BroadcastText,mourn:4,33.6094,0.9,False,
awe-inspiring,awe-inspir,awe-inspiring,,awe-inspir,awe-inspir,compound,awe-inspiring,,awe-inspiring,emotion_morality,,causing a feeling of wonder or amazement,,inspiring;impressive;remarkable,unimpressive;uninspiring;underwhelming,,8,8,3,BroadcastText;ItemSparse;JournalEncounter,awe-inspiring:8,33.1972,0.8,False,
self-preservation,self-preservation,self-preservation,,self-preservation,self-preservation,compound,self-preservation,,self-preservation,emotion_morality,,"preservation, protection of oneself or one's own interests",,preservation;protection,self-sacrifice;altruism,,2,2,2,BroadcastText;ItemSparse,self-preservation:2,30.0986,0.8,False,
mind-numbing,mind-numb,mind-numbing,,mind-numb,mind-numb,compound,mind-numbing,,mind-numbing,emotion_morality,,causing mental numbness,,numb;mental,,,5,5,1,JournalEncounterSection,mind-numbing:5,28.7918,0.9,False,
cross-eye,cross-eye,cross-eye,,cross-eye,cross-eye,compound,cross-eye,,cross-eye,emotion_morality,,a condition where one eye is crossed or misaligned,,eye;misaligned,,,4,4,1,JournalEncounterSection,cross-eye:4,28.6094,0.9,False,
mother,mother,mother,,mother,mother,base,mother,,,family_relationships,,a female parent or a person who is like a mother to someone,,parent;female;caregiver,father;male,,86,85,5,BroadcastText;ItemNameDescription;ItemSparse;JournalEncounter;JournalEncounterSection,mother:86,44.4659,0.8,False,
children,children,children,,children,children,base,children,,,family_relationships,,"young people, especially those who are not yet grown up",,young;youthful;juvenile,adult;mature,,73,69,4,BroadcastText;ItemSparse;JournalEncounter;JournalEncounterSection,children:73,42.3041,0.1,True,low_confidence
son,son,son,,son,son,base,son,,,family_relationships,,a male child or descendant,,child;father,,,53,51,4,BroadcastText;ItemSparse;JournalEncounter;JournalEncounterSection,son:53,41.989,1.0,False,
child,child,child,,child,child,base,child,,,family_relationships,,"a young person, especially one who is not yet an adult",,son;daughter,,,46,46,4,BroadcastText;ItemSparse;JournalEncounter;JournalEncounterSection,child:46,41.8501,1.0,False,
kin,kin,kin,,kin,kin,base,kin,,,family_relationships,,"a group of people related by blood or marriage, typically including parents, children, and siblings",,family;relatives;ancestors,,,36,34,4,BroadcastText;ItemSparse;JournalEncounter;JournalEncounterSection,kin:36,41.6109,1.0,False,
beloved,belov,beloved,,belov,belov,inflected_form,beloved,,,family_relationships,,"loved or cherished, typically by a person or group",,dear;cherished;adored,,,27,27,4,BroadcastText;ItemSparse;JournalEncounter;JournalEncounterSection,beloved:27,41.3322,1.0,False,
daughter,daughter,daughter,,daughter,daughter,base,daughter,,,family_relationships,,"a female child or a woman who is the child of someone, especially a man",,child;girl;woman,son;boy;man,,20,20,4,BroadcastText;ItemSparse;JournalEncounter;JournalEncounterSection,daughter:20,41.0445,0.9,False,
father,father,father,,father,father,base,father,,,family_relationships,,a male parent or ancestor,,parent;ancestor;male,mother;female;non-parent,,88,86,3,BroadcastText;ItemSparse;JournalEncounter,father:88,40.4886,0.8,False,
widow,widow,widow,,widow,widow,base,widow,,,family_relationships,,"a woman whose husband has died, often in a way that is considered tragic or unfortunate",,widower;bereaved;grieving,married;alive;thriving,,7,7,4,BroadcastText;ItemSparse;JournalEncounter;JournalEncounterSection,widow:7,40.0794,0.9,False,
husband,husband,husband,,husband,husband,base,husband,,,family_relationships,,"a man who is married to a woman, especially in a formal or legal sense",,spouse;partner;mate,,,8,8,3,BroadcastText;ItemSparse;JournalEncounter,husband:8,38.1972,1.0,False,
wife,wife,wife,,wife,wife,base,wife,,,family_relationships,,a woman who is married to a man,,married;woman;husband,single;unattached,,6,6,2,BroadcastText;JournalEncounter,wife:6,35.9459,0.8,False,
bloodline,bloodline,bloodline,,bloodline,bloodline,base,bloodline,,,family_relationships,,"a line of descent or ancestry, often used to describe a noble or aristocratic family",,descent;ancestry;noble,common;ordinary,,2,2,2,BroadcastText;JournalEncounter,bloodline:2,35.0986,0.9,False,
lineage,lineage,lineage,,lineage,lineage,base,lineage,,,family_relationships,,"a line of descent or ancestry, often used to describe a noble or aristocratic family",,descent;ancestry;noble,common;ordinary,,2,2,2,BroadcastText;JournalEncounterSection,lineage:2,35.0986,0.8,False,
descendant,descendant,descendant,,descendant,descendant,base,descendant,,,family_relationships,,a person or thing that comes from a previous generation,,heir;inheritor;successor,ancestor;predecessor;forebear,,2,2,1,JournalEncounter,descendant:2,33.0986,0.8,False,
married,marry,married,,marry,marry,inflected_form,married,,,family_relationships,,joined in a union of husband and wife,,wedded;spoused;united,single;unmarried;celibate,,1,1,1,ItemSparse,married:1,32.6931,0.9,False,
spouse,spouse,spouse,,spouse,spouse,base,spouse,,,family_relationships,,a person's partner in marriage or a similar relationship,,husband;wife;partner,single;unmarried;celibate,,1,1,1,JournalEncounterSection,spouse:1,32.6931,0.8,False,
like-minded,like-mind,like-minded,,like-mind,like-mind,compound,like-minded,,like-minded,family_relationships,,"Like-minded individuals, family and relationships",,sethrak;opponents,,,3,3,3,BroadcastText;ItemSparse;JournalEncounter,like-minded:3,32.3863,1.0,False,
one-armed,one-arm,one-armed,,one-arm,one-arm,compound,one-armed,,one-armed,family_relationships,,"One-Armed Bandit, family and relationships",,slot machine;Gallywix's casino,,,10,6,2,JournalEncounter;JournalEncounterSection,one-armed:10,31.3979,1.0,False,
kin-tara,kin-tara,kin-tara,,kin-tara,kin-tara,compound,kin-tara,,kin-tara,family_relationships,,"Kin-Tara, family and relationships",,kyrian aspirants;Forsworn,,,9,7,2,JournalEncounter;JournalEncounterSection,kin-tara:9,31.3026,1.0,False,
ook-ook,ook-ook,ook-ook,,ook-ook,ook-ook,compound,ook-ook,,ook-ook,family_relationships,,"Ook-Ook, family and relationships",,hozen;raucous,,,7,6,2,JournalEncounter;JournalEncounterSection,ook-ook:7,31.0794,1.0,False,
well-known,well-known,well-known,,well-known,well-known,compound,well-known,,well-known,family_relationships,,widely recognized or famous,,know;famous;recognize,,,5,5,2,ItemSparse;JournalEncounter,well-known:5,30.7918,0.9,False,
ana-mouz,ana-mouz,ana-mouz,,ana-mouz,ana-mouz,compound,ana-mouz,,ana-mouz,family_relationships,,"a person or character, possibly a reference to a specific individual",,person;character;reference,,,3,3,2,JournalEncounter;JournalEncounterSection,ana-mouz:3,30.3863,0.7,True,low_confidence
face-to-face,face-to-face,face-to-face,,face-to-face,face-to-face,compound,face-to-face,,face-to-face,family_relationships,,"in person, directly facing or interacting with someone",,person;directly;interact,,,3,3,2,BroadcastText;JournalEncounterSection,face-to-face:3,30.3863,0.9,False,
nexus-princess,nexus-princess,nexus-princess,,nexus-princess,nexus-princess,compound,nexus-princess,,nexus-princess,family_relationships,,"a person or character, possibly a reference to a specific individual",,person;character;reference,,,3,3,2,ItemSparse;JournalEncounter,nexus-princess:3,30.3863,0.7,True,low_confidence
once-proud,once-proud,once-proud,,once-proud,once-proud,compound,once-proud,,once-proud,family_relationships,,"something or someone that was once proud, but is no longer so",,proud;no longer;past,,,3,3,2,BroadcastText;JournalEncounter,once-proud:3,30.3863,0.9,False,
three-person,three-person,three-person,,three-person,three-person,compound,three-person,,three-person,family_relationships,,involving or consisting of three people,,trio;group;team,single;individual;private,,9,9,1,ItemSparse,three-person:9,29.3026,0.8,False,
forged,forg,forged,,forg,forg,inflected_form,forged,,,forge_weapons_armor,,having been made or created through a process of heating and shaping metal,,made;created;manufactured,natural;unprocessed,,136,136,4,BroadcastText;ItemSparse;JournalEncounter;JournalEncounterSection,forged:136,42.92,0.1,True,low_confidence
gilded,gild,gilded,,gild,gild,inflected_form,gilded,,,forge_weapons_armor,,"covered or decorated with a thin layer of gold, especially in a way that is considered luxurious or expensive",,golden;ornate;adorned,plain;simple;unadorned,,22,22,4,BroadcastText;ItemSparse;JournalEncounter;JournalEncounterSection,gilded:22,41.1355,0.7,True,low_confidence
honed,hon,honed,,hon,hon,inflected_form,honed,,,forge_weapons_armor,,made sharp or more effective through practice or experience,,sharpened;refined;polished,dull;blunt;unrefined,,11,11,4,BroadcastText;ItemSparse;JournalEncounter;JournalEncounterSection,honed:11,40.4849,0.8,False,
reinforced,reinforc,reinforced,,reinforc,reinforc,inflected_form,reinforced,,,forge_weapons_armor,,"made stronger or more secure through the addition of something, often in a way that is considered protective or defensive",,strengthened;fortified;secured,weakened;unreinforced;vulnerable,,39,38,3,ItemSparse;JournalEncounter;JournalEncounterSection,reinforced:39,39.6889,0.9,False,
fang,fang,fang,,fang,fang,base,fang,,,forge_weapons_armor,,"a sharp, pointed tooth or projection on an animal's jaw",,tooth;projection;sharpness,,,31,29,3,ItemSparse;JournalEncounter;JournalEncounterSection,fang:31,39.4657,1.0,False,
tempered,temper,tempered,,temper,temper,inflected_form,tempered,,,forge_weapons_armor,,made stronger or more resistant by heat treatment,,strengthened;hardened;alloyed,,,23,23,3,BroadcastText;ItemSparse;JournalEncounterSection,tempered:23,39.1781,1.0,False,
shredder,shredder,shredder,,shredder,shredder,base,shredder,,,forge_weapons_armor,,a machine that cuts or tears things into small pieces,,grinder;crusher;masher,,,13,12,3,ItemSparse;JournalEncounter;JournalEncounterSection,shredder:13,38.6391,1.0,False,
engraved,engrav,engraved,,engrav,engrav,inflected_form,engraved,,,forge_weapons_armor,,"cut or carved into a surface, especially in a decorative way",,inscribed;carved;etched,,,63,63,2,ItemNameDescription;ItemSparse,engraved:63,38.1589,1.0,False,
jagged,jagg,jagged,,jagg,jagg,inflected_form,jagged,,,forge_weapons_armor,,having a rough or irregular edge,,rough;irregular;uneven,,,50,50,2,ItemSparse;JournalEncounterSection,jagged:50,37.9318,1.0,False,
serrated,serrate,serrated,,serrate,serrate,inflected_form,serrated,,,forge_weapons_armor,,having a saw-like edge or surface,,saw-like;edge;surface,,,14,13,2,ItemSparse;JournalEncounterSection,serrated:14,36.7081,1.0,False,
etched,etch,etched,,etch,etch,inflected_form,etched,,,forge_weapons_armor,,marked or inscribed with a design or pattern,,marked;inscribed;engraved,,,90,90,1,ItemSparse,etched:90,36.5109,1.0,False,
alloy,alloy,alloy,,alloy,alloy,base,alloy,,,forge_weapons_armor,,a mixture of metals,,metal;mixture;blend,pure;single,,10,10,2,ItemSparse;JournalEncounterSection,alloy:10,36.3979,0.9,False,
fuse,fuse,fuse,,fuse,fuse,base,fuse,,,forge_weapons_armor,,a device that ignites a fire or explosion,,ignite;explode;detonate,douse;extinguish,,8,8,2,ItemSparse;JournalEncounterSection,fuse:8,36.1972,0.8,False,
inlaid,inlaid,inlaid,,inlaid,inlaid,base,inlaid,,,forge_weapons_armor,,decorated with a pattern or design,,engraved;etched;ornate,plain;unadorned,,10,10,1,ItemSparse,inlaid:10,34.3979,0.7,True,low_confidence
ingot,ingot,ingot,,ingot,ingot,base,ingot,,,forge_weapons_armor,,"a bar or block of metal, often used for crafting",,metal;ore;alloy,raw;unprocessed,,5,5,1,ItemSparse,ingot:5,33.7918,0.9,False,
studded,studd,studded,,studd,studd,inflected_form,studded,,,forge_weapons_armor,,having or covered with studs,,decorated;adorned;embellished,plain;unadorned;undecorated,,3,3,1,ItemSparse,studded:3,33.3863,0.9,False,
razor-sharp,razor-sharp,razor-sharp,,razor-sharp,razor-sharp,compound,razor-sharp,,razor-sharp,forge_weapons_armor,,"Razor-sharp, forge and weapons",,arokoa spear;metal,,,9,9,2,ItemSparse;JournalEncounter,razor-sharp:9,31.3026,1.0,False,
two-handed,two-hand,two-handed,,two-hand,two-hand,compound,two-handed,,two-handed,forge_weapons_armor,,"Two-Handed, forge and weapons",,weapon;enchantment,,,7,7,2,ItemSparse;JournalEncounterSection,two-handed:7,31.0794,1.0,False,
well-worn,well-worn,well-worn,,well-worn,well-worn,compound,well-worn,,well-worn,forge_weapons_armor,,"worn or used many times, often to the point of being worn out",,wear;use;worn,,,35,35,1,ItemSparse,well-worn:35,30.5835,0.9,False,
gem-encrusted,gem-encrust,gem-encrusted,,gem-encrust,gem-encrust,compound,gem-encrusted,,gem-encrusted,forge_weapons_armor,,"adorned, decorated with gems or precious stones",,encrusted;adorned,plain;unadorned,,2,2,2,ItemSparse;JournalEncounter,gem-encrusted:2,30.0986,0.8,False,
well-armed,well-arm,well-armed,,well-arm,well-arm,compound,well-armed,,well-armed,forge_weapons_armor,,having a lot of weapons or armor,,equipped;prepared;defended,unarmed;defenseless;vulnerable,,2,2,2,ItemSparse;JournalEncounter,well-armed:2,30.0986,0.7,True,low_confidence
multi-shot,multi-shot,multi-shot,,multi-shot,multi-shot,compound,multi-shot,,multi-shot,forge_weapons_armor,,capable of firing or releasing multiple shots,,repeating;automatic;bursting,single-shot;manual;sequential,,9,9,1,JournalEncounterSection,multi-shot:9,29.3026,0.8,False,
large-barreled,large-barrel,large-barreled,,large-barrel,large-barrel,compound,large-barreled,,large-barreled,forge_weapons_armor,,having a large barrel or container,,barrel;container;weapon,small;compact,,6,6,1,ItemSparse,large-barreled:6,28.9459,0.8,False,
magma-thrower,magma-thrower,magma-thrower,,magma-thrower,magma-thrower,compound,magma-thrower,,magma-thrower,forge_weapons_armor,,a device or tool that throws magma,,magma;device;tool,cold;frozen,,6,6,1,JournalEncounterSection,magma-thrower:6,28.9459,0.8,False,
buzz-saw,buzz-saw,buzz-saw,,buzz-saw,buzz-saw,compound,buzz-saw,,buzz-saw,forge_weapons_armor,,a tool or device that makes a buzzing sound while cutting,,saw;tool;device,silent;quiet,,5,3,1,JournalEncounterSection,buzz-saw:5,28.7918,0.7,True,low_confidence
leather-bound,leather-bound,leather-bound,,leather-bound,leather-bound,compound,leather-bound,,leather-bound,forge_weapons_armor,,bound with leather,,leather;bound,,,5,5,1,ItemSparse,leather-bound:5,28.7918,0.9,False,
pocket-sized,pocket-siz,pocket-sized,,pocket-siz,pocket-siz,compound,pocket-sized,,pocket-sized,forge_weapons_armor,,small enough to fit in a pocket,,pocket;size,,,5,5,1,ItemSparse,pocket-sized:5,28.7918,0.9,False,
disc-shaped,disc-shap,disc-shaped,,disc-shap,disc-shap,compound,disc-shaped,,disc-shaped,forge_weapons_armor,,having a disc-like shape,,shape;disc,,,4,4,1,ItemSparse,disc-shaped:4,28.6094,0.9,False,
volatile,volatile,volatile,,volatile,volatile,base,volatile,,,goblin_engineering_alchemy,,"liable to change or explode suddenly, unstable",,overcharged;blasted;detonated,stable;calm;peaceful,,130,112,3,ItemSparse;JournalEncounter;JournalEncounterSection,volatile:130,90.8752,0.9,False,
overcharged,overcharg,overcharged,,overcharg,overcharg,inflected_form,overcharged,,,goblin_engineering_alchemy,,"filled or loaded with too much of something, often to the point of being unstable or explosive",,volatile;blasted;detonated,stable;calm;peaceful,,27,23,2,ItemSparse;JournalEncounterSection,overcharged:27,87.3322,0.9,False,
brew,brew,brew,,brew,brew,base,brew,,,goblin_engineering_alchemy,,"to prepare or mix a liquid substance, especially for medicinal or magical purposes",,mix;prepare,,,125,110,5,BroadcastText;ItemNameDescription;ItemSparse;JournalEncounter;JournalEncounterSection,brew:125,44.8363,0.1,True,low_confidence
scrap,scrap,scrap,,scrap,scrap,base,scrap,,,goblin_engineering_alchemy,,"a small piece of something, often discarded or worthless",,gizmo;gadget,,,47,45,4,BroadcastText;ItemSparse;JournalEncounter;JournalEncounterSection,scrap:47,41.8712,1.0,False,
blasting,blast,blasting,,blast,blast,inflected_form,blasting,,,goblin_engineering_alchemy,,causing something to explode or break apart with force,,explosion;blast;shattering,,,18,18,3,BroadcastText;ItemSparse;JournalEncounterSection,blasting:18,38.9444,1.0,False,
coil,coil,coil,,coil,coil,base,coil,,,goblin_engineering_alchemy,,"a spiral or curved shape, especially one made from a rope or wire",,spiral;curved;twisted,,,17,17,3,ItemNameDescription;ItemSparse;JournalEncounterSection,coil:17,38.8904,1.0,False,
rocket,rocket,rocket,,rocket,rocket,base,rocket,,,goblin_engineering_alchemy,,a vehicle that travels through the air using a rocket engine,,vehicle;engine;propulsion,,,35,34,2,ItemSparse;JournalEncounterSection,rocket:35,37.5835,1.0,False,
gizmo,gizmo,gizmo,,gizmo,gizmo,base,gizmo,,,goblin_engineering_alchemy,,"a small, intricate device or gadget",,device;gadget;intricate,large;complex,,5,5,2,BroadcastText;ItemSparse,gizmo:5,35.7918,0.9,False,
rigged,rigg,rigged,,rigg,rigg,inflected_form,rigged,,,goblin_engineering_alchemy,,prepared or set up in a way that is likely to fail or cause problems,,prepare;set up;fail,stable;reliable,,3,3,2,ItemSparse;JournalEncounterSection,rigged:3,35.3863,0.9,False,
gadget,gadget,gadget,,gadget,gadget,base,gadget,,,goblin_engineering_alchemy,,a device or tool used for a specific purpose,,device;tool;machine,primitive;unsophisticated,,5,5,1,ItemSparse,gadget:5,33.7918,0.8,False,
booster,booster,booster,,booster,booster,base,booster,,,goblin_engineering_alchemy,,a device or substance that increases power or speed,,accelerator;enhancer;amplifier,brake;inhibitor;depressor,,2,2,1,ItemSparse,booster:2,33.0986,0.9,False,
detonator,detonator,detonator,,detonator,detonator,base,detonator,,,goblin_engineering_alchemy,,a device that causes an explosion or detonation,,explosive;bomb;mine,non-explosive;safe;stable,,1,1,1,ItemSparse,detonator:1,32.6931,0.8,False,
coin-operated,coin-operate,coin-operated,,coin-operate,coin-operate,compound,coin-operated,,coin-operated,goblin_engineering_alchemy,,"Coin-operated machine, goblin engineering",,crowd pummeler;machine,,,4,4,3,ItemSparse;JournalEncounter;JournalEncounterSection,coin-operated:4,32.6094,1.0,False,
non-engineers,non-engineer,non-engineers,,non-engineer,non-engineer,compound,non-engineers,,non-engineers,goblin_engineering_alchemy,,people who are not engineers,,laymen;amateurs;novices,engineers;experts;professionals,,16,16,1,ItemSparse,non-engineers:16,29.8332,0.8,False,
ez-thro,ez-thro,ez-thro,,ez-thro,ez-thro,compound,ez-thro,,ez-thro,goblin_engineering_alchemy,,a type of dynamite or explosive device,,dynamite;explosive;blast,non-explosive;safe;stable,,10,10,1,ItemSparse,ez-thro:10,29.3979,0.7,True,low_confidence
a-n,a-n,a-n,,a-n,a-n,compound,a-n,,a-n,goblin_engineering_alchemy,,an abbreviation or code word,,abbreviation;code,,,4,4,1,ItemSparse,a-n:4,28.6094,0.9,False,
boom-o-matic,boom-o-matic,boom-o-matic,,boom-o-matic,boom-o-matic,compound,boom-o-matic,,boom-o-matic,goblin_engineering_alchemy,,a device or machine that produces a loud noise,,device;machine;noise,,,4,2,1,ItemSparse,boom-o-matic:4,28.6094,0.8,False,
high-propulsion,high-propulsion,high-propulsion,,high-propulsion,high-propulsion,compound,high-propulsion,,high-propulsion,goblin_engineering_alchemy,,having a high level of propulsion or speed,,propulsion;speed,,,4,4,1,ItemSparse,high-propulsion:4,28.6094,0.8,False,
m-a-l,m-a-l,m-a-l,,m-a-l,m-a-l,compound,m-a-l,,m-a-l,goblin_engineering_alchemy,,an abbreviation or code word,,abbreviation;code,,,4,4,1,ItemSparse,m-a-l:4,28.6094,0.9,False,
radiant,radiant,radiant,,radiant,radiant,base,radiant,,,holy / hallow / hallowed / sacred / consecrated,,"shining or glowing with light, especially a divine or magical light",,glowing;shining,,,105,99,5,BroadcastText;ItemNameDescription;ItemSparse;JournalEncounter;JournalEncounterSection,radiant:105,44.6634,0.6,True,low_confidence
sacred,sacr,sacred,,sacr,sacr,inflected_form,sacred,,,holy / hallow / hallowed / sacred / consecrated,,considered or treated as holy or worthy of reverence,,holy;revered;respected,profane;unholy,,88,85,4,BroadcastText;ItemSparse;JournalEncounter;JournalEncounterSection,sacred:88,42.4886,0.1,True,low_confidence
blessed,bless,blessed,,bless,bless,inflected_form,blessed,,,holy / hallow / hallowed / sacred / consecrated,,considered or declared to be holy or sacred,,sanctified;consecrated;venerated,cursed;damned;unholy,,66,66,3,BroadcastText;ItemSparse;JournalEncounterSection,blessed:66,40.2047,0.8,False,
trial,trial,trial,,trial,trial,base,trial,,,law_oath_crime,,"a test or examination of someone's abilities, knowledge, or character",,test;examination;evaluation,ease;comfort,,56,50,5,BroadcastText;ItemNameDescription;ItemSparse;JournalEncounter;JournalEncounterSection,trial:56,44.0431,0.0,True,low_confidence
banished,banish,banished,,banish,banish,inflected_form,banished,,,law_oath_crime,,"officially excluded or expelled from a place, typically as a punishment",,exiled;outcast;estranged,,,31,29,4,BroadcastText;ItemSparse;JournalEncounter;JournalEncounterSection,banished:31,41.4657,1.0,False,
oath,oath,oath,,oath,oath,base,oath,,,law_oath_crime,,"a promise or vow, typically one that is sworn on a sacred object or in the presence of a higher power",,vow;promise;pledge,,,31,30,4,BroadcastText;ItemNameDescription;ItemSparse;JournalEncounterSection,oath:31,41.4657,1.0,False,
judgment,judgment,judgment,,judgment,judgment,base,judgment,,,law_oath_crime,,"the act of making a decision or giving an opinion about something, especially one that is considered important or serious",,decision;opinion;verdict,mercy;compassion;forgiveness,,17,17,4,BroadcastText;ItemNameDescription;ItemSparse;JournalEncounterSection,judgment:17,40.8904,0.9,False,
prisoner,prisoner,prisoner,,prisoner,prisoner,base,prisoner,,,law_oath_crime,,"a person who is being held in a prison or jail, especially one that is considered to be innocent or unjustly treated",,captain;detainee;imprisoned,free;liberated;released,,15,14,4,BroadcastText;ItemSparse;JournalEncounter;JournalEncounterSection,prisoner:15,40.7726,0.8,False,
absolution,absolution,absolution,,absolution,absolution,base,absolution,,,law_oath_crime,,"forgiveness or pardon, especially for a sin or wrongdoing",,pardon;forgiveness;mercy,guilt;shame;punishment,,11,11,4,BroadcastText;ItemSparse;JournalEncounter;JournalEncounterSection,absolution:11,40.4849,0.9,False,
sentence,sentence,sentence,,sentence,sentence,base,sentence,,,law_oath_crime,,a statement or phrase expressing a judgment or decision,,judgment;decision;verdict,acquittal;pardon;mercy,,9,9,4,BroadcastText;ItemNameDescription;ItemSparse;JournalEncounterSection,sentence:9,40.3026,0.9,False,
punish,punish,punish,,punish,punish,base,punish,,,law_oath_crime,,to inflict a penalty or punishment on someone,,penalize;discipline;reprimand,reward;praise;commend,,8,8,4,BroadcastText;ItemSparse;JournalEncounter;JournalEncounterSection,punish:8,40.1972,0.8,False,
justice,justice,justice,,justice,justice,base,justice,,,law_oath_crime,,fairness or righteousness in a society,,fairness;righteousness;morality,injustice;tyranny,,36,36,3,BroadcastText;ItemSparse;JournalEncounterSection,justice:36,39.6109,1.0,False,
betrayal,betrayal,betrayal,,betrayal,betrayal,base,betrayal,,,law_oath_crime,,the act of betraying or deceiving someone,,deceit;treachery;disloyalty,,,28,27,3,BroadcastText;ItemSparse;JournalEncounter,betrayal:28,39.3673,1.0,False,
traitor,traitor,traitor,,traitor,traitor,base,traitor,,,law_oath_crime,,"a person who betrays their country, organization, or group",,betrayer;defector;renegade,,,20,20,3,BroadcastText;ItemSparse;JournalEncounter,traitor:20,39.0445,1.0,False,
ordered,order,ordered,,order,order,inflected_form,ordered,,,law_oath_crime,,given instructions or commands to do something,,command;instruction;directive,,,15,15,3,BroadcastText;ItemSparse;JournalEncounter,ordered:15,38.7726,1.0,False,
sworn,sworn,sworn,,sworn,sworn,base,sworn,,,law_oath_crime,,"given a promise or oath, especially in a formal way",,vowed;pledged;promised,,,12,12,3,BroadcastText;ItemSparse;JournalEncounter,sworn:12,38.5649,1.0,False,
condemned,condemn,condemned,,condemn,condemn,inflected_form,condemned,,,law_oath_crime,,officially declared to be guilty or punishable,,guilty;punishable;culpable,,,5,5,3,BroadcastText;ItemSparse;JournalEncounter,condemned:5,37.7918,1.0,False,
exiled,exile,exiled,,exile,exile,inflected_form,exiled,,,law_oath_crime,,forced to leave one's country or home,,banished;outcast;estranged,,,5,5,3,BroadcastText;ItemSparse;JournalEncounter,exiled:5,37.7918,1.0,False,
crime,crime,crime,,crime,crime,base,crime,,,law_oath_crime,,an act or omission that constitutes an offense against the law,,offense;transgression;violation,,,4,4,3,BroadcastText;ItemSparse;JournalEncounter,crime:4,37.6094,1.0,False,
vow,vow,vow,,vow,vow,base,vow,,,law_oath_crime,,a promise or pledge to do something,,oath;pledge;promise,betrayal;deceit;treachery,,3,3,1,BroadcastText,vow:3,33.3863,0.7,True,low_confidence
guilty,guilty,guilty,,guilty,guilty,base,guilty,,,law_oath_crime,,having committed a crime or offense,,culpable;responsible;accountable,innocent;blameless;exonerated,,1,1,1,JournalEncounter,guilty:1,32.6931,0.8,False,
self-destruct,self-destruct,self-destruct,,self-destruct,self-destruct,compound,self-destruct,,self-destruct,law_oath_crime,,"Self-Destruct, law and crime",,sequence;ship,,,8,8,2,BroadcastText;JournalEncounterSection,self-destruct:8,31.1972,1.0,False,
oath-bound,oath-bound,oath-bound,,oath-bound,oath-bound,compound,oath-bound,,oath-bound,law_oath_crime,,bound or obligated by a promise or oath,,promise;obligated;bound,,,3,3,2,BroadcastText;JournalEncounterSection,oath-bound:3,30.3863,0.9,False,
oath-breakers,oath-breaker,oath-breakers,,oath-breaker,oath-breaker,compound,oath-breakers,,oath-breakers,law_oath_crime,,people who break or violate a promise or oath,,promise;violate;break,,,3,3,2,BroadcastText;JournalEncounterSection,oath-breakers:3,30.3863,0.8,False,
closely-guarded,closely-guard,closely-guarded,,closely-guard,closely-guard,compound,closely-guarded,,closely-guarded,law_oath_crime,,"protected, defended from harm or danger",,guarded;protected,exposed;vulnerable,,2,2,2,ItemSparse;JournalEncounter,closely-guarded:2,30.0986,0.7,True,low_confidence
hallowed,hallow,hallowed,,hallow,hallow,related_concept,hallowed,,,light_holy,,"considered sacred or holy, revered",,consecrated;sanctified;blessed,profane;blasphemous;unholy,,6,6,4,BroadcastText;ItemSparse;JournalEncounter;JournalEncounterSection,hallowed:6,119.9459,0.9,False,
consecrated,consecrate,consecrated,,consecrate,consecrate,inflected_form,consecrated,,,light_holy,,"dedicated or set apart for a sacred purpose, often used to describe a place or object that is considered holy",,hallowed;sanctified;blessed,profane;blasphemous;unholy,,7,6,2,ItemSparse;JournalEncounterSection,consecrated:7,86.0794,0.9,False,
sanctified,sanctify,sanctified,,sanctify,sanctify,inflected_form,sanctified,,,light_holy,,"made or considered holy, often used to describe a place or object that is dedicated to a sacred purpose",,hallowed;consecrated;blessed,profane;blasphemous;unholy,,4,4,2,ItemSparse;JournalEncounterSection,sanctified:4,85.6094,0.9,False,
righteous,righteou,righteous,,righteou,righteou,inflected_form,righteous,,,light_holy,,"just and fair, especially in a way that is considered morally good",,good;virtuous;noble,wicked;evil;cruel,,25,24,4,BroadcastText;ItemNameDescription;ItemSparse;JournalEncounterSection,righteous:25,41.2581,0.9,False,
redemption,redemption,redemption,,redemption,redemption,base,redemption,,,light_holy,,"the act of being forgiven or saved from a bad situation, especially one that is considered morally wrong",,forgiveness;salvation;atonement,punishment;penalty;retribution,,16,15,4,BroadcastText;ItemSparse;JournalEncounter;JournalEncounterSection,redemption:16,40.8332,0.9,False,
ancestor,ancestor,ancestor,,ancestor,ancestor,base,ancestor,,,light_holy,,a person from whom one is descended,,family;kin;bloodline,,,6,6,3,BroadcastText;ItemSparse;JournalEncounter,ancestor:6,37.9459,1.0,False,
whispering,whisper,whispering,,whisper,whisper,inflected_form,whispering,,,light_holy,,making soft murmuring sounds,,hushed;murmur;gentle,loud;boisterous,,11,11,2,BroadcastText;ItemSparse,whispering:11,36.4849,0.8,False,
hallow,hallow,hallow,,hallow,hallow,base,hallow,,,light_holy,,to make or declare something sacred,,bless;sanctify;consecrate,profane;desecrate,,10,10,1,ItemSparse,hallow:10,34.3979,0.8,False,
resplendent,resplendent,resplendent,,resplendent,resplendent,base,resplendent,,,light_holy,,shining brightly and beautifully,,radiant;glowing;luminous,dull;dim,,10,10,1,ItemSparse,resplendent:10,34.3979,0.9,False,
would-be,would-be,would-be,,would-be,would-be,compound,would-be,,would-be,light_holy,,intending to be or do something,,potential;aspiring;ambitious,unwilling;reluctant;averse,,11,11,3,ItemSparse;JournalEncounter;JournalEncounterSection,would-be:11,33.4849,0.8,False,
infused,infuse,infused,,infuse,infuse,inflected_form,infused,,,magic_artifacts_runes,,filled or impregnated with a particular quality or substance,,imbued;attuned;enchanted,unholy;profane;corrupted,,177,168,5,BroadcastText;ItemNameDescription;ItemSparse;JournalEncounter;JournalEncounterSection,infused:177,95.1818,0.9,False,
imbued,imbue,imbued,,imbue,imbue,inflected_form,imbued,,,magic_artifacts_runes,,filled or impregnated with a particular quality or substance,,infused;attuned;enchanted,unholy;profane;corrupted,,154,154,4,BroadcastText;ItemSparse;JournalEncounter;JournalEncounterSection,imbued:154,93.0434,0.9,False,
attuned,attun,attuned,,attun,attun,inflected_form,attuned,,,magic_artifacts_runes,,adjusted or tuned to a particular frequency or quality,,infused;imbued;enchanted,unholy;profane;corrupted,,22,22,3,BroadcastText;ItemSparse;JournalEncounterSection,attuned:22,89.1355,0.9,False,
warded,ward,warded,,ward,ward,inflected_form,warded,,,magic_artifacts_runes,,protected or defended against magic,,shield;charm,,,1,1,1,BroadcastText,warded:1,82.6931,0.8,False,
empowered,empower,empowered,,empower,empower,inflected_form,empowered,,,magic_artifacts_runes,,given or having power or authority,,abled;enabled,,,173,166,5,BroadcastText;ItemNameDescription;ItemSparse;JournalEncounter;JournalEncounterSection,empowered:173,45.1591,0.6,True,low_confidence
shard,shard,shard,,shard,shard,base,shard,,,magic_artifacts_runes,,"a small piece or fragment of something, especially a magical object",,piece;fragment,,,111,104,5,BroadcastText;ItemNameDescription;ItemSparse;JournalEncounter;JournalEncounterSection,shard:111,44.7185,0.8,False,
bound,bound,bound,,bound,bound,base,bound,,,magic_artifacts_runes,,"restricted or limited in some way, especially by magic or a spell",,limited;restricted,,,110,110,5,BroadcastText;ItemNameDescription;ItemSparse;JournalEncounter;JournalEncounterSection,bound:110,44.7095,0.7,True,low_confidence
crystal,crystal,crystal,,crystal,crystal,base,crystal,,,magic_artifacts_runes,,"a solid, transparent or translucent substance that is often used in jewelry or decorative objects",,solid;transparent;decorative,opaque; dull,,313,289,4,BroadcastText;ItemSparse;JournalEncounter;JournalEncounterSection,crystal:313,43.7494,0.4,True,low_confidence
rune,rune,rune,,rune,rune,base,rune,,,magic_artifacts_runes,,"a symbol or character that is used in magic or writing, often with special powers or meanings",,symbol;character;magic,ordinary; meaningless,,301,267,4,BroadcastText;ItemNameDescription;ItemSparse;JournalEncounterSection,rune:301,43.7104,0.2,True,low_confidence
enchanted,enchant,enchanted,,enchant,enchant,inflected_form,enchanted,,,magic_artifacts_runes,,having been given magical powers or qualities,,magical;mystical;supernatural,ordinary;mundane,,145,142,4,BroadcastText;ItemSparse;JournalEncounter;JournalEncounterSection,enchanted:145,42.9836,0.3,True,low_confidence
font,font,font,,font,font,base,font,,,magic_artifacts_runes,,a source of power or inspiration,,cauldron;elemental fire,,,70,69,4,BroadcastText;ItemSparse;JournalEncounter;JournalEncounterSection,font:70,42.2627,1.0,False,
conduit,conduit,conduit,,conduit,conduit,base,conduit,,,magic_artifacts_runes,,a channel or passage for energy or power,,elemental conduit,,,66,48,4,ItemNameDescription;ItemSparse;JournalEncounter;JournalEncounterSection,conduit:66,42.2047,1.0,False,
orb,orb,orb,,orb,orb,base,orb,,,magic_artifacts_runes,,"a spherical object, especially one that is used as a tool or talisman in magic or spiritual practices",,sphere;ball;globe,flat;two-dimensional;linear,,168,155,3,BroadcastText;ItemSparse;JournalEncounterSection,orb:168,41.1299,0.9,False,
tome,tome,tome,,tome,tome,base,tome,,,magic_artifacts_runes,,"a book or collection of books, especially one on a particular subject",,volume;opus;compendium,oral;spoken;unwritten,,90,90,3,BroadcastText;ItemSparse;JournalEncounterSection,tome:90,40.5109,0.9,False,
glyph,glyph,glyph,,glyph,glyph,base,glyph,,,magic_artifacts_runes,,"a symbol or character used in writing or magic, often in a way that is considered mysterious or arcane",,sigil; rune;character,plain;simple;unadorned,,333,333,2,ItemSparse;JournalEncounterSection,glyph:333,39.8111,0.8,False,
sigil,sigil,sigil,,sigil,sigil,base,sigil,,,magic_artifacts_runes,,"a symbol or character used in magic, often in a way that is considered mysterious or arcane",,glyph;rune;character,plain;simple;unadorned,,41,41,3,BroadcastText;ItemNameDescription;ItemSparse,sigil:41,39.7377,0.8,False,
runic,runic,runic,,runic,runic,base,runic,,,magic_artifacts_runes,,relating to or resembling runes,,runic;magical;arcane,,,42,40,2,ItemSparse;JournalEncounterSection,runic:42,37.7612,1.0,False,
scroll,scroll,scroll,,scroll,scroll,base,scroll,,,magic_artifacts_runes,,a rolled-up document or parchment,,document;parchment;manuscript,,,93,93,1,ItemSparse,scroll:93,36.5433,1.0,False,
runed,run,runed,,run,run,inflected_form,runed,,,magic_artifacts_runes,,inscribed with magical symbols or runes,,magical;symbols;runes,plain;unadorned,,43,43,1,ItemSparse,runed:43,35.7842,0.9,False,
ley-infused,ley-infus,ley-infused,,ley-infus,ley-infus,compound,ley-infused,,ley-infused,magic_artifacts_runes,,imbued with magical energy or power,,magical;enchanted;empowered,non-magical;unenchanted;powerless,,5,5,3,ItemSparse;JournalEncounter;JournalEncounterSection,ley-infused:5,32.7918,0.8,False,
hexed,hex,hexed,,hex,hex,inflected_form,hexed,,,magic_artifacts_runes,,imbued with magical energy or power,,enchanted;empowered;magical,non-magical;unenchanted;powerless,,1,1,1,ItemSparse,hexed:1,32.6931,0.8,False,
all-seeing,all-see,all-seeing,,all-see,all-see,compound,all-seeing,,all-seeing,magic_artifacts_runes,,"All-seeing crystal, magical artifact",,lodestaff;crystal,,,4,4,3,ItemSparse;JournalEncounter;JournalEncounterSection,all-seeing:4,32.6094,1.0,False,
wrath-scryer,wrath-scryer,wrath-scryer,,wrath-scryer,wrath-scryer,compound,wrath-scryer,,wrath-scryer,magic_artifacts_runes,,a person who uses magic to see the future,,scry;magic;future,,,6,5,2,JournalEncounter;JournalEncounterSection,wrath-scryer:6,30.9459,0.9,False,
mage-lord,mage-lord,mage-lord,,mage-lord,mage-lord,compound,mage-lord,,mage-lord,magic_artifacts_runes,,a powerful magician or ruler,,magician;ruler;powerful,,,4,4,2,JournalEncounter;JournalEncounterSection,mage-lord:4,30.6094,0.8,False,
spell-weaver,spell-weaver,spell-weaver,,spell-weaver,spell-weaver,compound,spell-weaver,,spell-weaver,magic_artifacts_runes,,"magician, sorcerer who weaves spells or magic",,weaver;magician,non-magical; mundane,,2,2,2,ItemSparse;JournalEncounter,spell-weaver:2,30.0986,0.7,True,low_confidence
magic-related,magic-relate,magic-related,,magic-relate,magic-relate,compound,magic-related,,magic-related,magic_artifacts_runes,,connected to or involving magic,,mysterious;enigmatic;arcane,non-magical; mundane; ordinary,,18,18,1,ItemSparse,magic-related:18,29.9444,0.9,False,
light-infused,light-infus,light-infused,,light-infus,light-infus,compound,light-infused,,light-infused,magic_artifacts_runes,,containing or imbued with light,,illuminated;enlightened;radiant,dark;shadowy;obscure,,9,9,1,ItemSparse,light-infused:9,29.3026,0.9,False,
shadow-infused,shadow-infus,shadow-infused,,shadow-infus,shadow-infus,compound,shadow-infused,,shadow-infused,magic_artifacts_runes,,containing or imbued with shadow,,dark;shadowy;obscure,light;illuminated;enlightened,,9,9,1,ItemSparse,shadow-infused:9,29.3026,0.9,False,
verdant,verdant,verdant,,verdant,verdant,base,verdant,,,nature_druid_emerald,,"green and flourishing, lush and vibrant",,withered;weathered;dormant,withered;weathered;forsaken,,68,66,4,ItemNameDescription;ItemSparse;JournalEncounter;JournalEncounterSection,verdant:68,92.2341,0.8,False,
primal,primal,primal,,primal,primal,base,primal,,,nature_druid_emerald,,relating to the earliest or most basic form of something,,wild;untamed,,,183,168,5,BroadcastText;ItemNameDescription;ItemSparse;JournalEncounter;JournalEncounterSection,primal:183,45.2149,0.7,True,low_confidence
earthen,earthen,earthen,,earthen,earthen,base,earthen,,,nature_druid_emerald,,relating to the earth or soil,,terrestrial;geological,,,130,127,5,BroadcastText;ItemNameDescription;ItemSparse;JournalEncounter;JournalEncounterSection,earthen:130,44.8752,0.2,True,low_confidence
serpent,serpent,serpent,,serpent,serpent,base,serpent,,,nature_druid_emerald,,"a long, snake-like animal or creature",,snake;reptile;animal,mammal;bird,,74,70,4,BroadcastText;ItemSparse;JournalEncounter;JournalEncounterSection,serpent:74,42.3175,0.1,True,low_confidence
aspect,aspect,aspect,,aspect,aspect,base,aspect,,,nature_druid_emerald,,"a particular feature or part of something, especially a natural phenomenon",,side;view;angle,,,40,36,4,BroadcastText;ItemSparse;JournalEncounter;JournalEncounterSection,aspect:40,41.7136,1.0,False,
monastery,monastery,monastery,,monastery,monastery,base,monastery,,,nature_druid_emerald,,a building or place where monks or nuns live and work,,abbey;convent;cloister,secular;worldly;unmonastic,,8,8,4,BroadcastText;ItemNameDescription;ItemSparse;JournalEncounter,monastery:8,40.1972,0.9,False,
overgrown,overgrown,overgrown,,overgrown,overgrown,base,overgrown,,,nature_druid_emerald,,"covered or surrounded by vegetation, often in a way that is considered untidy or neglected",,wild;uncontrolled;untamed,pruned;trimmed;manicured,,7,6,4,BroadcastText;ItemSparse;JournalEncounter;JournalEncounterSection,overgrown:7,40.0794,0.8,False,
grove,grove,grove,,grove,grove,base,grove,,,nature_druid_emerald,,a small group of trees or a wooded area,,woodland;forest;thicket,,,19,19,3,BroadcastText;ItemSparse;JournalEncounter,grove:19,38.9957,1.0,False,
untamed,untam,untamed,,untam,untam,inflected_form,untamed,,,nature_druid_emerald,,not domesticated or controlled by humans,,wild;feral;savage,,,15,15,3,ItemSparse;JournalEncounter;JournalEncounterSection,untamed:15,38.7726,1.0,False,
glade,glade,glade,,glade,glade,base,glade,,,nature_druid_emerald,,"a small, open area of land in a forest or woodland",,clearing;meadow;grove,,,7,7,3,BroadcastText;ItemSparse;JournalEncounter,glade:7,38.0794,1.0,False,
serene,serene,serene,,serene,serene,base,serene,,,nature_druid_emerald,,peaceful and calm,,calm;peaceful;tranquil,,,6,6,3,BroadcastText;ItemSparse;JournalEncounterSection,serene:6,37.9459,1.0,False,
lush,lush,lush,,lush,lush,base,lush,,,nature_druid_emerald,,growing or thriving in a healthy and vigorous way,,green;healthy;thriving,withered;barren,,7,7,2,ItemSparse;JournalEncounter,lush:7,36.0794,0.8,False,
earth-warder,earth-warder,earth-warder,,earth-warder,earth-warder,compound,earth-warder,,earth-warder,nature_druid_emerald,,a person who protects or defends the earth,,protect;defend;earth,harm;damage,,14,14,4,BroadcastText;ItemSparse;JournalEncounter;JournalEncounterSection,earth-warder:14,35.7081,0.8,False,
bough,bough,bough,,bough,bough,base,bough,,,nature_druid_emerald,,a branch or limb of a tree,,branch;limb;tree,trunk;stem,,3,3,2,BroadcastText;ItemSparse,bough:3,35.3863,0.8,False,
briar,briar,briar,,briar,briar,base,briar,,,nature_druid_emerald,,a type of thorny shrub or bush,,thorny;shrub;bush,smooth;hairless,,3,3,2,ItemSparse;JournalEncounterSection,briar:3,35.3863,0.9,False,
bramble,bramble,bramble,,bramble,bramble,base,bramble,,,nature_druid_emerald,,"a type of thorny shrub or bush, often used to describe a tangled or overgrown area",,thorny;shrub;bush,smooth;hairless,,11,9,1,JournalEncounterSection,bramble:11,34.4849,0.8,False,
gnarled,gnarl,gnarled,,gnarl,gnarl,inflected_form,gnarled,,,nature_druid_emerald,,"twisted and knotted, like a tree branch",,withered;rotten;decayed,straight;smooth,,9,9,1,ItemSparse,gnarled:9,34.3026,0.8,False,
blooming,bloom,blooming,,bloom,bloom,inflected_form,blooming,,,nature_druid_emerald,,"growing and flourishing, like a flower",,flourishing;thriving;prosperous,withered;dead,,8,8,1,ItemSparse,blooming:8,34.1972,0.8,False,
craggy,craggy,craggy,,craggy,craggy,base,craggy,,,nature_druid_emerald,,having a rough or rocky surface,,rocky;stony;uneven,smooth;flat;even,,1,1,1,ItemSparse,craggy:1,32.6931,0.9,False,
mossy,mossy,mossy,,mossy,mossy,base,mossy,,,nature_druid_emerald,,covered with moss or lichen,,lichenous;algaceous;verdant,barren;desolate;sterile,,1,1,1,ItemSparse,mossy:1,32.6931,0.8,False,
rootbound,rootbound,rootbound,,rootbound,rootbound,base,rootbound,,,nature_druid_emerald,,having roots that are bound or restricted,,restricted;constrained;limited,unrestricted;free;unfettered,,1,1,1,ItemSparse,rootbound:1,32.6931,0.9,False,
wilted,wilt,wilted,,wilt,wilt,inflected_form,wilted,,,nature_druid_emerald,,having lost strength or vitality,,faded;weakened;debilitated,strong;vital;flourishing,,1,1,1,JournalEncounter,wilted:1,32.6931,0.8,False,
full-grown,full-grown,full-grown,,full-grown,full-grown,compound,full-grown,,full-grown,nature_druid_emerald,,completely developed or mature,,grow;mature;develop,,,5,5,2,ItemSparse;JournalEncounterSection,full-grown:5,30.7918,0.9,False,
tree-shaper,tree-shaper,tree-shaper,,tree-shaper,tree-shaper,compound,tree-shaper,,tree-shaper,nature_druid_emerald,,a person who shapes or controls trees,,tree;shape;control,,,5,5,2,JournalEncounter;JournalEncounterSection,tree-shaper:5,30.7918,0.8,False,
amber-shaper,amber-shaper,amber-shaper,,amber-shaper,amber-shaper,compound,amber-shaper,,amber-shaper,nature_druid_emerald,,a person who shapes or controls amber,,amber;shape;control,,,3,3,2,JournalEncounter;JournalEncounterSection,amber-shaper:3,30.3863,0.8,False,
eco-domes,eco-dome,eco-domes,,eco-dome,eco-dome,compound,eco-domes,,eco-domes,nature_druid_emerald,,a type of structure or building that is related to the environment or ecology,,environment;ecology;structure,,,3,3,2,BroadcastText;ItemSparse,eco-domes:3,30.3863,0.8,False,
crystal-clear,crystal-clear,crystal-clear,,crystal-clear,crystal-clear,compound,crystal-clear,,crystal-clear,nature_druid_emerald,,"clear, transparent like crystal",,clear;transparent,murky;cloudy,,2,2,2,ItemSparse;JournalEncounter,crystal-clear:2,30.0986,0.8,False,
sand-swept,sand-swept,sand-swept,,sand-swept,sand-swept,compound,sand-swept,,sand-swept,nature_druid_emerald,,"covered, swept by sand or dust",,swept;covered,clear;clean,,2,2,2,ItemSparse;JournalEncounter,sand-swept:2,30.0986,0.7,True,low_confidence
slow-moving,slow-mov,slow-moving,,slow-mov,slow-mov,compound,slow-moving,,slow-moving,nature_druid_emerald,,"moving, progressing slowly or at a slow pace",,slow;moving,fast;swift,,2,2,2,ItemSparse;JournalEncounterSection,slow-moving:2,30.0986,0.8,False,
species-specific,species-specific,species-specific,,species-specific,species-specific,compound,species-specific,,species-specific,nature_druid_emerald,,relating to or characteristic of a particular species,,unique;distinctive;specialized,general;common;universal,,15,15,1,ItemSparse,species-specific:15,29.7726,0.7,True,low_confidence
blood-red,blood-r,blood-red,,blood-r,blood-r,compound,blood-red,,blood-red,nature_druid_emerald,,having a red color like blood,,red;color;blood,white;black,,5,5,1,ItemSparse,blood-red:5,28.7918,0.8,False,
ley-line,ley-line,ley-line,,ley-line,ley-line,compound,ley-line,,ley-line,nature_druid_emerald,,a line of spiritual energy,,line;energy,,,5,4,1,JournalEncounterSection,ley-line:5,28.7918,0.8,False,
growth-covered,growth-cover,growth-covered,,growth-cover,growth-cover,compound,growth-covered,,growth-covered,nature_druid_emerald,,covered in growth or vegetation,,growth;vegetation,,,4,4,1,JournalEncounterSection,growth-covered:4,28.6094,0.9,False,
light-gorged,light-gorg,light-gorged,,light-gorg,light-gorg,compound,light-gorged,,light-gorged,nature_druid_emerald,,filled with or surrounded by light,,light;surrounded,,,4,4,1,JournalEncounterSection,light-gorged:4,28.6094,0.9,False,
king,king,king,,king,king,base,king,,,nobility_titles_power,,a monarch or ruler,,queen;lord,,,380,340,5,BroadcastText;ItemNameDescription;ItemSparse;JournalEncounter;JournalEncounterSection,king:380,45.9428,0.5,True,low_confidence
queen,queen,queen,,queen,queen,base,queen,,,nobility_titles_power,,a female monarch or ruler,,king;lord,,,189,182,5,BroadcastText;ItemNameDescription;ItemSparse;JournalEncounter;JournalEncounterSection,queen:189,45.247,0.8,False,
lord,lord,lord,,lord,lord,base,lord,,,nobility_titles_power,,"a person of high social status or authority, often with power over others",,person;status;authority,servant;subject,,381,356,4,BroadcastText;ItemSparse;JournalEncounter;JournalEncounterSection,lord:381,43.9454,0.9,False,
noble,noble,noble,,noble,noble,base,noble,,,nobility_titles_power,,"having or showing high moral standards, often in a way that is admirable or respected",,moral;admirable;respected,base;unworthy,,42,42,5,BroadcastText;ItemNameDescription;ItemSparse;JournalEncounter;JournalEncounterSection,noble:42,43.7612,0.5,True,low_confidence
court,court,court,,court,court,base,court,,,nobility_titles_power,,"a group of people who are in charge or have authority, often in a formal or official way",,group;authority;official,chaos;disorder,,40,38,5,BroadcastText;ItemNameDescription;ItemSparse;JournalEncounter;JournalEncounterSection,court:40,43.7136,0.3,True,low_confidence
reign,reign,reign,,reign,reign,base,reign,,,nobility_titles_power,,"a period of time when someone is in charge or has authority, often in a formal or official way",,period;authority;official,chaos;disorder,,27,27,5,BroadcastText;ItemNameDescription;ItemSparse;JournalEncounter;JournalEncounterSection,reign:27,43.3322,0.7,True,low_confidence
lady,lady,lady,,lady,lady,base,lady,,,nobility_titles_power,,a woman of high social status or rank,,woman;female;noble,commoner;peasant,,141,133,4,BroadcastText;ItemSparse;JournalEncounter;JournalEncounterSection,lady:141,42.9558,0.1,True,low_confidence
prince,prince,prince,,prince,prince,base,prince,,,nobility_titles_power,,a male member of a royal family or nobility,,male;royal;noble,commoner;peasant,,101,92,4,BroadcastText;ItemSparse;JournalEncounter;JournalEncounterSection,prince:101,42.625,0.1,True,low_confidence
crown,crown,crown,,crown,crown,base,crown,,,nobility_titles_power,,"a symbol of royal or noble status, often worn on the head",,symbol;status;rank,commoner;peasant,,75,75,4,BroadcastText;ItemSparse;JournalEncounter;JournalEncounterSection,crown:75,42.3307,0.1,True,low_confidence
princess,princess,princess,,princess,princess,base,princess,,,nobility_titles_power,,the daughter of a king or queen,,king;queen,,,51,45,4,BroadcastText;ItemSparse;JournalEncounter;JournalEncounterSection,princess:51,41.9512,1.0,False,
throne,throne,throne,,throne,throne,base,throne,,,nobility_titles_power,,"a chair or seat of state, especially one used by a king or queen",,chair;seat;stool,,,41,41,4,BroadcastText;ItemSparse;JournalEncounter;JournalEncounterSection,throne:41,41.7377,1.0,False,
baron,baron,baron,,baron,baron,base,baron,,,nobility_titles_power,,"a nobleman of high rank, typically ranking below a count or earl",,lord;noble;gentleman,,,33,26,4,BroadcastText;ItemSparse;JournalEncounter;JournalEncounterSection,baron:33,41.5264,1.0,False,
kingdom,kingdom,kingdom,,kingdom,kingdom,base,kingdom,,,nobility_titles_power,,a country or territory ruled by a king or queen,,country;territory;monarchy,,,34,34,3,BroadcastText;ItemSparse;JournalEncounter,kingdom:34,39.5553,1.0,False,
chieftain,chieftain,chieftain,,chieftain,chieftain,base,chieftain,,,nobility_titles_power,,a leader or chief of a tribe or group,,leader;chief;tribal,,,29,29,3,BroadcastText;ItemSparse;JournalEncounter,chieftain:29,39.4012,1.0,False,
ruler,ruler,ruler,,ruler,ruler,base,ruler,,,nobility_titles_power,,"a person who has authority or control over a country, organization, or group",,leader;chief;monarch,,,19,19,3,BroadcastText;ItemSparse;JournalEncounter,ruler:19,38.9957,1.0,False,
sovereign,sovereign,sovereign,,sovereign,sovereign,base,sovereign,,,nobility_titles_power,,having supreme power or authority,,powerful;authoritative;regal,,,12,12,2,ItemSparse;JournalEncounterSection,sovereign:12,36.5649,1.0,False,
heir,heir,heir,,heir,heir,base,heir,,,nobility_titles_power,,a person who inherits property or title,,inherit;title;property,outsider;stranger,,7,7,2,BroadcastText;ItemSparse,heir:7,36.0794,0.9,False,
duke,duke,duke,,duke,duke,base,duke,,,nobility_titles_power,,a high-ranking nobleman or aristocrat,,noble;aristocrat;title,commoner;peasant,,6,6,2,ItemSparse;JournalEncounter,duke:6,35.9459,0.8,False,
blood-princess,blood-princess,blood-princess,,blood-princess,blood-princess,compound,blood-princess,,blood-princess,nobility_titles_power,,"Blood-Princess, nobility and titles",,Thal'ena;San'layn Queen,,,7,6,2,JournalEncounter;JournalEncounterSection,blood-princess:7,31.0794,1.0,False,
god-king,god-k,god-king,,god-k,god-k,compound,god-king,,god-king,nobility_titles_power,,a ruler or leader who is considered to be divine or god-like,,ruler;leader;divine,,,3,3,2,JournalEncounter;JournalEncounterSection,god-king:3,30.3863,0.8,False,
ranger-general,ranger-general,ranger-general,,ranger-general,ranger-general,compound,ranger-general,,ranger-general,nobility_titles_power,,"high-ranking military officer, leader of rangers",,general;commander,private;soldier,,3,3,2,ItemSparse;JournalEncounter,ranger-general:3,30.3863,0.9,False,
high-ranking,high-rank,high-ranking,,high-rank,high-rank,compound,high-ranking,,high-ranking,nobility_titles_power,,having a high position or status,,important;influential;prestigious,low-ranking;unimportant;insignificant,,13,13,1,ItemSparse,high-ranking:13,29.6391,0.9,False,
kirin-tor,kirin-tor,kirin-tor,,kirin-tor,kirin-tor,compound,kirin-tor,,kirin-tor,nobility_titles_power,,a title or rank of nobility,,title;rank;nobility,,,4,4,1,BroadcastText,kirin-tor:4,28.6094,0.9,False,
lok-tar,lok-tar,lok-tar,,lok-tar,lok-tar,compound,lok-tar,,lok-tar,nobility_titles_power,,a title or phrase used by the ogres,,title;phrase;ogres,,,4,4,1,BroadcastText,lok-tar:4,28.6094,0.8,False,
jade,jade,jade,,jade,jade,base,jade,,,pandaria_mists_celestials,,"a type of green or white stone, often used in jewelry or decorative objects",,stone;green;white,jagged; rough,,81,77,5,BroadcastText;ItemNameDescription;ItemSparse;JournalEncounter;JournalEncounterSection,jade:81,44.4067,0.5,True,low_confidence
celestial,celestial,celestial,,celestial,celestial,base,celestial,,,pandaria_mists_celestials,,"relating to the sky or heavens, often in a way that is beautiful or awe-inspiring",,sky;heavens;beautiful,terrestrial; mundane,,39,33,5,BroadcastText;ItemNameDescription;ItemSparse;JournalEncounter;JournalEncounterSection,celestial:39,43.6889,0.1,True,low_confidence
sha,sha,sha,,sha,sha,base,sha,,,pandaria_mists_celestials,,"a type of evil or malevolent spirit, often associated with darkness or chaos",,evil;malevolent;darkness,good; benevolent,,224,183,4,BroadcastText;ItemSparse;JournalEncounter;JournalEncounterSection,sha:224,43.4161,0.9,False,
mist,mist,mist,,mist,mist,base,mist,,,pandaria_mists_celestials,,"a cloud or fog that hangs in the air, often near water",,fog;cloud,,,42,39,4,BroadcastText;ItemSparse;JournalEncounter;JournalEncounterSection,mist:42,41.7612,1.0,False,
lotus,lotu,lotus,,lotu,lotu,inflected_form,lotus,,,pandaria_mists_celestials,,"a type of aquatic plant that is native to Asia, especially one that has large, showy flowers",,flower;plant;vegetation,dead;dying;withered,,18,17,4,BroadcastText;ItemSparse;JournalEncounter;JournalEncounterSection,lotus:18,40.9444,0.7,True,low_confidence
crane,crane,crane,,crane,crane,base,crane,,,pandaria_mists_celestials,,"a type of bird that is known for its long neck and legs, especially one that is native to Asia",,bird;fowl;waterfowl,domesticated;tame;docile,,16,14,4,BroadcastText;ItemSparse;JournalEncounter;JournalEncounterSection,crane:16,40.8332,0.7,True,low_confidence
chi-ji,chi-ji,chi-ji,,chi-ji,chi-ji,compound,chi-ji,,chi-ji,pandaria_mists_celestials,,a person or thing associated with the Red Crane,,crane;red;celestial,earthly;mundane,,25,21,3,ItemSparse;JournalEncounter;JournalEncounterSection,chi-ji:25,34.2581,0.9,False,
shado-pan,shado-pan,shado-pan,,shado-pan,shado-pan,compound,shado-pan,,shado-pan,pandaria_mists_celestials,,a person or thing associated with the Shado-Pan,,Shado-Pan;monastery;mystic,secular;mundane,,19,19,3,BroadcastText;ItemSparse;JournalEncounter,shado-pan:19,33.9957,0.9,False,
azj-kahet,azj-kahet,azj-kahet,,azj-kahet,azj-kahet,compound,azj-kahet,,azj-kahet,pandaria_mists_celestials,,a person or thing associated with Azj-Kahet,,Azj-Kahet;city;threads,secular;mundane,,14,13,3,BroadcastText;ItemSparse;JournalEncounter,azj-kahet:14,33.7081,0.9,False,
nexus-prince,nexus-prince,nexus-prince,,nexus-prince,nexus-prince,compound,nexus-prince,,nexus-prince,pandaria_mists_celestials,,a person or thing associated with the Nexus-Prince,,Nexus-Prince;Shaffar;magic,secular;mundane,,12,12,3,ItemSparse;JournalEncounter;JournalEncounterSection,nexus-prince:12,33.5649,0.9,False,
kun-lai,kun-lai,kun-lai,,kun-lai,kun-lai,compound,kun-lai,,kun-lai,pandaria_mists_celestials,,a person or thing associated with Kun-Lai Summit,,Kun-Lai;summit;mountain,flat;level,,11,10,3,BroadcastText;ItemSparse;JournalEncounter,kun-lai:11,33.4849,0.9,False,
locus-walker,locus-walker,locus-walker,,locus-walker,locus-walker,compound,locus-walker,,locus-walker,pandaria_mists_celestials,,"Locus-Walker, Pandaria and mists",,ethereals;K'aresh,,,13,13,2,BroadcastText;ItemSparse,locus-walker:13,31.6391,1.0,False,
sha-touched,sha-touch,sha-touched,,sha-touch,sha-touch,compound,sha-touched,,sha-touched,pandaria_mists_celestials,,"influenced, affected by sha energy",,touched;affected,untouched;unaffected,,27,27,1,ItemSparse,sha-touched:27,30.3322,0.6,True,low_confidence
unholy,unholy,unholy,,unholy,unholy,base,unholy,,,profane / unholy / blasphemous,,"not holy or sacred, often in a way that is considered wrong or immoral",,impious;irreverent;blasphemous,holy;sacred;sanctified,,63,63,3,ItemSparse;JournalEncounter;JournalEncounterSection,unholy:63,40.1589,0.9,False,
ritual,ritual,ritual,,ritual,ritual,base,ritual,,,ritual_religion,,a ceremony or practice with spiritual significance,,ceremony;practice,,,143,138,5,BroadcastText;ItemNameDescription;ItemSparse;JournalEncounter;JournalEncounterSection,ritual:143,44.9698,0.5,True,low_confidence
sacrifice,sacrifice,sacrifice,,sacrifice,sacrifice,base,sacrifice,,,ritual_religion,,"the act of giving up something valuable or important, often for the benefit of others",,give;offer;dedicate,selfishness;greed,,59,59,5,BroadcastText;ItemNameDescription;ItemSparse;JournalEncounter;JournalEncounterSection,sacrifice:59,44.0943,0.1,True,low_confidence
temple,temple,temple,,temple,temple,base,temple,,,ritual_religion,,a building or structure used for religious worship or ritual,,building;structure;place of worship,secular;profane,,92,89,4,BroadcastText;ItemSparse;JournalEncounter;JournalEncounterSection,temple:92,42.5326,0.1,True,low_confidence
altar,altar,altar,,altar,altar,base,altar,,,ritual_religion,,"a structure or object used for worship, typically one that is dedicated to a particular deity or spirit",,shrine;temple;sanctuary,,,30,26,4,BroadcastText;ItemSparse;JournalEncounter;JournalEncounterSection,altar:30,41.434,1.0,False,
rite,rite,rite,,rite,rite,base,rite,,,ritual_religion,,"a ritual or ceremony, especially one with a specific purpose or meaning",,ceremony;ritual;custom,irregular;unusual;unconventional,,11,10,4,BroadcastText;ItemSparse;JournalEncounter;JournalEncounterSection,rite:11,40.4849,0.8,False,
shrine,shrine,shrine,,shrine,shrine,base,shrine,,,ritual_religion,,a small building or structure used for worship or as a memorial,,temple;sanctuary;memorial,,,21,21,3,BroadcastText;ItemSparse;JournalEncounter,shrine:21,39.091,1.0,False,
offering,offer,offering,,offer,offer,inflected_form,offering,,,ritual_religion,,a gift or sacrifice made to a deity or as a sign of respect,,gift;sacrifice;tribute,,,20,20,3,BroadcastText;ItemSparse;JournalEncounterSection,offering:20,39.0445,1.0,False,
prayer,prayer,prayer,,prayer,prayer,base,prayer,,,ritual_religion,,"a request or expression of thanks to a higher power, often in a formal way",,petition;supplication;invocation,,,9,9,3,BroadcastText;ItemSparse;JournalEncounterSection,prayer:9,38.3026,1.0,False,
pious,piou,pious,,piou,piou,inflected_form,pious,,,ritual_religion,,having or showing a strong sense of devotion to a deity or higher power,,devotion;deity;higher power,irreverent;blasphemous,,2,2,2,BroadcastText;ItemNameDescription,pious:2,35.0986,0.9,False,
spirit,spirit,spirit,,spirit,spirit,base,spirit,,,shadowlands_soul_afterlife,,a non-physical entity or being,,ghost;soul,,,361,317,5,BroadcastText;ItemNameDescription;ItemSparse;JournalEncounter;JournalEncounterSection,spirit:361,45.8916,0.3,True,low_confidence
anima,anima,anima,,anima,anima,base,anima,,,shadowlands_soul_afterlife,,a vital energy or essence,,soul;spirit,,,272,217,5,BroadcastText;ItemNameDescription;ItemSparse;JournalEncounter;JournalEncounterSection,anima:272,45.6095,0.2,True,low_confidence
ascended,ascend,ascended,,ascend,ascend,inflected_form,ascended,,,shadowlands_soul_afterlife,,having reached a higher level or state of being,,advanced;progressed;elevated,descended;degraded,,22,22,5,BroadcastText;ItemNameDescription;ItemSparse;JournalEncounter;JournalEncounterSection,ascended:22,43.1355,0.6,True,low_confidence
covenant,covenant,covenant,,covenant,covenant,base,covenant,,,shadowlands_soul_afterlife,,a formal agreement or promise between two or more parties,,agreement;promise;contract,,,27,27,3,BroadcastText;ItemSparse;JournalEncounterSection,covenant:27,39.3322,1.0,False,
soulbind,soulbind,soulbind,,soulbind,soulbind,base,soulbind,,,shadowlands_soul_afterlife,,to bind or tie a soul to something,,soul;spirit;reanimated,free;unbound,,7,7,1,JournalEncounterSection,soulbind:7,34.0794,0.9,False,
soul-scribe,soul-scribe,soul-scribe,,soul-scribe,soul-scribe,compound,soul-scribe,,soul-scribe,shadowlands_soul_afterlife,,"Soul-Scribe, Shadowlands and soul",,Taah'bat;will done,,,12,9,2,JournalEncounter;JournalEncounterSection,soul-scribe:12,31.5649,1.0,False,
anima-infused,anima-infus,anima-infused,,anima-infus,anima-infus,compound,anima-infused,,anima-infused,shadowlands_soul_afterlife,,"imbued, filled with anima energy",,infused;imbued,empty;void,,2,2,2,ItemSparse;JournalEncounter,anima-infused:2,30.0986,0.7,True,low_confidence
mana-wraith,mana-wraith,mana-wraith,,mana-wraith,mana-wraith,compound,mana-wraith,,mana-wraith,shadowlands_soul_afterlife,,a type of spirit or entity that is connected to mana,,spirit;entity;mana,,,4,4,1,JournalEncounterSection,mana-wraith:4,28.6094,0.8,False,
vault,vault,vault,,vault,vault,base,vault,,,titan_order_machinery,,"a room or structure used to store valuable or important things, often in a secure location",,room;structure;storage,open;exposed,,71,59,5,BroadcastText;ItemNameDescription;ItemSparse;JournalEncounter;JournalEncounterSection,vault:71,44.2767,0.2,True,low_confidence
forge,forge,forge,,forge,forge,base,forge,,,titan_order_machinery,,a place where metal is heated and shaped,,smithy;workshop;factory,destroy;demolish,,153,153,4,BroadcastText;ItemSparse;JournalEncounter;JournalEncounterSection,forge:153,43.037,0.4,True,low_confidence
construct,construct,construct,,construct,construct,base,construct,,,titan_order_machinery,,to build or create something through a process of assembly or combination,,build;create;assemble,destroy;demolish,,115,99,4,BroadcastText;ItemSparse;JournalEncounter;JournalEncounterSection,construct:115,42.7536,0.1,True,low_confidence
keeper,keeper,keeper,,keeper,keeper,base,keeper,,,titan_order_machinery,,a person or thing that guards or preserves something,,Ra-den;master,,,64,61,4,BroadcastText;ItemSparse;JournalEncounter;JournalEncounterSection,keeper:64,42.1744,1.0,False,
matrix,matrix,matrix,,matrix,matrix,base,matrix,,,titan_order_machinery,,a substance or environment in which something develops or is embedded,,grid;lattice;network,,,40,38,4,BroadcastText;ItemSparse;JournalEncounter;JournalEncounterSection,matrix:40,41.7136,1.0,False,
titanic,titanic,titanic,,titanic,titanic,base,titanic,,,titan_order_machinery,,"relating to or characteristic of the Titans, a group of powerful beings in Greek mythology",,gigantic;enormous;colossal,,,35,31,4,BroadcastText;ItemSparse;JournalEncounter;JournalEncounterSection,titanic:35,41.5835,1.0,False,
prime,prime,prime,,prime,prime,base,prime,,,titan_order_machinery,,"being in the best or most favorable state, typically due to youth or good health",,optimal;ideal;perfect,,,31,29,4,BroadcastText;ItemSparse;JournalEncounter;JournalEncounterSection,prime:31,41.4657,1.0,False,
protocol,protocol,protocol,,protocol,protocol,base,protocol,,,titan_order_machinery,,a set of rules or procedures for a particular activity,,rules;procedures;regulations,,,29,28,2,BroadcastText;JournalEncounterSection,protocol:29,37.4012,1.0,False,
reorigination,reorigination,reorigination,,reorigination,reorigination,base,reorigination,,,titan_order_machinery,,the act of re-establishing or re-creating something,,re-establish;re-create;renew,,,18,11,2,BroadcastText;JournalEncounterSection,reorigination:18,36.9444,1.0,False,
mechano-lord,mechano-lord,mechano-lord,,mechano-lord,mechano-lord,compound,mechano-lord,,mechano-lord,titan_order_machinery,,"Mechano-Lord, Titan and machinery",,Capacitus;Stamina,,,6,6,2,JournalEncounter;JournalEncounterSection,mechano-lord:6,30.9459,1.0,False,
state-of-the-art,state-of-the-art,state-of-the-art,,state-of-the-art,state-of-the-art,compound,state-of-the-art,,state-of-the-art,titan_order_machinery,,"latest, most advanced technology or innovation",,advanced;innovative,outdated;obsolete,,2,2,2,ItemSparse;JournalEncounter,state-of-the-art:2,30.0986,0.8,False,
proto-material,proto-material,proto-material,,proto-material,proto-material,compound,proto-material,,proto-material,titan_order_machinery,,a basic or primitive material,,primary;fundamental;elemental,advanced;sophisticated;refined,,10,10,1,ItemSparse,proto-material:10,29.3979,0.8,False,
n-d,n-d,n-d,,n-d,n-d,compound,n-d,,n-d,titan_order_machinery,,a type of device or machine with an unknown or unclear meaning,,device;machine;apparatus,clear;obvious;understood,,8,8,1,ItemSparse,n-d:8,29.1972,0.7,True,low_confidence
titan-forged,titan-forg,titan-forged,,titan-forg,titan-forg,compound,titan-forged,,titan-forged,titan_order_machinery,,something that has been created or forged by the titans,,titan;forged;created,natural;organic,,6,6,1,JournalEncounter,titan-forged:6,28.9459,0.9,False,
craft,craft,craft,,craft,craft,base,craft,,,trade_crafting,,to create or make something by hand,,forge;skilled,,,2769,2769,4,BroadcastText;ItemSparse;JournalEncounter;JournalEncounterSection,craft:2769,45.9266,0.4,True,low_confidence
supplies,supply,supplies,,supply,supply,inflected_form,supplies,,,trade_crafting,,materials or resources needed for a task or activity,,resources;equipment,,,141,141,5,BroadcastText;ItemNameDescription;ItemSparse;JournalEncounter;JournalEncounterSection,supplies:141,44.9558,0.3,True,low_confidence
crafted,craft,crafted,,craft,craft,inflected_form,crafted,,,trade_crafting,,"made or created with skill and care, often using special techniques or materials",,made;created;skilled,unskilled; careless,,372,370,4,BroadcastText;ItemNameDescription;ItemSparse;JournalEncounter,crafted:372,43.9216,0.8,False,
ore,ore,ore,,ore,ore,base,ore,,,trade_crafting,,a mineral or rock containing valuable substances,,mineral;rock;substance,waste;garbage,,160,154,4,BroadcastText;ItemSparse;JournalEncounter;JournalEncounterSection,ore:160,43.0814,0.5,True,low_confidence
vessel,vessel,vessel,,vessel,vessel,base,vessel,,,trade_crafting,,a container or vehicle used for carrying or transporting things,,container;vehicle;means of transport,empty;unoccupied,,78,78,4,BroadcastText;ItemSparse;JournalEncounter;JournalEncounterSection,vessel:78,42.3694,0.1,True,low_confidence
coin,coin,coin,,coin,coin,base,coin,,,trade_crafting,,"a small, flat piece of metal used as money or currency",,money;currency;payment,debt;owe,,70,65,4,BroadcastText;ItemSparse;JournalEncounter;JournalEncounterSection,coin:70,42.2627,0.1,True,low_confidence
bargain,bargain,bargain,,bargain,bargain,base,bargain,,,trade_crafting,,a deal or agreement between two or more parties,,deal;agreement;contract,,,24,24,3,BroadcastText;JournalEncounter;JournalEncounterSection,bargain:24,39.2189,1.0,False,
cloth,cloth,cloth,,cloth,cloth,base,cloth,,,trade_crafting,,"a material made from fibers, especially one used for clothing or textiles",,fabric;textile;material,,,138,137,2,BroadcastText;ItemSparse,cloth:138,38.9345,1.0,False,
leather,leather,leather,,leather,leather,base,leather,,,trade_crafting,,"a tough, flexible material made from animal skin",,material;skin;hide,,,235,233,1,ItemSparse,leather:235,37.4638,1.0,False,
shipment,shipment,shipment,,shipment,shipment,base,shipment,,,trade_crafting,,a consignment of goods sent for delivery or sale,,goods;delivery;sale,,,24,24,2,ItemSparse;JournalEncounterSection,shipment:24,37.2189,1.0,False,
merchant,merchant,merchant,,merchant,merchant,base,merchant,,,trade_crafting,,"a person who buys and sells goods, often in a market or store",,buy;sell;market,farmer;artisan,,25,25,1,ItemSparse,merchant:25,35.2581,0.8,False,
trader,trader,trader,,trader,trader,base,trader,,,trade_crafting,,"a person who buys and sells goods, often in a market or exchange",,merchant;seller;buyer,producer;manufacturer,,4,4,1,ItemSparse,trader:4,33.6094,0.8,False,
wares,ware,wares,,ware,ware,inflected_form,wares,,,trade_crafting,,goods or products for sale,,merchandise;commodities;products,waste;discard;unwanted,,2,2,1,ItemSparse,wares:2,33.0986,0.9,False,
day-to-day,day-to-day,day-to-day,,day-to-day,day-to-day,compound,day-to-day,,day-to-day,trade_crafting,,concerned with or related to everyday activities or tasks,,day;task;activity,,,3,3,2,ItemSparse;JournalEncounter,day-to-day:3,30.3863,0.9,False,
in-game,in-game,in-game,,in-game,in-game,compound,in-game,,in-game,trade_crafting,,"within or related to a game, especially a video game",,game;video;inside,,,3,3,2,ItemNameDescription;ItemSparse,in-game:3,30.3863,0.8,False,
commonly-issued,commonly-issue,commonly-issued,,commonly-issue,commonly-issue,compound,commonly-issued,,commonly-issued,trade_crafting,,widely distributed or available to the public,,public;general;universal,rare;scarce;exclusive,,8,8,1,ItemSparse,commonly-issued:8,29.1972,0.8,False,
high-quality,high-quality,high-quality,,high-quality,high-quality,compound,high-quality,,high-quality,trade_crafting,,of high standard or excellence,,quality;excellent;superior,low-quality;inferior,,7,7,1,ItemSparse,high-quality:7,29.0794,0.9,False,
two-pack,two-pack,two-pack,,two-pack,two-pack,compound,two-pack,,two-pack,trade_crafting,,a package or container that holds two items,,pack;container;item,single;one,,7,7,1,ItemSparse,two-pack:7,29.0794,0.8,False,
higher-quality,higher-quality,higher-quality,,higher-quality,higher-quality,compound,higher-quality,,higher-quality,trade_crafting,,of higher standard or excellence than usual,,quality;excellent;superior,lower-quality;inferior,,6,6,1,ItemSparse,higher-quality:6,28.9459,0.9,False,
cartel-approved,cartel-approv,cartel-approved,,cartel-approv,cartel-approv,compound,cartel-approved,,cartel-approved,trade_crafting,,something that has been approved or sanctioned by a cartel,,approved;sanctioned;cartel,disapproved;rejected,,5,5,1,ItemSparse,cartel-approved:5,28.7918,0.8,False,
mid-quality,mid-quality,mid-quality,,mid-quality,mid-quality,compound,mid-quality,,mid-quality,trade_crafting,,of average or moderate quality,,quality;average,,,4,4,1,ItemSparse,mid-quality:4,28.6094,0.9,False,
path,path,path,,path,path,base,path,,,travel_places,,a route or course of travel,,way;road,,,207,201,5,BroadcastText;ItemNameDescription;ItemSparse;JournalEncounter;JournalEncounterSection,path:207,45.3375,0.0,True,low_confidence
portal,portal,portal,,portal,portal,base,portal,,,travel_places,,a gateway or entrance to another place or dimension,,gate;door,,,142,117,5,BroadcastText;ItemNameDescription;ItemSparse;JournalEncounter;JournalEncounterSection,portal:142,44.9628,0.4,True,low_confidence
flight,flight,flight,,flight,flight,base,flight,,,travel_places,,the act of flying or moving quickly through the air,,journey;path,,,60,59,4,BroadcastText;ItemSparse;JournalEncounter;JournalEncounterSection,flight:60,42.1109,1.0,False,
cave,cave,cave,,cave,cave,base,cave,,,travel_places,,a hollow or cavernous space in the ground,,ruins;gate,,,45,43,4,BroadcastText;ItemSparse;JournalEncounter;JournalEncounterSection,cave:45,41.8286,1.0,False,
isle,isle,isle,,isle,isle,base,isle,,,travel_places,,a small island or piece of land surrounded by water,,shore;harbor,,,44,43,4,BroadcastText;ItemSparse;JournalEncounter;JournalEncounterSection,isle:44,41.8067,1.0,False,
valley,valley,valley,,valley,valley,base,valley,,,travel_places,,"a low area of land between hills or mountains, typically with a river flowing through it",,hollow;dell;glen,,,42,42,4,BroadcastText;ItemSparse;JournalEncounter;JournalEncounterSection,valley:42,41.7612,1.0,False,
trail,trail,trail,,trail,trail,base,trail,,,travel_places,,"a path or route, typically one that is used for walking or hiking",,path;way;route,,,32,29,4,BroadcastText;ItemSparse;JournalEncounter;JournalEncounterSection,trail:32,41.4965,1.0,False,
gate,gate,gate,,gate,gate,base,gate,,,travel_places,,"a structure or object used to control access to a place, typically one that is made of wood, metal, or stone",,door;entrance;portal,,,27,26,4,BroadcastText;ItemSparse;JournalEncounter;JournalEncounterSection,gate:27,41.3322,1.0,False,
shore,shore,shore,,shore,shore,base,shore,,,travel_places,,"the land or beach along the edge of a sea, lake, or river",,coast;beach;bank,inland;mountainous;deserted,,21,21,4,BroadcastText;ItemSparse;JournalEncounter;JournalEncounterSection,shore:21,41.091,0.8,False,
camp,camp,camp,,camp,camp,base,camp,,,travel_places,,temporary settlement or base,,shelter;base;encampment,,,38,38,3,BroadcastText;ItemSparse;JournalEncounterSection,camp:38,39.6636,1.0,False,
journey,journey,journey,,journey,journey,base,journey,,,travel_places,,"a long or difficult trip, especially one made on foot or by horse",,trip;travel;adventure,,,23,23,3,BroadcastText;ItemSparse;JournalEncounter,journey:23,39.1781,1.0,False,
road,road,road,,road,road,base,road,,,travel_places,,"a path or way for travel, especially one made by humans",,path;way;highway,,,18,18,3,BroadcastText;ItemSparse;JournalEncounterSection,road:18,38.9444,1.0,False,
harbor,harbor,harbor,,harbor,harbor,base,harbor,,,travel_places,,a place where ships can find shelter and safety,,port;haven;shore,,,15,15,3,BroadcastText;ItemSparse;JournalEncounter,harbor:15,38.7726,1.0,False,
peak,peak,peak,,peak,peak,base,peak,,,travel_places,,the highest point of a mountain or hill,,summit;apex;crest,,,10,10,3,BroadcastText;ItemSparse;JournalEncounterSection,peak:10,38.3979,1.0,False,
refuge,refuge,refuge,,refuge,refuge,base,refuge,,,travel_places,,a place of safety or shelter,,shelter;sanctuary;haven,,,6,6,3,BroadcastText;ItemSparse;JournalEncounter,refuge:6,37.9459,1.0,False,
village,village,village,,village,village,base,village,,,travel_places,,a small settlement or community of people,,settlement;community;town,,,40,40,2,BroadcastText;ItemSparse,village:40,37.7136,1.0,False,
three-falls,three-fall,three-falls,,three-fall,three-fall,compound,three-falls,,three-falls,travel_places,,a place with three waterfalls,,waterfall;place;location,,,6,6,2,BroadcastText;ItemSparse,three-falls:6,30.9459,0.8,False,
in-between,in-between,in-between,,in-between,in-between,compound,in-between,,in-between,travel_places,,"located, situated between two places or things",,between;situated,outside;beyond,,2,2,2,BroadcastText;ItemSparse,in-between:2,30.0986,0.8,False,
one-time,one-time,one-time,,one-time,one-time,compound,one-time,,one-time,travel_places,,"single, solitary event or occurrence",,single;solitary,repeated;frequent,,2,2,2,ItemSparse;JournalEncounter,one-time:2,30.0986,0.8,False,
nexus-point,nexus-point,nexus-point,,nexus-point,nexus-point,compound,nexus-point,,nexus-point,travel_places,,a point or location that connects different things or places,,point;location;connects,,,4,3,1,JournalEncounter,nexus-point:4,28.6094,0.8,False,
eldritch,eldritch,eldritch,,eldritch,eldritch,base,eldritch,,,void_old_gods_cosmic_horror,,"strange or unnatural, often used to describe something that is eerie or unsettling",,abyssal;void-touched;cosmic,natural;normal;human,,14,14,3,ItemSparse;JournalEncounter;JournalEncounterSection,eldritch:14,88.7081,0.9,False,
void-touched,void-touch,void-touched,,void-touch,void-touch,compound,void-touched,,void-touched,void_old_gods_cosmic_horror,,tainted or influenced by the void,,corrupted;defiled,,,16,15,2,ItemSparse;JournalEncounterSection,void-touched:16,61.8332,0.6,True,low_confidence
horrific,horrific,horrific,,horrific,horrific,base,horrific,,,void_old_gods_cosmic_horror,,"extremely frightening or disturbing, often in a way that is supernatural or unnatural",,frightening;disturbing;supernatural,pleasant;enjoyable,,42,40,5,BroadcastText;ItemNameDescription;ItemSparse;JournalEncounter;JournalEncounterSection,horrific:42,43.7612,0.6,True,low_confidence
rift,rift,rift,,rift,rift,base,rift,,,void_old_gods_cosmic_horror,,"a long, narrow opening or division in a rock face or other surface",,opening;division;split,unbroken;intact,,81,74,4,BroadcastText;ItemSparse;JournalEncounter;JournalEncounterSection,rift:81,42.4067,0.1,True,low_confidence
watcher,watcher,watcher,,watcher,watcher,base,watcher,,,void_old_gods_cosmic_horror,,a person or being who observes or watches something,,observer;witness;guardian,actor;participant,,75,75,4,BroadcastText;ItemSparse;JournalEncounter;JournalEncounterSection,watcher:75,42.3307,0.1,True,low_confidence
maddening,madden,maddening,,madden,madden,inflected_form,maddening,,,void_old_gods_cosmic_horror,,"causing or inducing madness, especially in a way that is frightening or disturbing",,terrifying;frightening;horrific,soothing;calming;peaceful,,26,25,4,BroadcastText;ItemSparse;JournalEncounter;JournalEncounterSection,maddening:26,41.2958,0.7,True,low_confidence
abyssal,abyssal,abyssal,,abyssal,abyssal,base,abyssal,,,void_old_gods_cosmic_horror,,"relating to or resembling an abyss, often in a way that is considered deep or profound",,abysmal;bottomless;infinite,shallow;superficial;limited,,49,49,3,ItemSparse;JournalEncounter;JournalEncounterSection,abyssal:49,39.912,0.8,False,
faceless,faceless,faceless,,faceless,faceless,base,faceless,,,void_old_gods_cosmic_horror,,having no face or identity,,featureless;formless;anonymous,,,33,28,3,ItemSparse;JournalEncounter;JournalEncounterSection,faceless:33,39.5264,1.0,False,
spectral,spectral,spectral,,spectral,spectral,base,spectral,,,void_old_gods_cosmic_horror,,relating to or resembling a ghost or spirit,,ghostly;spiritual;ethereal,,,19,19,3,ItemSparse;JournalEncounter;JournalEncounterSection,spectral:19,38.9957,1.0,False,
ominous,ominou,ominous,,ominou,ominou,inflected_form,ominous,,,void_old_gods_cosmic_horror,,giving a feeling of fear or anxiety because something is likely to happen,,fearful;anxious;foreboding,,,18,18,3,BroadcastText;ItemSparse;JournalEncounterSection,ominous:18,38.9444,1.0,False,
baleful,baleful,baleful,,baleful,baleful,base,baleful,,,void_old_gods_cosmic_horror,,causing harm or misfortune,,harmful;misfortunate;unlucky,,,3,3,3,ItemNameDescription;JournalEncounter;JournalEncounterSection,baleful:3,37.3863,1.0,False,
unraveling,unravel,unraveling,,unravel,unravel,inflected_form,unraveling,,,void_old_gods_cosmic_horror,,the act of becoming disordered or confused,,disorder;confusion;chaos,,,19,19,2,ItemSparse;JournalEncounterSection,unraveling:19,36.9957,1.0,False,
ra-den,ra-den,ra-den,,ra-den,ra-den,compound,ra-den,,ra-den,void_old_gods_cosmic_horror,,a powerful and mysterious being,,powerful;mysterious;ancient,weak;ordinary,,20,16,4,BroadcastText;ItemSparse;JournalEncounter;JournalEncounterSection,ra-den:20,36.0445,0.9,False,
nexus-king,nexus-k,nexus-king,,nexus-k,nexus-k,compound,nexus-king,,nexus-king,void_old_gods_cosmic_horror,,a powerful and mysterious ruler or leader,,powerful;mysterious;ruler,weak;ordinary,,12,11,4,BroadcastText;ItemSparse;JournalEncounter;JournalEncounterSection,nexus-king:12,35.5649,0.9,False,
chrono-lord,chrono-lord,chrono-lord,,chrono-lord,chrono-lord,compound,chrono-lord,,chrono-lord,void_old_gods_cosmic_horror,,a person or thing associated with time and chronology,,time;chronology;epoch,amorphous;unstructured,,14,14,3,ItemSparse;JournalEncounter;JournalEncounterSection,chrono-lord:14,33.7081,0.9,False,
war-god,war-god,war-god,,war-god,war-god,compound,war-god,,war-god,void_old_gods_cosmic_horror,,a person or thing associated with war and conflict,,god;deity;warrior,peaceful;pacifist,,12,11,3,BroadcastText;JournalEncounter;JournalEncounterSection,war-god:12,33.5649,0.9,False,
gibbering,gibber,gibbering,,gibber,gibber,inflected_form,gibbering,,,void_old_gods_cosmic_horror,,making a strange or incoherent noise,,babbling;rambling;incoherent,clear;distinct;intelligible,,1,1,1,JournalEncounterSection,gibbering:1,32.6931,0.9,False,
yogg-saron,yogg-saron,yogg-saron,,yogg-saron,yogg-saron,compound,yogg-saron,,yogg-saron,void_old_gods_cosmic_horror,,"Old God, cosmic horror",,cthun;twilight's hammer,,,36,32,2,JournalEncounter;JournalEncounterSection,yogg-saron:36,32.6109,1.0,False,
shadow-lord,shadow-lord,shadow-lord,,shadow-lord,shadow-lord,compound,shadow-lord,,shadow-lord,void_old_gods_cosmic_horror,,"powerful, dark lord of shadows",,dark;lord,light;good,,3,3,2,JournalEncounter;JournalEncounterSection,shadow-lord:3,30.3863,0.8,False,
proto-behemoth,proto-behemoth,proto-behemoth,,proto-behemoth,proto-behemoth,compound,proto-behemoth,,proto-behemoth,void_old_gods_cosmic_horror,,a primitive or ancient behemoth-like creature,,primordial;ancient;mythical,modern;contemporary;realistic,,9,8,1,JournalEncounterSection,proto-behemoth:9,29.3026,0.7,True,low_confidence
night-twisted,night-twist,night-twisted,,night-twist,night-twist,compound,night-twisted,,night-twisted,void_old_gods_cosmic_horror,,twisted or distorted by the power of night or darkness,,distorted;twisted;warped,straight;normal;healthy,,8,7,1,JournalEncounterSection,night-twisted:8,29.1972,0.8,False,
jan-xi,jan-xi,jan-xi,,jan-xi,jan-xi,compound,jan-xi,,jan-xi,void_old_gods_cosmic_horror,,a type of ancient being or entity,,qin-xi;ancient;being,modern;human,,7,7,1,JournalEncounterSection,jan-xi:7,29.0794,0.8,False,
qin-xi,qin-xi,qin-xi,,qin-xi,qin-xi,compound,qin-xi,,qin-xi,void_old_gods_cosmic_horror,,a type of ancient being or entity,,jan-xi;ancient;being,modern;human,,7,7,1,JournalEncounterSection,qin-xi:7,29.0794,0.8,False,
lightning-waker,lightning-waker,lightning-waker,,lightning-waker,lightning-waker,compound,lightning-waker,,lightning-waker,void_old_gods_cosmic_horror,,a being or entity that controls lightning,,lightning;being;entity,calm;peaceful,,6,6,1,JournalEncounterSection,lightning-waker:6,28.9459,0.7,True,low_confidence
shadow-scorched,shadow-scorch,shadow-scorched,,shadow-scorch,shadow-scorch,compound,shadow-scorched,,shadow-scorched,void_old_gods_cosmic_horror,,something that has been scorched or burned by shadowy energy,,scorched;burned;energy,untouched;unharmed,,6,4,1,JournalEncounterSection,shadow-scorched:6,28.9459,0.8,False,
void-scarred,void-scarr,void-scarred,,void-scarr,void-scarr,compound,void-scarred,,void-scarred,void_old_gods_cosmic_horror,,something that has been scarred or damaged by the void,,scar;damage;void,untouched;unharmed,,6,6,1,ItemSparse,void-scarred:6,28.9459,0.8,False,
ember-charred,ember-charr,ember-charred,,ember-charr,ember-charr,compound,ember-charred,,ember-charred,void_old_gods_cosmic_horror,,something that has been charred or burned by embers,,charred;burned;embers,untouched;unharmed,,5,5,1,JournalEncounterSection,ember-charred:5,28.7918,0.8,False,
imp-losion,imp-losion,imp-losion,,imp-losion,imp-losion,compound,imp-losion,,imp-losion,void_old_gods_cosmic_horror,,a type of explosion or destructive event caused by an imp,,explosion;event;imp,,,4,4,1,JournalEncounterSection,imp-losion:4,28.6094,0.8,False,
vengeance,vengeance,vengeance,,vengeance,vengeance,base,vengeance,,,war_conflict,,the act of taking revenge or punishing someone for a past wrong,,revenge;punishment;retaliation,mercy;forgiveness,,79,79,5,BroadcastText;ItemNameDescription;ItemSparse;JournalEncounter;JournalEncounterSection,vengeance:79,44.382,0.3,True,low_confidence
assault,assault,assault,,assault,assault,base,assault,,,war_conflict,,a sudden attack or violent act,,attack;violence;aggression,defense;protection,,170,163,4,BroadcastText;ItemSparse;JournalEncounter;JournalEncounterSection,assault:170,43.1417,0.8,False,
siege,siege,siege,,siege,siege,base,siege,,,war_conflict,,a prolonged attack on a fortified place,,invasion;conquer,,,67,63,4,BroadcastText;ItemSparse;JournalEncounter;JournalEncounterSection,siege:67,42.2195,1.0,False,
slain,slain,slain,,slain,slain,base,slain,,,war_conflict,,killed or murdered,,fallen;wounded,,,64,64,4,BroadcastText;ItemSparse;JournalEncounter;JournalEncounterSection,slain:64,42.1744,1.0,False,
fell,fell,fell,,fell,fell,base,fell,,,war_conflict,,killed or defeated in battle,,slain;wounded,,,46,45,4,BroadcastText;ItemSparse;JournalEncounter;JournalEncounterSection,fell:46,41.8501,1.0,False,
wounded,wound,wounded,,wound,wound,inflected_form,wounded,,,war_conflict,,"hurt or injured, especially in battle",,slain;fell,,,43,41,4,BroadcastText;ItemSparse;JournalEncounter;JournalEncounterSection,wounded:43,41.7842,1.0,False,
invasion,invasion,invasion,,invasion,invasion,base,invasion,,,war_conflict,,"the act of entering a country or region with the intention of conquering it, typically by military force",,attack;assault;raid,,,38,37,4,BroadcastText;ItemSparse;JournalEncounter;JournalEncounterSection,invasion:38,41.6636,1.0,False,
conquer,conquer,conquer,,conquer,conquer,base,conquer,,,war_conflict,,"to defeat or overcome someone or something, especially in a way that is considered impressive or victorious",,defeat;overcome;victory,lose;fail;surrender,,16,16,4,BroadcastText;ItemSparse;JournalEncounter;JournalEncounterSection,conquer:16,40.8332,0.8,False,
conquered,conquer,conquered,,conquer,conquer,inflected_form,conquered,,,war_conflict,,won or gained control over a place or people,,victorious;triumphant;dominant,defeated;subjugated;overpowered,,12,11,4,BroadcastText;ItemSparse;JournalEncounter;JournalEncounterSection,conquered:12,40.5649,0.8,False,
treacherous,treacherou,treacherous,,treacherou,treacherou,inflected_form,treacherous,,,war_conflict,,"disloyal or deceitful, often in a way that is harmful",,deceptive;dishonest;untrustworthy,loyal;faithful;reliable,,12,12,4,BroadcastText;ItemSparse;JournalEncounter;JournalEncounterSection,treacherous:12,40.5649,0.8,False,
oathstone,oathstone,oathstone,,oathstone,oathstone,base,oathstone,,,war_conflict,,a stone or object that is used to swear an oath or promise,,token;pledge;vow,,,12,12,3,BroadcastText;ItemSparse;JournalEncounterSection,oathstone:12,38.5649,1.0,False,
rebellion,rebellion,rebellion,,rebellion,rebellion,base,rebellion,,,war_conflict,,an act of rising up against a government or authority,,insurrection;uprising;revolt,,,12,12,3,BroadcastText;ItemSparse;JournalEncounter,rebellion:12,38.5649,1.0,False,
ambush,ambush,ambush,,ambush,ambush,base,ambush,,,war_conflict,,an attack on someone or something that is unexpected and often sudden,,surprise;attack;raid,,,10,10,3,BroadcastText;ItemSparse;JournalEncounterSection,ambush:10,38.3979,1.0,False,
exile,exile,exile,,exile,exile,base,exile,,,war_conflict,,"a person who is forced to leave their home or country, often because of a crime or punishment",,banished;outcast;estranged,,,10,10,3,BroadcastText;ItemSparse;JournalEncounterSection,exile:10,38.3979,1.0,False,
sapper,sapper,sapper,,sapper,sapper,base,sapper,,,war_conflict,,"a person who digs or excavates, often in a military context",,soldier;engineer;demolitions,builder;constructor,,5,4,1,JournalEncounterSection,sapper:5,33.7918,0.9,False,
uprising,upris,uprising,,upris,upris,inflected_form,uprising,,,war_conflict,,a sudden or violent rebellion against authority,,rebellion;insurrection;revolt,peaceful;orderly;submissive,,1,1,1,ItemSparse,uprising:1,32.6931,0.9,False,
battle-tested,battle-test,battle-tested,,battle-test,battle-test,compound,battle-tested,,battle-tested,war_conflict,,"Battle-tested, war and conflict",,maneuverability;maximum,,,72,72,1,ItemSparse,battle-tested:72,31.2905,1.0,False,
ley-guardian,ley-guardian,ley-guardian,,ley-guardian,ley-guardian,compound,ley-guardian,,ley-guardian,war_conflict,,"Ley-Guardian, war and conflict",,Eregos;magic,,,7,6,2,JournalEncounter;JournalEncounterSection,ley-guardian:7,31.0794,1.0,False,
war-band,war-band,war-band,,war-band,war-band,compound,war-band,,war-band,war_conflict,,"War-Band, war and conflict",,Hackclaw;Brackenhide,,,7,5,2,JournalEncounter;JournalEncounterSection,war-band:7,31.0794,1.0,False,
counter-attack,counter-attack,counter-attack,,counter-attack,counter-attack,compound,counter-attack,,counter-attack,war_conflict,,an attack made in response to an enemy's attack,,attack;enemy;response,,,4,4,2,BroadcastText;JournalEncounterSection,counter-attack:4,30.6094,0.8,False,
quickly--the,quickly--the,quickly--the,,quickly--the,quickly--the,compound,quickly--the,,quickly--the,war_conflict,,"fast, swift movement in battle",,rapid;swift,slowly,,3,3,2,BroadcastText;ItemSparse,quickly--the:3,30.3863,0.7,True,low_confidence
all-out,all-out,all-out,,all-out,all-out,compound,all-out,,all-out,war_conflict,,"total, complete effort, no holds barred",,full;complete,half-hearted;partial,,2,2,2,JournalEncounter;JournalEncounterSection,all-out:2,30.0986,0.8,False,
head-on,head-on,head-on,,head-on,head-on,compound,head-on,,head-on,war_conflict,,"direct, frontal attack or confrontation",,direct;frontal,indirect;circumvent,,2,2,2,BroadcastText;ItemSparse,head-on:2,30.0986,0.7,True,low_confidence
raid-wide,raid-wide,raid-wide,,raid-wide,raid-wide,compound,raid-wide,,raid-wide,war_conflict,,affecting or involving the entire raid group,,group;team;collective,individual;personal;private,,11,11,1,JournalEncounterSection,raid-wide:11,29.4849,0.9,False,
anti-air,anti-air,anti-air,,anti-air,anti-air,compound,anti-air,,anti-air,war_conflict,,designed to counter or prevent air attacks,,defensive;protective;shielding,pro-air;air-supportive;aerial-friendly,,10,6,1,JournalEncounterSection,anti-air:10,29.3979,0.8,False,
party-wide,party-wide,party-wide,,party-wide,party-wide,compound,party-wide,,party-wide,war_conflict,,affecting or involving the entire party group,,group;team;collective,individual;personal;private,,10,8,1,JournalEncounterSection,party-wide:10,29.3979,0.9,False,
co-tank,co-tank,co-tank,,co-tank,co-tank,compound,co-tank,,co-tank,war_conflict,,a tank or defensive player who works together with another tank,,team;group;collective,individual;personal;private,,8,7,1,JournalEncounterSection,co-tank:8,29.1972,0.9,False,
crowd-controlling,crowd-controll,crowd-controlling,,crowd-controll,crowd-controll,compound,crowd-controlling,,crowd-controlling,war_conflict,,designed to control or manage a large group of people,,regulating;managing;coordinating,chaotic;uncontrolled;disorganized,,7,7,1,JournalEncounterSection,crowd-controlling:7,29.0794,0.9,False,
group-wide,group-wide,group-wide,,group-wide,group-wide,compound,group-wide,,group-wide,war_conflict,,something that affects or involves a group of people,,group;people;affect,individual;personal,,5,4,1,JournalEncounterSection,group-wide:5,28.7918,0.7,True,low_confidence
foot-blasters,foot-blaster,foot-blasters,,foot-blaster,foot-blaster,compound,foot-blasters,,foot-blasters,war_conflict,,a type of explosive device or weapon,,device;weapon;explosive,,,4,4,1,JournalEncounterSection,foot-blasters:4,28.6094,0.9,False,
