word,lemma,headword,part_of_speech,word_family_id,canonical_headword,family_role,forms,derived_forms,compound_forms,categories,register,meaning_en_simple,semantic_notes,related_words,opposites,common_collocations,raw_count_total,document_frequency_total,source_diversity,source_tables,form_counts,core_score,confidence,needs_human_review,review_reason
weathered,weather,weathered,,weather,weather,inflected_form,weathered,,,ancient_ruins_memory,,worn out or damaged by exposure to the elements,,withered;dormant;forsaken,verdant;lush;primal,,19,19,1,ItemSparse,weathered:19,114.9957,0.8,False,
dormant,dormant,dormant,,dormant,dormant,base,dormant,,,ancient_ruins_memory,,in a state of inactivity or suspended animation,,withered;weathered;forsaken,verdant;lush;primal,,49,43,4,BroadcastText;ItemSparse;JournalEncounter;JournalEncounterSection,dormant:49,91.912,0.8,False,
veiled,veil,veiled,,veil,veil,inflected_form,veiled,,,ancient_ruins_memory,,"hidden or concealed, often in a mysterious or obscure way",,sealed;buried;dormant,exposed;revealed;manifest,,17,17,3,BroadcastText;ItemSparse;JournalEncounterSection,veiled:17,88.8904,0.8,False,
forgotten,forgotten,forgotten,,forgotten,forgotten,base,forgotten,,,ancient_ruins_memory,,having been forgotten or left behind,,forgotten;abandoned;neglected,remembered;recalled,,80,80,4,BroadcastText;ItemSparse;JournalEncounter;JournalEncounterSection,forgotten:80,42.3944,0.1,True,low_confidence
hidden,hidden,hidden,,hidden,hidden,base,hidden,,,ancient_ruins_memory,,having been concealed or hidden from view,,concealed;hidden;secret,visible;exposed,,80,80,4,BroadcastText;ItemSparse;JournalEncounter;JournalEncounterSection,hidden:80,42.3944,0.1,True,low_confidence
restored,restore,restored,,restore,restore,inflected_form,restored,,,ancient_ruins_memory,,made or brought back to a former state of good condition,,memories;Runecarver,,,57,56,4,BroadcastText;ItemSparse;JournalEncounter;JournalEncounterSection,restored:57,42.0604,1.0,False,
primordial,primordial,primordial,,primordial,primordial,base,primordial,,,ancient_ruins_memory,,"existing or occurring at the beginning of something, especially one that is considered ancient or primitive",,ancient;primitive;primeval,modern;advanced;sophisticated,,16,15,4,ItemNameDescription;ItemSparse;JournalEncounter;JournalEncounterSection,primordial:16,40.8332,0.8,False,
ruins,ruin,ruins,,ruin,ruin,inflected_form,ruins,,,ancient_ruins_memory,,remains of a destroyed or abandoned building or place,,destruction;abandonment;decay,,,32,30,3,BroadcastText;ItemSparse;JournalEncounter,ruins:32,39.4965,1.0,False,
crumbling,crumbl,crumbling,,crumbl,crumbl,inflected_form,crumbling,,,ancient_ruins_memory,,"falling apart or breaking down, especially because of age or wear",,decaying;rotting;ruined,,,10,10,3,ItemSparse;JournalEncounter;JournalEncounterSection,crumbling:10,38.3979,1.0,False,
faded,fad,faded,,fad,fad,inflected_form,faded,,,ancient_ruins_memory,,"becoming less bright or intense, especially because of age or wear",,diminished;weakened;waning,,,76,76,2,ItemSparse;JournalEncounterSection,faded:76,38.3438,1.0,False,
archive,archive,archive,,archive,archive,base,archive,,,ancient_ruins_memory,,a collection of historical documents or records,,documents;records;history,,,17,17,2,BroadcastText;ItemSparse,archive:17,36.8904,1.0,False,
reclaimed,reclaim,reclaimed,,reclaim,reclaim,inflected_form,reclaimed,,,ancient_ruins_memory,,regained or recovered something that was lost,,regain;recover;retrieve,,,13,13,2,BroadcastText;ItemSparse,reclaimed:13,36.6391,1.0,False,
primeval,primeval,primeval,,primeval,primeval,base,primeval,,,ancient_ruins_memory,,"existing from the beginning of time, or very old",,ancient;primordial;archaic,modern;new,,5,5,1,JournalEncounterSection,primeval:5,33.7918,0.8,False,
archaic,archaic,archaic,,archaic,archaic,base,archaic,,,ancient_ruins_memory,,"old-fashioned or outdated, often in a linguistic sense",,ancient;primordial;archaism,modern;contemporary,,4,4,1,ItemSparse,archaic:4,33.6094,0.8,False,
long-forgotten,long-forgotten,long-forgotten,,long-forgotten,long-forgotten,compound,long-forgotten,,long-forgotten,ancient_ruins_memory,,something that has been forgotten for a long time,,forgotten;lost;abandoned,remembered;preserved,,11,11,3,ItemSparse;JournalEncounter;JournalEncounterSection,long-forgotten:11,33.4849,0.8,False,
roh-kalo,roh-kalo,roh-kalo,,roh-kalo,roh-kalo,compound,roh-kalo,,roh-kalo,ancient_ruins_memory,,"Roh-Kalo, ancient ruins and memory",,fatescribe;Korthia's secrets,,,11,10,2,JournalEncounter;JournalEncounterSection,roh-kalo:11,31.4849,1.0,False,
half-finished,half-finish,half-finished,,half-finish,half-finish,compound,half-finished,,half-finished,ancient_ruins_memory,,not yet completed or finished,,finish;complete;incomplete,,,5,5,2,ItemSparse;JournalEncounterSection,half-finished:5,30.7918,0.8,False,
once-great,once-great,once-great,,once-great,once-great,compound,once-great,,once-great,ancient_ruins_memory,,"former, past greatness or glory",,great;former,small;unimportant,,2,2,2,BroadcastText;ItemSparse,once-great:2,30.0986,0.7,True,low_confidence
foul-smelling,foul-smell,foul-smelling,,foul-smell,foul-smell,compound,foul-smelling,,foul-smelling,ancient_ruins_memory,,having a strong and unpleasant smell,,stinky;odorous;fetid,fragrant;sweet-smelling;pleasant,,11,11,1,ItemSparse,foul-smelling:11,29.4849,0.7,True,low_confidence
odd-looking,odd-look,odd-looking,,odd-look,odd-look,compound,odd-looking,,odd-looking,ancient_ruins_memory,,something that looks unusual or strange,,look;appear;strange,normal;usual,,6,6,1,ItemSparse,odd-looking:6,28.9459,0.8,False,
complicated-looking,complicated-look,complicated-looking,,complicated-look,complicated-look,compound,complicated-looking,,complicated-looking,ancient_ruins_memory,,something that looks complex or difficult to understand,,look;appear;complex,simple;easy,,5,5,1,ItemSparse,complicated-looking:5,28.7918,0.7,True,low_confidence
rak-zakaz,rak-zakaz,rak-zakaz,,rak-zakaz,rak-zakaz,compound,rak-zakaz,,rak-zakaz,ancient_ruins_memory,,a mysterious place or ritual site,,place;ritual,,,5,5,1,ItemSparse,rak-zakaz:5,28.7918,0.8,False,
eco-dome,eco-dome,eco-dome,,eco-dome,eco-dome,compound,eco-dome,,eco-dome,ancient_ruins_memory,,a structure or building that is environmentally friendly,,structure;building;environmentally friendly,,,4,4,1,ItemSparse,eco-dome:4,28.6094,0.8,False,
many-faced,many-fac,many-faced,,many-fac,many-fac,compound,many-faced,,many-faced,ancient_ruins_memory,,having many faces or aspects,,faces;aspects,,,4,4,1,ItemSparse,many-faced:4,28.6094,0.9,False,
well-preserved,well-preserv,well-preserved,,well-preserv,well-preserv,compound,well-preserved,,well-preserved,ancient_ruins_memory,,"kept in good condition, especially after a long time",,preserved;conserved;protected,ruined;destroyed;vandalized,,3,3,1,ItemSparse,well-preserved:3,28.3863,0.8,False,
cast-off,cast-off,cast-off,,cast-off,cast-off,compound,cast-off,,cast-off,ancient_ruins_memory,,something that has been discarded or rejected,,discard;reject;abandon,cherished;valued;preserved,,2,2,1,ItemSparse,cast-off:2,28.0986,0.8,False,
ever-as,ever-a,ever-as,,ever-a,ever-a,compound,ever-as,,ever-as,ancient_ruins_memory,,something that remains or continues forever,,eternal;permanent;enduring,temporary;transitory;ephemeral,,2,2,1,ItemSparse,ever-as:2,28.0986,0.7,True,low_confidence
once-powerful,once-powerful,once-powerful,,once-powerful,once-powerful,compound,once-powerful,,once-powerful,ancient_ruins_memory,,"having been powerful in the past, often used to describe people or things",,power;past;person,,,2,2,1,BroadcastText,once-powerful:2,28.0986,0.8,False,
once-valuable,once-valuable,once-valuable,,once-valuable,once-valuable,compound,once-valuable,,once-valuable,ancient_ruins_memory,,"having been valuable in the past, often used to describe objects or items",,value;past;object,,,2,2,1,ItemSparse,once-valuable:2,28.0986,0.7,True,low_confidence
pre-cage,pre-cage,pre-cage,,pre-cage,pre-cage,compound,pre-cage,,pre-cage,ancient_ruins_memory,,"existing or occurring before a cage or enclosure, often used to describe people or things",,cage;person;thing,,,2,2,1,ItemSparse,pre-cage:2,28.0986,0.8,False,
soot-covered,soot-cover,soot-covered,,soot-cover,soot-cover,compound,soot-covered,,soot-covered,ancient_ruins_memory,,covered in soot,,soot;smoke;ash,clean;spotless;unblemished,,2,2,1,ItemSparse,soot-covered:2,28.0986,0.8,False,
archive--why,archive--why,archive--why,,archive--why,archive--why,compound,archive--why,,archive--why,ancient_ruins_memory,,relating to or dealing with the preservation and storage of knowledge or memories,,,,,1,1,1,BroadcastText,archive--why:1,27.6931,0.9,False,
clearly-defined,clearly-defin,clearly-defined,,clearly-defin,clearly-defin,compound,clearly-defined,,clearly-defined,ancient_ruins_memory,,having a clear or distinct shape,,distinct;defined;shaped,vague;indistinct,,1,1,1,ItemSparse,clearly-defined:1,27.6931,0.8,False,
clearly-unused,clearly-unus,clearly-unused,,clearly-unus,clearly-unus,compound,clearly-unused,,clearly-unused,ancient_ruins_memory,,obviously not being used or employed,,unused;abandoned;neglected,used;utilized,,1,1,1,ItemSparse,clearly-unused:1,27.6931,0.9,False,
damaged--cut,damaged--cut,damaged--cut,,damaged--cut,damaged--cut,compound,damaged--cut,,damaged--cut,ancient_ruins_memory,,something that has been broken or harmed in some way,,damaged;cut;broken,,,1,1,1,BroadcastText,damaged--cut:1,27.6931,0.6,True,low_confidence
dog-earred,dog-earr,dog-earred,,dog-earr,dog-earr,compound,dog-earred,,dog-earred,ancient_ruins_memory,,having a page turned down with a corner folded over,,page;folded;corner,,,1,1,1,ItemSparse,dog-earred:1,27.6931,0.4,True,low_confidence
dust-covered,dust-cover,dust-covered,,dust-cover,dust-cover,compound,dust-covered,,dust-covered,ancient_ruins_memory,,covered in or having a layer of dust,,dust;dirt;grime,clean;spotless,,1,1,1,ItemSparse,dust-covered:1,27.6931,0.1,True,low_confidence
earth-encrusted,earth-encrust,earth-encrusted,,earth-encrust,earth-encrust,compound,earth-encrusted,,earth-encrusted,ancient_ruins_memory,,covered in or having a layer of earth or soil,,earth;soil;dirt,clean;spotless,,1,1,1,ItemSparse,earth-encrusted:1,27.6931,0.1,True,low_confidence
earthen-crafted,earthen-craft,earthen-crafted,,earthen-craft,earthen-craft,compound,earthen-crafted,,earthen-crafted,ancient_ruins_memory,,made or created using earthy materials or techniques,,earth;soil;clay,metallic;artificial,,1,1,1,ItemSparse,earthen-crafted:1,27.6931,0.1,True,low_confidence
hollowed-out,hollowed-out,hollowed-out,,hollowed-out,hollowed-out,compound,hollowed-out,,hollowed-out,ancient_ruins_memory,,"empty, hollow inside",,,,,1,1,1,JournalEncounterSection,hollowed-out:1,27.6931,0.6,True,low_confidence
initial-carving,initial-carv,initial-carving,,initial-carv,initial-carv,compound,initial-carving,,initial-carving,ancient_ruins_memory,,first or earliest carving on an object,,carve;etch;engrave,,,1,1,1,ItemSparse,initial-carving:1,27.6931,1.0,False,
inner-workings,inner-working,inner-workings,,inner-working,inner-working,compound,inner-workings,,inner-workings,ancient_ruins_memory,,internal mechanisms or processes of a machine or system,,work;mechanism;process,,,1,1,1,ItemSparse,inner-workings:1,27.6931,1.0,False,
it--until,it--until,it--until,,it--until,it--until,compound,it--until,,it--until,ancient_ruins_memory,,referring to a past event or time,,,,,1,1,1,ItemSparse,it--until:1,27.6931,1.0,False,
light-charred,light-charr,light-charred,,light-charr,light-charr,compound,light-charred,,light-charred,ancient_ruins_memory,,"having been charred or burned by light, often in the context of damage or destruction",,charred;burned;damage,intact;unscathed,,1,1,1,JournalEncounterSection,light-charred:1,27.6931,0.7,True,low_confidence
long-ago,long-ago,long-ago,,long-ago,long-ago,compound,long-ago,,long-ago,ancient_ruins_memory,,in the distant past,,forgotten;lost;buried,,,1,1,1,ItemSparse,long-ago:1,27.6931,0.7,True,low_confidence
long-gone,long-gone,long-gone,,long-gone,long-gone,compound,long-gone,,long-gone,ancient_ruins_memory,,having disappeared long ago,,lost;forgotten;extinct,,,1,1,1,ItemSparse,long-gone:1,27.6931,0.4,True,low_confidence
meticulously-maintained,meticulously-maintain,meticulously-maintained,,meticulously-maintain,meticulously-maintain,compound,meticulously-maintained,,meticulously-maintained,ancient_ruins_memory,,carefully preserved or maintained,,,,,1,1,1,ItemSparse,meticulously-maintained:1,27.6931,1.0,False,
near-illegible,near-illegible,near-illegible,,near-illegible,near-illegible,compound,near-illegible,,near-illegible,ancient_ruins_memory,,almost impossible to read or understand,,illegible;unreadable;obscure,clear;readable,,1,1,1,ItemSparse,near-illegible:1,27.6931,0.5,True,low_confidence
now-decrepit,now-decrepit,now-decrepit,,now-decrepit,now-decrepit,compound,now-decrepit,,now-decrepit,ancient_ruins_memory,,currently decrepit,,decrepit;family;words,,,1,1,1,JournalEncounter,now-decrepit:1,27.6931,0.5,True,low_confidence
now-empty,now-empty,now-empty,,now-empty,now-empty,compound,now-empty,,now-empty,ancient_ruins_memory,,currently empty,,empty;family;words,,,1,1,1,ItemSparse,now-empty:1,27.6931,0.4,True,low_confidence
now-lost,now-lost,now-lost,,now-lost,now-lost,compound,now-lost,,now-lost,ancient_ruins_memory,,currently lost,,lost;family;words,,,1,1,1,ItemSparse,now-lost:1,27.6931,0.3,True,low_confidence
once-stylish,once-stylish,once-stylish,,once-stylish,once-stylish,compound,once-stylish,,once-stylish,ancient_ruins_memory;corruption_defilement_curse,,formerly fashionable or attractive,,fashionable;attractive;stylish,unfashionable;unattractive;unstylish,,1,1,1,ItemSparse,once-stylish:1,27.6931,0.8,False,
once-sweet,once-sweet,once-sweet,,once-sweet,once-sweet,compound,once-sweet,,once-sweet,ancient_ruins_memory;corruption_defilement_curse,,formerly sweet or pleasant,,sweet;pleasant;delicious,unsweet;unpleasant;undelicious,,1,1,1,ItemSparse,once-sweet:1,27.6931,0.8,False,
once-useful,once-useful,once-useful,,once-useful,once-useful,compound,once-useful,,once-useful,ancient_ruins_memory;corruption_defilement_curse,,formerly useful or beneficial,,useful;beneficial;helpful,unuseful;harmful;detrimental,,1,1,1,ItemSparse,once-useful:1,27.6931,0.8,False,
once-vivid,once-vivid,once-vivid,,once-vivid,once-vivid,compound,once-vivid,,once-vivid,ancient_ruins_memory;corruption_defilement_curse,,formerly vivid or colorful,,vivid;colorful;bright,unvivid;dull;drab,,1,1,1,ItemSparse,once-vivid:1,27.6931,0.8,False,
perfectly-restored,perfectly-restor,perfectly-restored,,perfectly-restor,perfectly-restor,compound,perfectly-restored,,perfectly-restored,ancient_ruins_memory,,"fully restored to its original state, often used to describe a historical or cultural artifact",,,,,1,1,1,ItemSparse,perfectly-restored:1,27.6931,0.8,False,
poorly-inscribed,poorly-inscrib,poorly-inscribed,,poorly-inscrib,poorly-inscrib,compound,poorly-inscribed,,poorly-inscribed,ancient_ruins_memory,,having a poorly written or unclear inscription,,illegible;unreadable;obscure,clear;legible;evident,,1,1,1,ItemSparse,poorly-inscribed:1,27.6931,0.6,True,low_confidence
pre-printed,pre-print,pre-printed,,pre-print,pre-print,compound,pre-printed,,pre-printed,ancient_ruins_memory,,something that has already been printed or written,,printed;written;published,handwritten;typescript;unpublished,,1,1,1,ItemSparse,pre-printed:1,27.6931,0.1,True,low_confidence
previously-lost,previously-lost,previously-lost,,previously-lost,previously-lost,compound,previously-lost,,previously-lost,ancient_ruins_memory,,something that has been previously lost or forgotten,,lost;forgotten;obscure,found;remembered;well-known,,1,1,1,ItemSparse,previously-lost:1,27.6931,0.1,True,low_confidence
roh-suir,roh-suir,roh-suir,,roh-suir,roh-suir,compound,roh-suir,,roh-suir,ancient_ruins_memory,,a person or place related to ancient ruins or forgotten knowledge,,ruin;ancient,,,1,1,1,ItemSparse,roh-suir:1,27.6931,0.7,True,low_confidence
scratch-marks,scratch-mark,scratch-marks,,scratch-mark,scratch-mark,compound,scratch-marks,,scratch-marks,ancient_ruins_memory,,marks or scars from scratching or tattooing,,scars;blemishes;defects,,,1,1,1,ItemSparse,scratch-marks:1,27.6931,0.8,False,
sea-weathered,sea-weather,sea-weathered,,sea-weather,sea-weather,compound,sea-weathered,,sea-weathered,ancient_ruins_memory,,showing signs of age and exposure to the sea,,weathered;worn;aged,new;fresh;untouched,,1,1,1,ItemSparse,sea-weathered:1,27.6931,0.7,True,low_confidence
stone-carved,stone-carv,stone-carved,,stone-carv,stone-carv,compound,stone-carved,,stone-carved,ancient_ruins_memory,,carved from stone,,,,,1,1,1,ItemSparse,stone-carved:1,27.6931,0.8,False,
taur-ahe,taur-ahe,taur-ahe,,taur-ahe,taur-ahe,compound,taur-ahe,,taur-ahe,ancient_ruins_memory,,an ancient language or script,,written;form,,,1,1,1,ItemSparse,taur-ahe:1,27.6931,0.6,True,low_confidence
temporally-lost,temporally-lost,temporally-lost,,temporally-lost,temporally-lost,compound,temporally-lost,,temporally-lost,ancient_ruins_memory,,something that is lost or forgotten in time,,relic;song,,,1,1,1,ItemSparse,temporally-lost:1,27.6931,0.7,True,low_confidence
ten-thousand-year,ten-thousand-year,ten-thousand-year,,ten-thousand-year,ten-thousand-year,compound,ten-thousand-year,,ten-thousand-year,ancient_ruins_memory,,a duration of time that is ten thousand years long,,shelf life;ceramic,,,1,1,1,ItemSparse,ten-thousand-year:1,27.6931,0.8,False,
ten-thousand-year-old,ten-thousand-year-old,ten-thousand-year-old,,ten-thousand-year-old,ten-thousand-year-old,compound,ten-thousand-year-old,,ten-thousand-year-old,ancient_ruins_memory,,something that is ten thousand years old,,ceramic;chamber pot,,,1,1,1,ItemSparse,ten-thousand-year-old:1,27.6931,0.9,False,
vintage-feeling,vintage-feel,vintage-feeling,,vintage-feel,vintage-feel,compound,vintage-feeling,,vintage-feeling,ancient_ruins_memory,,having a nostalgic or old-fashioned quality,,retro;antique;classic,modern;new;contemporary,,1,1,1,ItemSparse,vintage-feeling:1,27.6931,0.7,True,low_confidence
water-stained,water-stain,water-stained,,water-stain,water-stain,compound,water-stained,,water-stained,ancient_ruins_memory,,"stained with water, often indicating age or neglect",,weathered;worn,new;pristine,,1,1,1,ItemSparse,water-stained:1,27.6931,0.6,True,low_confidence
water-streaked,water-streak,water-streaked,,water-streak,water-streak,compound,water-streaked,,water-streaked,ancient_ruins_memory,,"streaks of water on a surface, often indicating age or neglect",,weathered;worn,new;pristine,,1,1,1,ItemSparse,water-streaked:1,27.6931,0.5,True,low_confidence
water-worn,water-worn,water-worn,,water-worn,water-worn,compound,water-worn,,water-worn,ancient_ruins_memory,,"worn by water, often indicating age or neglect",,weathered;worn,new;pristine,,1,1,1,ItemSparse,water-worn:1,27.6931,0.4,True,low_confidence
web-weaving,web-weav,web-weaving,,web-weav,web-weav,compound,web-weaving,,web-weaving,ancient_ruins_memory,,"the act of weaving or manipulating webs, often used to describe craftsmanship or skill",,craft;skill;artisanship,ineptitude;incompetence,,1,1,1,ItemSparse,web-weaving:1,27.6931,0.3,True,low_confidence
worldcore--a,worldcore--a,worldcore--a,,worldcore--a,worldcore--a,compound,worldcore--a,,worldcore--a,ancient_ruins_memory,,the core of the world,,world;core,,,1,1,1,BroadcastText,worldcore--a:1,27.6931,1.0,False,
worldsoul--the,worldsoul--the,worldsoul--the,,worldsoul--the,worldsoul--the,compound,worldsoul--the,,worldsoul--the,ancient_ruins_memory,,the soul of the world,,world;soul,,,1,1,1,BroadcastText,worldsoul--the:1,27.6931,1.0,False,
zan-tien,zan-tien,zan-tien,,zan-tien,zan-tien,compound,zan-tien,,zan-tien,ancient_ruins_memory,,a person or place related to Zan-Tien,,Zan-Tien;person;place,,,1,1,1,ItemSparse,zan-tien:1,27.6931,1.0,False,
zin-azshari,zin-azshari,zin-azshari,,zin-azshari,zin-azshari,compound,zin-azshari,,zin-azshari,ancient_ruins_memory,,a person or place related to Zin-Azshari,,Zin-Azshari;person;place,,,1,1,1,ItemSparse,zin-azshari:1,27.6931,1.0,False,
fragment,fragment,fragment,,fragment,fragment,base,fragment,,,ancient_ruins_memory,,a small part of something that has been broken or separated from the rest,,piece;part,,,163,154,5,BroadcastText;ItemNameDescription;ItemSparse;JournalEncounter;JournalEncounterSection,fragment:163,15.0999,0.7,True,low_confidence
obsidian,obsidian,obsidian,,obsidian,obsidian,base,obsidian,,,ancient_ruins_memory,,"a dark, glossy volcanic glass",,rock;stone;mineral,,,131,122,5,BroadcastText;ItemNameDescription;ItemSparse;JournalEncounter;JournalEncounterSection,obsidian:131,14.8828,0.5,True,low_confidence
memory,memory,memory,,memory,memory,base,memory,,,ancient_ruins_memory,,the ability to remember or recall something from the past,,recollection;remembrance,,,69,66,5,BroadcastText;ItemNameDescription;ItemSparse;JournalEncounter;JournalEncounterSection,memory:69,14.2485,0.9,False,
echo,echo,echo,,echo,echo,base,echo,,,ancient_ruins_memory,,a repeated sound or a memory that is recalled from the past,,resonance;reminiscence,,,67,66,5,BroadcastText;ItemNameDescription;ItemSparse;JournalEncounter;JournalEncounterSection,echo:67,14.2195,0.8,False,
tainted,taint,tainted,,taint,taint,inflected_form,tainted,,,corruption_defilement_curse,,"contaminated or polluted, morally corrupted",,defiled;desecrated;profane,hallowed;consecrated;sanctified,,53,49,3,ItemSparse;JournalEncounter;JournalEncounterSection,tainted:53,119.989,0.8,False,
desecrated,desecrate,desecrated,,desecrate,desecrate,inflected_form,desecrated,,,corruption_defilement_curse,,"made or considered unclean, polluted",,defiled;tainted;profane,hallowed;consecrated;sanctified,,18,13,3,ItemSparse;JournalEncounter;JournalEncounterSection,desecrated:18,118.9444,0.8,False,
defiled,defile,defiled,,defile,defile,related_concept,defiled,,,corruption_defilement_curse,,"made or considered unclean, polluted",,tainted;desecrated;profane,hallowed;consecrated;sanctified,,11,10,3,BroadcastText;ItemSparse;JournalEncounterSection,defiled:11,118.4849,0.8,False,
sundered,sunder,sundered,,sunder,sunder,inflected_form,sundered,,,corruption_defilement_curse,,"broken or separated, torn apart",,defiled;desecrated;tainted,hallowed;consecrated;sanctified,,15,14,4,BroadcastText;ItemSparse;JournalEncounter;JournalEncounterSection,sundered:15,90.7726,0.8,False,
blighted,blight,blighted,,blight,blight,inflected_form,blighted,,,corruption_defilement_curse,,"affected or damaged by a curse, plague, or other negative force",,tainted;defiled;desecrated,hallowed;consecrated;sanctified,,4,4,3,BroadcastText;ItemSparse;JournalEncounterSection,blighted:4,87.6094,0.8,False,
tarnished,tarnish,tarnished,,tarnish,tarnish,inflected_form,tarnished,,,corruption_defilement_curse,,covered in a layer of corrosion or grime,,weathered;withered,,,10,10,1,ItemSparse,tarnished:10,84.3979,0.9,False,
corrupted,corrupt,corrupted,,corrupt,corrupt,related_concept,corrupted,,,corruption_defilement_curse,,tainted or influenced by evil or dark forces,,defiled;tainted,,,190,176,5,BroadcastText;ItemNameDescription;ItemSparse;JournalEncounter;JournalEncounterSection,corrupted:190,45.2523,0.9,False,
relic,relic,relic,,relic,relic,base,relic,,,corruption_defilement_curse,,an object or place that is considered sacred or of great importance,,treasured;sacred;important,profane;unholy,,97,92,5,BroadcastText;ItemNameDescription;ItemSparse;JournalEncounter;JournalEncounterSection,relic:97,44.585,0.9,False,
sealed,seal,sealed,,seal,seal,inflected_form,sealed,,,corruption_defilement_curse,,"closed or locked, often to keep something inside or out",,locked;closed;barred,unsealed;open,,84,84,5,BroadcastText;ItemNameDescription;ItemSparse;JournalEncounter;JournalEncounterSection,sealed:84,44.4427,0.7,True,low_confidence
awakened,awaken,awakened,,awaken,awaken,inflected_form,awakened,,,corruption_defilement_curse,,"made aware or conscious of something, often in a sudden or dramatic way",,aware;conscious;alert,asleep;unconscious,,79,70,5,BroadcastText;ItemNameDescription;ItemSparse;JournalEncounter;JournalEncounterSection,awakened:79,44.382,0.4,True,low_confidence
twisted,twist,twisted,,twist,twist,inflected_form,twisted,,,corruption_defilement_curse,,having been distorted or corrupted in some way,,distorted;corrupted;perverted,straight;normal,,143,133,4,BroadcastText;ItemSparse;JournalEncounter;JournalEncounterSection,twisted:143,42.9698,0.2,True,low_confidence
shattered,shatter,shattered,,shatter,shatter,inflected_form,shattered,,,corruption_defilement_curse,,having been broken or destroyed in some way,,broken;destroyed;ruined,intact;whole,,104,102,4,BroadcastText;ItemSparse;JournalEncounter;JournalEncounterSection,shattered:104,42.654,0.1,True,low_confidence
cursed,curs,cursed,,curs,curs,inflected_form,cursed,,,corruption_defilement_curse,,placed under a magical or supernatural penalty,,hexed;afflicted,,,58,56,4,BroadcastText;ItemSparse;JournalEncounter;JournalEncounterSection,cursed:58,42.0775,1.0,False,
stained,stain,stained,,stain,stain,inflected_form,stained,,,corruption_defilement_curse,,tainted or polluted by something unpleasant or unclean,,hexed;afflicted,,,46,46,4,BroadcastText;ItemSparse;JournalEncounter;JournalEncounterSection,stained:46,41.8501,1.0,False,
vile,vile,vile,,vile,vile,base,vile,,,corruption_defilement_curse,,morally repugnant or disgusting,,hexed;afflicted,,,46,46,4,BroadcastText;ItemSparse;JournalEncounter;JournalEncounterSection,vile:46,41.8501,1.0,False,
afflicted,afflict,afflicted,,afflict,afflict,inflected_form,afflicted,,,corruption_defilement_curse,,"suffering from a disease or injury, typically one that is serious or chronic",,ill;sick;injured,,,276,243,3,ItemSparse;JournalEncounter;JournalEncounterSection,afflicted:276,41.624,1.0,False,
decaying,decay,decaying,,decay,decay,inflected_form,decaying,,,corruption_defilement_curse,,"rotting or falling apart, typically due to age or disease",,rotten;moldy;fungal,,,31,29,4,ItemNameDescription;ItemSparse;JournalEncounter;JournalEncounterSection,decaying:31,41.4657,1.0,False,
warped,warp,warped,,warp,warp,inflected_form,warped,,,corruption_defilement_curse,,"twisted or distorted, especially in a way that is considered abnormal or unnatural",,twisted;distorted;deformed,straight;normal;natural,,16,16,4,BroadcastText;ItemSparse;JournalEncounter;JournalEncounterSection,warped:16,40.8332,0.7,True,low_confidence
fractured,fractur,fractured,,fractur,fractur,inflected_form,fractured,,,corruption_defilement_curse,,"broken or split, especially in a way that is considered incomplete or imperfect",,broken;split;shattered,whole;intact;complete,,119,115,3,BroadcastText;ItemSparse;JournalEncounterSection,fractured:119,40.7875,0.8,False,
searing,sear,searing,,sear,sear,inflected_form,searing,,,corruption_defilement_curse,,causing intense heat or pain,,blazing;scorching;fiery,cooling;soothing;chilling,,107,103,3,ItemSparse;JournalEncounter;JournalEncounterSection,searing:107,40.6821,0.8,False,
plagued,plague,plagued,,plague,plague,inflected_form,plagued,,,corruption_defilement_curse,,affected or troubled by a problem or difficulty,,afflicted;tormented;distressed,blessed;protected;untroubled,,11,11,4,BroadcastText;ItemSparse;JournalEncounter;JournalEncounterSection,plagued:11,40.4849,0.9,False,
smoldering,smolder,smoldering,,smolder,smolder,inflected_form,smoldering,,,corruption_defilement_curse,,"burning or glowing with a low, steady flame, often in a way that is considered smoky or unpleasant",,glowing;smoking;flickering,extinguished;dormant;inactive,,39,37,3,ItemSparse;JournalEncounter;JournalEncounterSection,smoldering:39,39.6889,0.8,False,
contaminated,contaminate,contaminated,,contaminate,contaminate,inflected_form,contaminated,,,corruption_defilement_curse,,made impure or polluted by something unwanted,,polluted;tainted;defiled,,,15,12,3,ItemSparse;JournalEncounter;JournalEncounterSection,contaminated:15,38.7726,1.0,False,
malignant,malignant,malignant,,malignant,malignant,base,malignant,,,corruption_defilement_curse,,"causing or showing harm or evil, especially in a way that is intentional or deliberate",,harmful;detrimental;pernicious,,,9,8,3,ItemSparse;JournalEncounter;JournalEncounterSection,malignant:9,38.3026,1.0,False,
rotting,rott,rotting,,rott,rott,inflected_form,rotting,,,corruption_defilement_curse,,"decaying or breaking down, especially because of age or wear",,decaying;putrid;foul,,,9,9,3,ItemSparse;JournalEncounter;JournalEncounterSection,rotting:9,38.3026,1.0,False,
marred,marr,marred,,marr,marr,inflected_form,marred,,,corruption_defilement_curse,,"damaged or disfigured, often in a way that is unpleasant to look at",,damage;disfigure;unpleasant,beautiful;attractive,,3,3,2,ItemSparse;JournalEncounter,marred:3,35.3863,0.8,False,
all-consuming,all-consum,all-consuming,,all-consum,all-consum,compound,all-consuming,,all-consuming,corruption_defilement_curse,,"All-consuming rage, corruption and curse",,malignant chaos;rage,,,3,3,3,ItemSparse;JournalEncounter;JournalEncounterSection,all-consuming:3,32.3863,1.0,False,
all-devouring,all-devour,all-devouring,,all-devour,all-devour,compound,all-devouring,,all-devouring,corruption_defilement_curse,,"All-Devouring, corruption and curse",,new;opponent,,,8,8,2,BroadcastText;JournalEncounter,all-devouring:8,31.1972,1.0,False,
anti-magic,anti-magic,anti-magic,,anti-magic,anti-magic,compound,anti-magic,,anti-magic,corruption_defilement_curse,,a type of magic that opposes other magic,,magic;oppose;curse,,,5,5,2,ItemNameDescription;JournalEncounterSection,anti-magic:5,30.7918,0.7,True,low_confidence
fel-infused,fel-infus,fel-infused,,fel-infus,fel-infus,compound,fel-infused,,fel-infused,corruption_defilement_curse,,contaminated with dark magic,,dark;magic;contaminate,,,5,5,2,ItemSparse;JournalEncounterSection,fel-infused:5,30.7918,0.8,False,
fel-powered,fel-power,fel-powered,,fel-power,fel-power,compound,fel-powered,,fel-powered,corruption_defilement_curse,,powered or energized by dark magic,,dark;magic;energy,,,4,4,2,ItemSparse;JournalEncounterSection,fel-powered:4,30.6094,0.9,False,
one-by-one,one-by-one,one-by-one,,one-by-one,one-by-one,compound,one-by-one,,one-by-one,corruption_defilement_curse,,"step by step, one at a time",,slowly;gradually,all-at-once,,3,3,2,ItemSparse;JournalEncounter,one-by-one:3,30.3863,0.8,False,
void-infused,void-infus,void-infused,,void-infus,void-infus,compound,void-infused,,void-infused,corruption_defilement_curse,,"contaminated, tainted by void energy",,tainted;polluted,pure;clean,,3,3,2,ItemSparse;JournalEncounter,void-infused:3,30.3863,0.7,True,low_confidence
sin-stained,sin-stain,sin-stained,,sin-stain,sin-stain,compound,sin-stained,,sin-stained,corruption_defilement_curse,,"tainted, stained by sin or evil",,stained;tainted,pure;clean,,2,2,2,JournalEncounter;JournalEncounterSection,sin-stained:2,30.0986,0.7,True,low_confidence
super-charged,super-charg,super-charged,,super-charg,super-charg,compound,super-charged,,super-charged,corruption_defilement_curse,,having a lot of energy or power,,charged;energized;powered,drained;exhausted;weakened,,2,2,2,ItemSparse;JournalEncounter,super-charged:2,30.0986,0.8,False,
whip-like,whip-like,whip-like,,whip-like,whip-like,compound,whip-like,,whip-like,corruption_defilement_curse,,like a whip in shape or movement,,tentacle;cord;plasma,soft;gentle;delicate,,2,2,2,ItemSparse;JournalEncounterSection,whip-like:2,30.0986,0.6,True,low_confidence
bile-o-tron,bile-o-tron,bile-o-tron,,bile-o-tron,bile-o-tron,compound,bile-o-tron,,bile-o-tron,corruption_defilement_curse,,a device or machine that produces bile or a similar substance,,device;machine;apparatus,healthy;wholesome;pure,,8,6,1,JournalEncounterSection,bile-o-tron:8,29.1972,0.7,True,low_confidence
poison-tipped,poison-tipp,poison-tipped,,poison-tipp,poison-tipp,compound,poison-tipped,,poison-tipped,corruption_defilement_curse,,having a tip or point that is poisonous,,poison;tip;point,safe;harmless,,6,6,1,JournalEncounterSection,poison-tipped:6,28.9459,0.9,False,
fel-afflicted,fel-afflict,fel-afflicted,,fel-afflict,fel-afflict,compound,fel-afflicted,,fel-afflicted,corruption_defilement_curse,,something that has been afflicted or affected by fel energy,,afflicted;affected;fel,healthy;whole,,5,5,1,JournalEncounterSection,fel-afflicted:5,28.7918,0.9,False,
oddly-shaped,oddly-shap,oddly-shaped,,oddly-shap,oddly-shap,compound,oddly-shaped,,oddly-shaped,corruption_defilement_curse,,having an unusual or irregular shape,,,,,4,4,1,ItemSparse,oddly-shaped:4,28.6094,0.7,True,low_confidence
anti-venom,anti-venom,anti-venom,,anti-venom,anti-venom,compound,anti-venom,,anti-venom,corruption_defilement_curse,,a medicine or treatment used to counteract poison,,,,,3,3,1,ItemSparse,anti-venom:3,28.3863,0.9,False,
damage-over-time,damage-over-time,damage-over-time,,damage-over-time,damage-over-time,compound,damage-over-time,,damage-over-time,corruption_defilement_curse,,a type of damage that increases over time,,,,,3,3,1,JournalEncounterSection,damage-over-time:3,28.3863,0.9,False,
flesh-eaters,flesh-eater,flesh-eaters,,flesh-eater,flesh-eater,compound,flesh-eaters,,flesh-eaters,corruption_defilement_curse,,creatures that consume flesh,,undead;ghoul;corpse,sacred;holy,,3,2,1,JournalEncounterSection,flesh-eaters:3,28.3863,0.9,False,
anti-demon,anti-demon,anti-demon,,anti-demon,anti-demon,compound,anti-demon,,anti-demon,corruption_defilement_curse,,opposed to or resistant to demonic influence,,demonic;devilish;diabolical,pro-demon;demon-friendly; devil-worshipping,,2,2,1,ItemSparse,anti-demon:2,28.0986,0.9,False,
anti-hexxor,anti-hexxor,anti-hexxor,,anti-hexxor,anti-hexxor,compound,anti-hexxor,,anti-hexxor,corruption_defilement_curse,,opposed to or resistant to hexing or cursing,,hex;curse;spell,pro-hex;hex-friendly; curse-worshipping,,2,2,1,ItemSparse,anti-hexxor:2,28.0986,0.8,False,
blood-bound,blood-bound,blood-bound,,blood-bound,blood-bound,compound,blood-bound,,blood-bound,corruption_defilement_curse,,bound by blood or cursed with blood,,tainted;cursed;hexed,pure;untainted;blessed,,2,2,1,BroadcastText,blood-bound:2,28.0986,0.8,False,
fel-corrupted,fel-corrupt,fel-corrupted,,fel-corrupt,fel-corrupt,compound,fel-corrupted,,fel-corrupted,corruption_defilement_curse,,something that has been corrupted or tainted by fel energy,,corrupt;taint;defile,pure;untainted;blessed,,2,2,1,ItemSparse,fel-corrupted:2,28.0986,0.8,False,
fel-singed,fel-sing,fel-singed,,fel-sing,fel-sing,compound,fel-singed,,fel-singed,corruption_defilement_curse,,something that has been singed or burned by fel energy,,singe;burn;scorch,untouched;unharmed;unaffected,,2,2,1,JournalEncounterSection,fel-singed:2,28.0986,0.9,False,
fel-touched,fel-touch,fel-touched,,fel-touch,fel-touch,compound,fel-touched,,fel-touched,corruption_defilement_curse,,something that has been touched or influenced by fel energy,,touch;influence;affect,untouched;unharmed;unaffected,,2,2,1,ItemSparse,fel-touched:2,28.0986,0.8,False,
felfire-imbued,felfire-imbue,felfire-imbued,,felfire-imbue,felfire-imbue,compound,felfire-imbued,,felfire-imbued,corruption_defilement_curse,,something that has been imbued or infused with felfire energy,,imbue;infuse;enchant,untainted;unharmed;unaffected,,2,2,1,JournalEncounterSection,felfire-imbued:2,28.0986,0.9,False,
fire-afflicted,fire-afflict,fire-afflicted,,fire-afflict,fire-afflict,compound,fire-afflicted,,fire-afflicted,corruption_defilement_curse,,infected or damaged by fire,,afflicted;damaged,unaffected;untouched,,2,2,1,JournalEncounterSection,fire-afflicted:2,28.0986,0.7,True,low_confidence
flesh-eater,flesh-eater,flesh-eater,,flesh-eater,flesh-eater,compound,flesh-eater,,flesh-eater,corruption_defilement_curse,,an animal that eats flesh,,eater;consumer,non-eater;non-consumer,,2,2,1,JournalEncounterSection,flesh-eater:2,28.0986,0.7,True,low_confidence
flesh-shapers,flesh-shaper,flesh-shapers,,flesh-shaper,flesh-shaper,compound,flesh-shapers,,flesh-shapers,corruption_defilement_curse,,beings that shape or mold flesh,,shaper;molder,non-shaper;non-molder,,2,2,1,JournalEncounter,flesh-shapers:2,28.0986,0.6,True,low_confidence
flesh-shaping,flesh-shap,flesh-shaping,,flesh-shap,flesh-shap,compound,flesh-shaping,,flesh-shaping,corruption_defilement_curse,,the act of shaping or molding flesh,,shaping;molding,non-shaping;non-molding,,2,2,1,JournalEncounter,flesh-shaping:2,28.0986,0.7,True,low_confidence
gravi-gunk,gravi-gunk,gravi-gunk,,gravi-gunk,gravi-gunk,compound,gravi-gunk,,gravi-gunk,corruption_defilement_curse,,"a mysterious or unknown substance, possibly related to gravity or corruption",,mysterious;unknown,known;familiar,,2,2,1,JournalEncounterSection,gravi-gunk:2,28.0986,0.4,True,low_confidence
half-life,half-life,half-life,,half-life,half-life,compound,half-life,,half-life,corruption_defilement_curse,,the period of time during which a radioactive substance remains potent or effective,,life;radioactive,long-lived;stable,,2,2,1,ItemSparse,half-life:2,28.0986,0.7,True,low_confidence
heat-resistant,heat-resistant,heat-resistant,,heat-resistant,heat-resistant,compound,heat-resistant,,heat-resistant,corruption_defilement_curse,,resistant to heat,,,,,2,2,1,ItemSparse,heat-resistant:2,28.0986,0.8,False,
heavily-mutated,heavily-mutate,heavily-mutated,,heavily-mutate,heavily-mutate,compound,heavily-mutated,,heavily-mutated,corruption_defilement_curse,,greatly changed or altered,,,,,2,2,1,JournalEncounterSection,heavily-mutated:2,28.0986,0.8,False,
highly-volatile,highly-volatile,highly-volatile,,highly-volatile,highly-volatile,compound,highly-volatile,,highly-volatile,corruption_defilement_curse,,likely to change or explode suddenly,,,,,2,2,1,ItemSparse,highly-volatile:2,28.0986,0.8,False,
hyper-injection,hyper-injection,hyper-injection,,hyper-injection,hyper-injection,compound,hyper-injection,,hyper-injection,corruption_defilement_curse,,a sudden or extreme injection of energy,,,,,2,2,1,ItemSparse,hyper-injection:2,28.0986,0.8,False,
low-pressure,low-pressure,low-pressure,,low-pressure,low-pressure,compound,low-pressure,,low-pressure,corruption_defilement_curse,,having a low level of pressure or force,,,,,2,2,1,ItemSparse,low-pressure:2,28.0986,0.8,False,
poison-drenched,poison-drench,poison-drenched,,poison-drench,poison-drench,compound,poison-drenched,,poison-drenched,corruption_defilement_curse,,"covered or saturated with poison, often used to describe objects or substances",,poison;object;substance,,,2,2,1,JournalEncounterSection,poison-drenched:2,28.0986,0.8,False,
poison-soaked,poison-soak,poison-soaked,,poison-soak,poison-soak,compound,poison-soaked,,poison-soaked,corruption_defilement_curse,,"covered or saturated with poison, often used to describe objects or substances",,poison;object;substance,,,2,2,1,JournalEncounterSection,poison-soaked:2,28.0986,0.7,True,low_confidence
re-energize,re-energize,re-energize,,re-energize,re-energize,compound,re-energize,,re-energize,corruption_defilement_curse,,to give energy again,,energy;power;revive,drain;exhaust;weaken,,2,2,1,JournalEncounterSection,re-energize:2,28.0986,0.8,False,
sha-corrupted,sha-corrupt,sha-corrupted,,sha-corrupt,sha-corrupt,compound,sha-corrupted,,sha-corrupted,corruption_defilement_curse,,corrupted by the Sha,,corrupt;taint;pollute,pure;clean;untainted,,2,2,1,JournalEncounterSection,sha-corrupted:2,28.0986,0.8,False,
thermo-accelerated,thermo-accelerate,thermo-accelerated,,thermo-accelerate,thermo-accelerate,compound,thermo-accelerated,,thermo-accelerated,corruption_defilement_curse,,accelerated by heat or thermal energy,,plague;spreader;disease,slow;inefficient,,2,2,1,ItemSparse,thermo-accelerated:2,28.0986,0.9,False,
venom-crazed,venom-craz,venom-crazed,,venom-craz,venom-craz,compound,venom-crazed,,venom-crazed,corruption_defilement_curse,,crazed or driven mad by venom,,toxic;gas;poison,sane;healthy,,2,2,1,JournalEncounterSection,venom-crazed:2,28.0986,0.8,False,
white-hot,white-hot,white-hot,,white-hot,white-hot,compound,white-hot,,white-hot,corruption_defilement_curse,,extremely hot,,hot;scorching;blazing,cold;chilly,,2,2,1,ItemSparse,white-hot:2,28.0986,0.9,False,
wood-boring,wood-bor,wood-boring,,wood-bor,wood-bor,compound,wood-boring,,wood-boring,corruption_defilement_curse,,causing damage to wood,,damage;harm;destruction,preservation;protection,,2,2,1,ItemSparse,wood-boring:2,28.0986,0.7,True,low_confidence
x-treme,x-treme,x-treme,,x-treme,x-treme,compound,x-treme,,x-treme,corruption_defilement_curse,,extreme or excessive,,extreme;excessive;intense,mild;moderate,,2,2,1,JournalEncounterSection,x-treme:2,28.0986,0.6,True,low_confidence
acrid-smelling,acrid-smell,acrid-smelling,,acrid-smell,acrid-smell,compound,acrid-smelling,,acrid-smelling,corruption_defilement_curse,,"having a strong, unpleasant smell",,smell;strong;unpleasant,,,1,1,1,ItemSparse,acrid-smelling:1,27.6931,0.8,False,
angry-sounding,angry-sound,angry-sounding,,angry-sound,angry-sound,compound,angry-sounding,,angry-sounding,corruption_defilement_curse,,having a loud and unpleasant sound,,,,,1,1,1,ItemSparse,angry-sounding:1,27.6931,0.8,False,
anti-mana,anti-mana,anti-mana,,anti-mana,anti-mana,compound,anti-mana,,anti-mana,corruption_defilement_curse,,relating to the opposite of mana or magical energy,,,,,1,1,1,JournalEncounterSection,anti-mana:1,27.6931,0.9,False,
bile-soaked,bile-soak,bile-soaked,,bile-soak,bile-soak,compound,bile-soaked,,bile-soaked,corruption_defilement_curse,,covered in or affected by bile,,,,,1,1,1,JournalEncounterSection,bile-soaked:1,27.6931,0.6,True,low_confidence
blood-branded,blood-brand,blood-branded,,blood-brand,blood-brand,compound,blood-branded,,blood-branded,corruption_defilement_curse,,marked or identified as being related to blood or the undead,,,,,1,1,1,JournalEncounterSection,blood-branded:1,27.6931,0.7,True,low_confidence
blood-fanged,blood-fang,blood-fanged,,blood-fang,blood-fang,compound,blood-fanged,,blood-fanged,corruption_defilement_curse,,having fangs or being related to blood or the undead,,,,,1,1,1,ItemNameDescription,blood-fanged:1,27.6931,0.6,True,low_confidence
blood-fueled,blood-fuel,blood-fueled,,blood-fuel,blood-fuel,compound,blood-fueled,,blood-fueled,corruption_defilement_curse,,powered or energized by blood or the undead,,,,,1,1,1,JournalEncounterSection,blood-fueled:1,27.6931,0.7,True,low_confidence
blood-prince,blood-prince,blood-prince,,blood-prince,blood-prince,compound,blood-prince,,blood-prince,corruption_defilement_curse,,a prince or ruler related to blood or the undead,,,,,1,1,1,ItemSparse,blood-prince:1,27.6931,0.8,False,
blood-queen,blood-queen,blood-queen,,blood-queen,blood-queen,compound,blood-queen,,blood-queen,corruption_defilement_curse,,a queen or ruler related to blood or the undead,,,,,1,1,1,JournalEncounter,blood-queen:1,27.6931,0.9,False,
bug-like,bug-like,bug-like,,bug-like,bug-like,compound,bug-like,,bug-like,corruption_defilement_curse,,resembling a bug or insect,,insect;creepy-crawly,beautiful;lovely,,1,1,1,ItemSparse,bug-like:1,27.6931,0.7,True,low_confidence
build-up,build-up,build-up,,build-up,build-up,compound,build-up,,build-up,corruption_defilement_curse,,a gradual increase or accumulation of something,,increase;accumulation,decrease;decline,,1,1,1,JournalEncounterSection,build-up:1,27.6931,0.9,False,
bull-mon,bull-mon,bull-mon,,bull-mon,bull-mon,compound,bull-mon,,bull-mon,corruption_defilement_curse,,a powerful and intimidating creature,,monster;beast,gentle;tame,,1,1,1,BroadcastText,bull-mon:1,27.6931,0.8,False,
burned-out,burned-out,burned-out,,burned-out,burned-out,compound,burned-out,,burned-out,corruption_defilement_curse,,completely exhausted or drained of energy,,exhausted;drained,energized;invigorated,,1,1,1,JournalEncounter,burned-out:1,27.6931,0.9,False,
by-products,by-product,by-products,,by-product,by-product,compound,by-products,,by-products,corruption_defilement_curse,,things that are produced or created as a result of something else,,products;results,benefits;advantages,,1,1,1,JournalEncounter,by-products:1,27.6931,0.9,False,
call--to,call--to,call--to,,call--to,call--to,compound,call--to,,call--to,corruption_defilement_curse,,a summons or invitation to come and join something,,summon;invite,refuse;decline,,1,1,1,JournalEncounter,call--to:1,27.6931,0.8,False,
car-nage,car-nage,car-nage,,car-nage,car-nage,compound,car-nage,,car-nage,corruption_defilement_curse,,a state of complete destruction or chaos,,destruction;chaos,order;harmony,,1,1,1,JournalEncounterSection,car-nage:1,27.6931,0.8,False,
catastro-blast,catastro-blast,catastro-blast,,catastro-blast,catastro-blast,compound,catastro-blast,,catastro-blast,corruption_defilement_curse,,a massive and destructive explosion or blast,,explosion;blast,gentle;peaceful,,1,1,1,JournalEncounterSection,catastro-blast:1,27.6931,0.8,False,
change--it,change--it,change--it,,change--it,change--it,compound,change--it,,change--it,corruption_defilement_curse,,a transformation or alteration of something,,transformation;alteration,stability;unchanged,,1,1,1,BroadcastText,change--it:1,27.6931,0.9,False,
cinder-hot,cinder-hot,cinder-hot,,cinder-hot,cinder-hot,compound,cinder-hot,,cinder-hot,corruption_defilement_curse,,something that is extremely hot or fiery,,hot;fiery,cold;cool,,1,1,1,ItemSparse,cinder-hot:1,27.6931,0.9,False,
circuit-destroying,circuit-destroy,circuit-destroying,,circuit-destroy,circuit-destroy,compound,circuit-destroying,,circuit-destroying,corruption_defilement_curse,,causing destruction of electrical circuits,,defiled;desecrated;tainted,holy;sacred,,1,1,1,ItemSparse,circuit-destroying:1,27.6931,0.9,False,
de-fanged,de-fang,de-fanged,,de-fang,de-fang,compound,de-fanged,,de-fanged,corruption_defilement_curse,,made harmless or less threatening,,tamed;domesticated;harmless,,,1,1,1,ItemSparse,de-fanged:1,27.6931,0.9,False,
deadly-looking,deadly-look,deadly-looking,,deadly-look,deadly-look,compound,deadly-looking,,deadly-looking,corruption_defilement_curse,,appearing deadly or threatening,,deadly;threatening;menacing,,,1,1,1,ItemSparse,deadly-looking:1,27.6931,0.8,False,
death-warmed,death-warm,death-warmed,,death-warm,death-warm,compound,death-warmed,,death-warmed,corruption_defilement_curse,,related to death or corruption,,death;warmth;corrupted,life;healing,,1,1,1,ItemSparse,death-warmed:1,27.6931,0.8,False,
deep-seated,deep-seate,deep-seated,,deep-seate,deep-seate,compound,deep-seated,,deep-seated,corruption_defilement_curse,,having a strong and lasting feeling or opinion,,rooted;firmly-held,superficial;shallow,,1,1,1,ItemSparse,deep-seated:1,27.6931,0.8,False,
demon-twisted,demon-twist,demon-twisted,,demon-twist,demon-twist,compound,demon-twisted,,demon-twisted,corruption_defilement_curse,,twisted by demons,,corrupted;tainted;cursed,,,1,1,1,JournalEncounterSection,demon-twisted:1,27.6931,0.9,False,
dirt-like,dirt-like,dirt-like,,dirt-like,dirt-like,compound,dirt-like,,dirt-like,corruption_defilement_curse,,having a corrupting or defiling quality,,corrupt;defile;curse,,,1,1,1,ItemSparse,dirt-like:1,27.6931,0.8,False,
dream--and,dream--and,dream--and,,dream--and,dream--and,compound,dream--and,,dream--and,corruption_defilement_curse,,a state of being asleep and having vivid mental images,,sleep;imagery;visions,reality;awake,,1,1,1,JournalEncounter,dream--and:1,27.6931,0.8,False,
drool-drenched,drool-drench,drool-drenched,,drool-drench,drool-drench,compound,drool-drenched,,drool-drenched,corruption_defilement_curse,,covered in or dripping with saliva,,saliva;spittle;slaver,dry;clean,,1,1,1,ItemSparse,drool-drenched:1,27.6931,0.7,True,low_confidence
dry-mouthedness,dry-mouthedness,dry-mouthedness,,dry-mouthedness,dry-mouthedness,compound,dry-mouthedness,,dry-mouthedness,corruption_defilement_curse,,a state of having a dry mouth or being thirsty,,thirst;dryness;dehydration,hydration;refreshment,,1,1,1,ItemSparse,dry-mouthedness:1,27.6931,0.4,True,low_confidence
dynamite-laden,dynamite-laden,dynamite-laden,,dynamite-laden,dynamite-laden,compound,dynamite-laden,,dynamite-laden,corruption_defilement_curse,,containing or loaded with dynamite,,dynamite;explosive;dangerous,safe;stable,,1,1,1,JournalEncounterSection,dynamite-laden:1,27.6931,0.1,True,low_confidence
electro-cute,electro-cute,electro-cute,,electro-cute,electro-cute,compound,electro-cute,,electro-cute,corruption_defilement_curse,,to kill or electrocute someone or something,,electrocute;kill;murder,preserve;protect,,1,1,1,ItemSparse,electro-cute:1,27.6931,0.1,True,low_confidence
electro-induced,electro-induc,electro-induced,,electro-induc,electro-induc,compound,electro-induced,,electro-induced,corruption_defilement_curse,,caused or brought about by electrical forces or energy,,electricity;energy;force,natural;organic,,1,1,1,ItemSparse,electro-induced:1,27.6931,0.1,True,low_confidence
eye-wateringly,eye-wateringly,eye-wateringly,,eye-wateringly,eye-wateringly,compound,eye-wateringly,,eye-wateringly,corruption_defilement_curse,,extremely or painfully astringent,,pungently;intensely;overwhelmingly,mildly;gently;pleasantly,,1,1,1,ItemSparse,eye-wateringly:1,27.6931,0.7,True,low_confidence
fel-charged,fel-charg,fel-charged,,fel-charg,fel-charg,compound,fel-charged,,fel-charged,corruption_defilement_curse,,infused or imbued with fel energy or power,,charged;energized;empowered,drained;exhausted;depleted,,1,1,1,JournalEncounterSection,fel-charged:1,27.6931,0.9,False,
fel-cursed,fel-curs,fel-cursed,,fel-curs,fel-curs,compound,fel-cursed,,fel-cursed,corruption_defilement_curse,,cursed or afflicted with fel corruption,,cursed;afflicted;plagued,blessed;protected;sanctified,,1,1,1,ItemSparse,fel-cursed:1,27.6931,0.8,False,
fel-green,fel-green,fel-green,,fel-green,fel-green,compound,fel-green,,fel-green,corruption_defilement_curse,,green or corrupted with fel energy or power,,green;corrupted;tainted,pure;clean;untainted,,1,1,1,BroadcastText,fel-green:1,27.6931,0.8,False,
fel-pocked,fel-pock,fel-pocked,,fel-pock,fel-pock,compound,fel-pocked,,fel-pocked,corruption_defilement_curse,,pockmarked or scarred with fel corruption,,pockmarked;scarred;blemished,smooth;unblemished;untainted,,1,1,1,ItemSparse,fel-pocked:1,27.6931,0.9,False,
fel-saturated,fel-saturate,fel-saturated,,fel-saturate,fel-saturate,compound,fel-saturated,,fel-saturated,corruption_defilement_curse,,saturated or infused with fel energy or power,,saturated;infused;imbued,drained;exhausted;depleted,,1,1,1,ItemSparse,fel-saturated:1,27.6931,0.8,False,
fire-esophagus,fire-esophagu,fire-esophagus,,fire-esophagu,fire-esophagu,compound,fire-esophagus,,fire-esophagus,corruption_defilement_curse,,a part of the digestive system related to fire,,,,,1,1,1,ItemSparse,fire-esophagus:1,27.6931,0.8,False,
flesh-eating,flesh-eat,flesh-eating,,flesh-eat,flesh-eat,compound,flesh-eating,,flesh-eating,corruption_defilement_curse,,eating or consuming flesh,,,,,1,1,1,JournalEncounter,flesh-eating:1,27.6931,0.8,False,
flesh-warping,flesh-warp,flesh-warping,,flesh-warp,flesh-warp,compound,flesh-warping,,flesh-warping,corruption_defilement_curse,,causing or resulting in the warping of flesh,,,,,1,1,1,BroadcastText,flesh-warping:1,27.6931,0.8,False,
foul-tasting,foul-tast,foul-tasting,,foul-tast,foul-tast,compound,foul-tasting,,foul-tasting,corruption_defilement_curse,,having a bad taste,,mushroom;bad,,,1,1,1,ItemSparse,foul-tasting:1,27.6931,0.7,True,low_confidence
gag-worthy,gag-worthy,gag-worthy,,gag-worthy,gag-worthy,compound,gag-worthy,,gag-worthy,corruption_defilement_curse,,so bad or unpleasant that it makes you want to gag,,bad;unpleasant,,,1,1,1,ItemSparse,gag-worthy:1,27.6931,0.8,False,
hang-ogre,hang-ogre,hang-ogre,,hang-ogre,hang-ogre,compound,hang-ogre,,hang-ogre,corruption_defilement_curse,,"to be affected by or influenced by an ogre's presence, often in a negative way",,,,,1,1,1,ItemSparse,hang-ogre:1,27.6931,0.6,True,low_confidence
hard-to-reach,hard-to-reach,hard-to-reach,,hard-to-reach,hard-to-reach,compound,hard-to-reach,,hard-to-reach,corruption_defilement_curse,,"difficult to access or reach, often due to physical or environmental obstacles",,,,,1,1,1,ItemSparse,hard-to-reach:1,27.6931,0.6,True,low_confidence
hastily-crafted,hastily-craft,hastily-crafted,,hastily-craft,hastily-craft,compound,hastily-crafted,,hastily-crafted,corruption_defilement_curse,,"created or made in a hurry, often with little attention to detail or quality",,,,,1,1,1,ItemSparse,hastily-crafted:1,27.6931,0.6,True,low_confidence
he--he,he--he,he--he,,he--he,he--he,compound,he--he,,he--he,corruption_defilement_curse,,"an expression of sadness or regret, often used to convey a sense of loss or longing",,,,,1,1,1,BroadcastText,he--he:1,27.6931,0.6,True,low_confidence
head-first,head-first,head-first,,head-first,head-first,compound,head-first,,head-first,corruption_defilement_curse,,"in a headlong or reckless manner, often without caution or consideration",,,,,1,1,1,JournalEncounterSection,head-first:1,27.6931,0.6,True,low_confidence
head-mounted,head-mount,head-mounted,,head-mount,head-mount,compound,head-mounted,,head-mounted,corruption_defilement_curse,,"mounted or attached to the head, often in a way that is functional or practical",,,,,1,1,1,ItemSparse,head-mounted:1,27.6931,0.6,True,low_confidence
heart-stopping,heart-stopp,heart-stopping,,heart-stopp,heart-stopp,compound,heart-stopping,,heart-stopping,corruption_defilement_curse,,"causing a sudden or intense feeling of fear, shock, or surprise, often in a way that is dramatic or attention-grabbing",,,,,1,1,1,JournalEncounterSection,heart-stopping:1,27.6931,0.6,True,low_confidence
heavily-armored,heavily-armor,heavily-armored,,heavily-armor,heavily-armor,compound,heavily-armored,,heavily-armored,corruption_defilement_curse,,"wearing or equipped with heavy armor, often in a way that is protective or defensive",,,,,1,1,1,JournalEncounterSection,heavily-armored:1,27.6931,0.6,True,low_confidence
heavily-salted,heavily-salt,heavily-salted,,heavily-salt,heavily-salt,compound,heavily-salted,,heavily-salted,corruption_defilement_curse,,"containing or seasoned with a large amount of salt, often in a way that is savory or flavorful",,,,,1,1,1,ItemSparse,heavily-salted:1,27.6931,0.6,True,low_confidence
heavy-bore,heavy-bore,heavy-bore,,heavy-bore,heavy-bore,compound,heavy-bore,,heavy-bore,corruption_defilement_curse,,"having a large or heavy diameter, often in relation to a pipe or tube",,,,,1,1,1,ItemSparse,heavy-bore:1,27.6931,0.6,True,low_confidence
heavy-duty,heavy-duty,heavy-duty,,heavy-duty,heavy-duty,compound,heavy-duty,,heavy-duty,corruption_defilement_curse,,"designed or intended for heavy use or application, often in a way that is robust or durable",,,,,1,1,1,ItemSparse,heavy-duty:1,27.6931,0.6,True,low_confidence
heee-he,heee-he,heee-he,,heee-he,heee-he,compound,heee-he,,heee-he,corruption_defilement_curse,,a sound of laughter or mocking,,,,,1,1,1,ItemSparse,heee-he:1,27.6931,0.5,True,low_confidence
its--corruption,its--corruption,its--corruption,,its--corruption,its--corruption,compound,its--corruption,,its--corruption,corruption_defilement_curse,,referring to the corruption of something or someone,,,,,1,1,1,BroadcastText,its--corruption:1,27.6931,1.0,False,
ken-ken,ken-ken,ken-ken,,ken-ken,ken-ken,compound,ken-ken,,ken-ken,corruption_defilement_curse,,a cursed or evil thing,,cursed;evil;defiled,blessed;holy,,1,1,1,ItemSparse,ken-ken:1,27.6931,0.8,False,
light-infested,light-infest,light-infested,,light-infest,light-infest,compound,light-infested,,light-infested,corruption_defilement_curse,,infected with light,,tainted;corrupted;defiled,,,1,1,1,JournalEncounter,light-infested:1,27.6931,0.8,False,
mana-wraiths,mana-wraith,mana-wraiths,,mana-wraith,mana-wraith,compound,mana-wraiths,,mana-wraiths,corruption_defilement_curse,,ghostly beings that use or consume mana,,undead;malevolent;evil,benign;harmless,,1,1,1,JournalEncounterSection,mana-wraiths:1,27.6931,0.9,False,
mana-wyrms,mana-wyrm,mana-wyrms,,mana-wyrm,mana-wyrm,compound,mana-wyrms,,mana-wyrms,corruption_defilement_curse,,"large, serpent-like creatures that use or consume mana",,undead;malevolent;evil,benign;harmless,,1,1,1,ItemSparse,mana-wyrms:1,27.6931,0.8,False,
mank-dookin,mank-dookin,mank-dookin,,mank-dookin,mank-dookin,compound,mank-dookin,,mank-dookin,corruption_defilement_curse,,a type of corruption or defilement,,defiled;desecrated;tainted,holy;sacred,,1,1,1,ItemSparse,mank-dookin:1,27.6931,0.8,False,
maw-touched,maw-touch,maw-touched,,maw-touch,maw-touch,compound,maw-touched,,maw-touched,corruption_defilement_curse,,tainted by the Maw,,,,,1,1,1,ItemNameDescription,maw-touched:1,27.6931,1.0,False,
mess-terious,mess-teriou,mess-terious,,mess-teriou,mess-teriou,compound,mess-terious,,mess-terious,corruption_defilement_curse,,tainted by chaos or disorder,,,,,1,1,1,ItemSparse,mess-terious:1,27.6931,1.0,False,
nigh-unbearable,nigh-unbearable,nigh-unbearable,,nigh-unbearable,nigh-unbearable,compound,nigh-unbearable,,nigh-unbearable,corruption_defilement_curse,,almost unbearable,,unbearable;family;words,,,1,1,1,ItemSparse,nigh-unbearable:1,27.6931,0.9,False,
non-fully,non-fully,non-fully,,non-fully,non-fully,compound,non-fully,,non-fully,corruption_defilement_curse,,not fully,,fully;family;words,,,1,1,1,JournalEncounterSection,non-fully:1,27.6931,0.4,True,low_confidence
non-functional,non-functional,non-functional,,non-functional,non-functional,compound,non-functional,,non-functional,corruption_defilement_curse,,not functional,,functional;family;words,,,1,1,1,ItemSparse,non-functional:1,27.6931,0.3,True,low_confidence
non-mutated,non-mutate,non-mutated,,non-mutate,non-mutate,compound,non-mutated,,non-mutated,corruption_defilement_curse,,not mutated,,mutated;family;words,,,1,1,1,JournalEncounterSection,non-mutated:1,27.6931,0.6,True,low_confidence
poison-cleansing,poison-cleans,poison-cleansing,,poison-cleans,poison-cleans,compound,poison-cleansing,,poison-cleansing,corruption_defilement_curse,,removing or neutralizing poison,,purification;antidote;detoxification,poisonous;toxic;harmful,,1,1,1,JournalEncounterSection,poison-cleansing:1,27.6931,0.9,False,
re-folded,re-fold,re-folded,,re-fold,re-fold,compound,re-folded,,re-folded,corruption_defilement_curse,,"folded multiple times, often in a way that is difficult to read or understand",,fold;crease;wrinkle,unfolded;smooth,,1,1,1,ItemSparse,re-folded:1,27.6931,0.7,True,low_confidence
re-labeled,re-label,re-labeled,,re-label,re-label,compound,re-labeled,,re-labeled,corruption_defilement_curse,,"given a new label or name, often in a way that is misleading or deceitful",,label;name;identify,unlabeled;unknown,,1,1,1,ItemSparse,re-labeled:1,27.6931,0.6,True,low_confidence
re-purposed,re-purpos,re-purposed,,re-purpos,re-purpos,compound,re-purposed,,re-purposed,corruption_defilement_curse,,"given a new purpose or use, often in a way that is unexpected or unconventional",,purpose;use;function,original;intended,,1,1,1,ItemSparse,re-purposed:1,27.6931,0.8,False,
re-synchronized,re-synchroniz,re-synchronized,,re-synchroniz,re-synchroniz,compound,re-synchronized,,re-synchronized,corruption_defilement_curse,,"made to be in sync or harmony again, often after a period of discord or conflict",,sync;harmony;discord,desynchronized;out of sync,,1,1,1,ItemSparse,re-synchronized:1,27.6931,0.7,True,low_confidence
red-tinged,red-ting,red-tinged,,red-ting,red-ting,compound,red-tinged,,red-tinged,corruption_defilement_curse,,"having a reddish or pinkish color, often due to the presence of certain pigments or dyes",,color;hue;pigment,colorless;white,,1,1,1,JournalEncounter,red-tinged:1,27.6931,0.7,True,low_confidence
result-maloriak-is,result-maloriak-i,result-maloriak-is,,result-maloriak-i,result-maloriak-i,compound,result-maloriak-is,,result-maloriak-is,corruption_defilement_curse,,"the outcome or consequence of something, often in a way that is unexpected or surprising",,result;outcome;consequence,cause;effect,,1,1,1,JournalEncounter,result-maloriak-is:1,27.6931,0.5,True,low_confidence
rock-eating,rock-eat,rock-eating,,rock-eat,rock-eat,compound,rock-eating,,rock-eating,corruption_defilement_curse,,"the act of consuming or devouring rocks, possibly a curse or corruption",,eat;consume,,,1,1,1,JournalEncounter,rock-eating:1,27.6931,0.5,True,low_confidence
scurvy-slurpin,scurvy-slurpin,scurvy-slurpin,,scurvy-slurpin,scurvy-slurpin,compound,scurvy-slurpin,,scurvy-slurpin,corruption_defilement_curse,,a derogatory term for sea creatures,,scourge;plague;affliction,blessing;boon;benefit,,1,1,1,BroadcastText,scurvy-slurpin:1,27.6931,0.8,False,
self-chilling,self-chill,self-chilling,,self-chill,self-chill,compound,self-chilling,,self-chilling,corruption_defilement_curse,,making something cold or chilly,,cold;chilly;frosty,warm;hot;scorching,,1,1,1,ItemSparse,self-chilling:1,27.6931,0.8,False,
self-destructs,self-destruct,self-destructs,,self-destruct,self-destruct,compound,self-destructs,,self-destructs,corruption_defilement_curse,,destroying itself or causing its own destruction,,explode;implode;demolish,survive;endure;persist,,1,1,1,ItemSparse,self-destructs:1,27.6931,0.9,False,
self-entrapment,self-entrapment,self-entrapment,,self-entrapment,self-entrapment,compound,self-entrapment,,self-entrapment,corruption_defilement_curse,,trapping oneself or getting caught in one's own trap,,trap;snare;enclosure,escape;flee;avoid,,1,1,1,ItemSparse,self-entrapment:1,27.6931,0.7,True,low_confidence
sh-she,sh-she,sh-she,,sh-she,sh-she,compound,sh-she,,sh-she,corruption_defilement_curse,,a type of corruption or defilement,,defiled;tainted;cursed,holy;sacred,,1,1,1,BroadcastText,sh-she:1,27.6931,0.8,False,
shado-master,shado-master,shado-master,,shado-master,shado-master,compound,shado-master,,shado-master,corruption_defilement_curse,,a master of shadows or darkness,,shadow;darkness;evil,light;good,,1,1,1,ItemSparse,shado-master:1,27.6931,0.9,False,
shadow-enemies,shadow-enemy,shadow-enemies,,shadow-enemy,shadow-enemy,compound,shadow-enemies,,shadow-enemies,corruption_defilement_curse,,enemies that exist in the shadows or darkness,,enemy;foe;adversary,ally;friend,,1,1,1,ItemSparse,shadow-enemies:1,27.6931,0.8,False,
shadow-woven,shadow-woven,shadow-woven,,shadow-woven,shadow-woven,compound,shadow-woven,,shadow-woven,corruption_defilement_curse,,something that is woven or created in the shadows or darkness,,weave;create;craft,light;good,,1,1,1,ItemSparse,shadow-woven:1,27.6931,0.7,True,low_confidence
shadowflame-tempered,shadowflame-temper,shadowflame-tempered,,shadowflame-temper,shadowflame-temper,compound,shadowflame-tempered,,shadowflame-tempered,corruption_defilement_curse,,something that is tempered or strengthened by shadow or darkness,,temper;strengthen;fortify,weaken;debilitate,,1,1,1,ItemSparse,shadowflame-tempered:1,27.6931,0.8,False,
shadowlands--are,shadowlands--are,shadowlands--are,,shadowlands--are,shadowlands--are,compound,shadowlands--are,,shadowlands--are,corruption_defilement_curse,,a place or realm of shadows or darkness,,land;realm;domain,light;good,,1,1,1,BroadcastText,shadowlands--are:1,27.6931,0.9,False,
shale-headed,shale-head,shale-headed,,shale-head,shale-head,compound,shale-headed,,shale-headed,corruption_defilement_curse,,"having a head or skull made of shale, possibly implying a connection to the earth or stone",,head;skull;stone,light;good,,1,1,1,BroadcastText,shale-headed:1,27.6931,0.6,True,low_confidence
shard--it,shard--it,shard--it,,shard--it,shard--it,compound,shard--it,,shard--it,corruption_defilement_curse,,"a shard or fragment of something, possibly implying a connection to darkness or shadow",,shard;fragment;piece,whole;complete,,1,1,1,BroadcastText,shard--it:1,27.6931,0.7,True,low_confidence
sharp-toothed,sharp-tooth,sharp-toothed,,sharp-tooth,sharp-tooth,compound,sharp-toothed,,sharp-toothed,corruption_defilement_curse,,"having sharp teeth, possibly implying a connection to ferocity or savagery",,tooth;teeth;ferocious,docile;gentle,,1,1,1,ItemSparse,sharp-toothed:1,27.6931,0.8,False,
she-orc,she-orc,she-orc,,she-orc,she-orc,compound,she-orc,,she-orc,corruption_defilement_curse,,"a female orc, possibly implying a connection to darkness or shadow",,orc;female;darkness,light;good,,1,1,1,BroadcastText,she-orc:1,27.6931,0.6,True,low_confidence
shell-like,shell-like,shell-like,,shell-like,shell-like,compound,shell-like,,shell-like,corruption_defilement_curse,,"resembling a shell, possibly implying a connection to the earth or stone",,shell;earth;stone,light;good,,1,1,1,ItemSparse,shell-like:1,27.6931,0.7,True,low_confidence
shell-ter,shell-ter,shell-ter,,shell-ter,shell-ter,compound,shell-ter,,shell-ter,corruption_defilement_curse,,"a place of shelter or refuge, possibly implying a connection to the earth or stone",,shelter;refuge;earth,exposure;vulnerability,,1,1,1,BroadcastText,shell-ter:1,27.6931,0.8,False,
shield--effective,shield--effective,shield--effective,,shield--effective,shield--effective,compound,shield--effective,,shield--effective,corruption_defilement_curse,,"a shield that is effective or useful, possibly implying a connection to protection or defense",,shield;protection;defense,vulnerability;exposure,,1,1,1,JournalEncounter,shield--effective:1,27.6931,0.9,False,
shield--his,shield--hi,shield--his,,shield--hi,shield--hi,compound,shield--his,,shield--his,corruption_defilement_curse,,"a shield that belongs to or is associated with a person, possibly implying a connection to protection or defense",,shield;protection;defense,vulnerability;exposure,,1,1,1,BroadcastText,shield--his:1,27.6931,0.8,False,
shield-arms,shield-arm,shield-arms,,shield-arm,shield-arm,compound,shield-arms,,shield-arms,corruption_defilement_curse,,"a type of shield or defensive equipment, possibly implying a connection to protection or defense",,shield;protection;defense,vulnerability;exposure,,1,1,1,JournalEncounterSection,shield-arms:1,27.6931,0.9,False,
shield-free,shield-free,shield-free,,shield-free,shield-free,compound,shield-free,,shield-free,corruption_defilement_curse,,"lacking or without a shield, possibly implying a connection to vulnerability or exposure",,shield;vulnerability;exposure,protected;defended,,1,1,1,ItemSparse,shield-free:1,27.6931,0.8,False,
short-range,short-range,short-range,,short-range,short-range,compound,short-range,,short-range,corruption_defilement_curse,,"having a short range or scope, possibly implying a connection to limitation or restriction",,range;scope;limitation,long-range;far-reaching,,1,1,1,JournalEncounterSection,short-range:1,27.6931,0.7,True,low_confidence
shoulder-mounted,shoulder-mount,shoulder-mounted,,shoulder-mount,shoulder-mount,compound,shoulder-mounted,,shoulder-mounted,corruption_defilement_curse,,"mounted or attached to the shoulder, possibly implying a connection to protection or defense",,shoulder;protection;defense,exposure;vulnerability,,1,1,1,JournalEncounterSection,shoulder-mounted:1,27.6931,0.8,False,
shred-master,shred-master,shred-master,,shred-master,shred-master,compound,shred-master,,shred-master,corruption_defilement_curse,,"a master of shredding or destruction, possibly implying a connection to chaos or disorder",,master;shredding;destruction,order;structure,,1,1,1,ItemSparse,shred-master:1,27.6931,0.9,False,
single-handedly,single-handedly,single-handedly,,single-handedly,single-handedly,compound,single-handedly,,single-handedly,corruption_defilement_curse,,"acting alone or single-handed, possibly implying a connection to isolation or loneliness",,alone;lonely;isolation,together;united,,1,1,1,JournalEncounter,single-handedly:1,27.6931,0.8,False,
single-minded,single-mind,single-minded,,single-mind,single-mind,compound,single-minded,,single-minded,corruption_defilement_curse,,"having a single or focused mind, possibly implying a connection to determination or resolve",,mind;determination;resolve,divided;confused,,1,1,1,JournalEncounter,single-minded:1,27.6931,0.9,False,
single-stage,single-stage,single-stage,,single-stage,single-stage,compound,single-stage,,single-stage,corruption_defilement_curse,,"having a single or simple stage, possibly implying a connection to simplicity or straightforwardness",,stage;simple;straightforward,complex;complicated,,1,1,1,ItemSparse,single-stage:1,27.6931,0.7,True,low_confidence
skin--just,skin--just,skin--just,,skin--just,skin--just,compound,skin--just,,skin--just,corruption_defilement_curse,,"the skin or outer layer of something, possibly implying a connection to vulnerability or exposure",,skin;vulnerability;exposure,protection;defense,,1,1,1,BroadcastText,skin--just:1,27.6931,0.8,False,
slime-coated,slime-coate,slime-coated,,slime-coate,slime-coate,compound,slime-coated,,slime-coated,corruption_defilement_curse,,"covered or coated in slime, possibly implying a connection to decay or corruption",,slime;decay;corruption,cleanliness;purity,,1,1,1,ItemSparse,slime-coated:1,27.6931,0.9,False,
slime-covered,slime-cover,slime-covered,,slime-cover,slime-cover,compound,slime-covered,,slime-covered,corruption_defilement_curse,,"covered or coated in slime, possibly implying a connection to decay or corruption",,slime;decay;corruption,cleanliness;purity,,1,1,1,ItemSparse,slime-covered:1,27.6931,0.8,False,
smash--out,smash--out,smash--out,,smash--out,smash--out,compound,smash--out,,smash--out,corruption_defilement_curse,,to destroy or damage something completely,,destroy;damage;ruin,preserve;protect;save,,1,1,1,ItemSparse,smash--out:1,27.6931,0.8,False,
soul-absorbent,soul-absorbent,soul-absorbent,,soul-absorbent,soul-absorbent,compound,soul-absorbent,,soul-absorbent,corruption_defilement_curse,,able to absorb or soak up the soul,,absorb;soak;drain,repel;reject;push away,,1,1,1,ItemSparse,soul-absorbent:1,27.6931,0.7,True,low_confidence
soul-eater,soul-eater,soul-eater,,soul-eater,soul-eater,compound,soul-eater,,soul-eater,corruption_defilement_curse,,a creature or being that eats souls,,eat;consume;devour,nourish;feed;sustain,,1,1,1,ItemSparse,soul-eater:1,27.6931,0.8,False,
stain-proof,stain-proof,stain-proof,,stain-proof,stain-proof,compound,stain-proof,,stain-proof,corruption_defilement_curse,,resistant to stains,,,,,1,1,1,ItemSparse,stain-proof:1,27.6931,0.8,False,
still-burning,still-burn,still-burning,,still-burn,still-burn,compound,still-burning,,still-burning,corruption_defilement_curse,,continuing to burn or smolder,,,,,1,1,1,ItemSparse,still-burning:1,27.6931,0.8,False,
still-flashing,still-flash,still-flashing,,still-flash,still-flash,compound,still-flashing,,still-flashing,corruption_defilement_curse,,continuing to flash or glow,,,,,1,1,1,ItemSparse,still-flashing:1,27.6931,0.8,False,
still-smoldering,still-smolder,still-smoldering,,still-smolder,still-smolder,compound,still-smoldering,,still-smoldering,corruption_defilement_curse,,continuing to smolder or burn slowly,,,,,1,1,1,ItemSparse,still-smoldering:1,27.6931,0.8,False,
still-struggling,still-struggl,still-struggling,,still-struggl,still-struggl,compound,still-struggling,,still-struggling,corruption_defilement_curse,,continuing to struggle or fight,,,,,1,1,1,ItemSparse,still-struggling:1,27.6931,0.8,False,
still-wiggling,still-wiggl,still-wiggling,,still-wiggl,still-wiggl,compound,still-wiggling,,still-wiggling,corruption_defilement_curse,,continuing to wiggle or move,,,,,1,1,1,ItemSparse,still-wiggling:1,27.6931,0.8,False,
tampered-with,tampered-with,tampered-with,,tampered-with,tampered-with,compound,tampered-with,,tampered-with,corruption_defilement_curse,,something that has been altered or changed in a way that is not intended,,tools;camp,,,1,1,1,ItemSparse,tampered-with:1,27.6931,0.8,False,
time-ravaged,time-ravag,time-ravaged,,time-ravag,time-ravag,compound,time-ravaged,,time-ravaged,corruption_defilement_curse,,ruined by time,,weathered;worn,,,1,1,1,JournalEncounter,time-ravaged:1,27.6931,0.8,False,
titan-stained,titan-stain,titan-stained,,titan-stain,titan-stain,compound,titan-stained,,titan-stained,corruption_defilement_curse,,stained or corrupted by a titan's power,,defiled;tainted,,,1,1,1,BroadcastText,titan-stained:1,27.6931,0.9,False,
torn-up,torn-up,torn-up,,torn-up,torn-up,compound,torn-up,,torn-up,corruption_defilement_curse,,completely destroyed or ruined,,destroyed;ruined,,,1,1,1,ItemSparse,torn-up:1,27.6931,0.7,True,low_confidence
ulrok--solidified,ulrok--solidify,ulrok--solidified,,ulrok--solidify,ulrok--solidify,compound,ulrok--solidified,,ulrok--solidified,corruption_defilement_curse,,"made solid or stable, especially through magical means",,solid;stable;magical,unstable;fragile,,1,1,1,JournalEncounter,ulrok--solidified:1,27.6931,0.8,False,
unleashes--and,unleashes--and,unleashes--and,,unleashes--and,unleashes--and,compound,unleashes--and,,unleashes--and,corruption_defilement_curse,,"to release or set free, especially in a violent or destructive manner",,release;set free;violent,restrain;constrain,,1,1,1,BroadcastText,unleashes--and:1,27.6931,0.6,True,low_confidence
unstable-looking,unstable-look,unstable-looking,,unstable-look,unstable-look,compound,unstable-looking,,unstable-looking,corruption_defilement_curse,,"appearing to be unsteady or prone to collapse, especially due to magical instability",,unsteady;prone to collapse;magical instability,stable;secure,,1,1,1,ItemSparse,unstable-looking:1,27.6931,0.8,False,
venom-base,venom-base,venom-base,,venom-base,venom-base,compound,venom-base,,venom-base,corruption_defilement_curse,,"containing or characterized by venom, especially in a poisonous sense",,venom;poisonous;toxic,harmless;non-toxic,,1,1,1,ItemSparse,venom-base:1,27.6931,0.9,False,
venom-steeped,venom-steep,venom-steeped,,venom-steep,venom-steep,compound,venom-steeped,,venom-steeped,corruption_defilement_curse,,"soaked or saturated with venom, especially in a poisonous sense",,soaked;saturated;poisonous,harmless;non-toxic,,1,1,1,ItemSparse,venom-steeped:1,27.6931,0.8,False,
vicious-looking,vicious-look,vicious-looking,,vicious-look,vicious-look,compound,vicious-looking,,vicious-looking,corruption_defilement_curse,,having a cruel or violent appearance,,fierce;ferocious;brutal,gentle;kind;meek,,1,1,1,ItemSparse,vicious-looking:1,27.6931,0.8,False,
viciously-edged,viciously-edg,viciously-edged,,viciously-edg,viciously-edg,compound,viciously-edged,,viciously-edged,corruption_defilement_curse,,"having a sharp or cutting edge, often used to inflict harm",,deadly;lethal;poisonous,dull;blunt;harmless,,1,1,1,ItemSparse,viciously-edged:1,27.6931,0.9,False,
void-corrupted,void-corrupt,void-corrupted,,void-corrupt,void-corrupt,compound,void-corrupted,,void-corrupted,corruption_defilement_curse,,having been corrupted or tainted by the void or emptiness,,tainted;polluted;contaminated,pure;clean;untainted,,1,1,1,ItemSparse,void-corrupted:1,27.6931,0.9,False,
void-infected,void-infect,void-infected,,void-infect,void-infect,compound,void-infected,,void-infected,corruption_defilement_curse,,having been infected or tainted by the void or emptiness,,infected;tainted;polluted,healthy;clean;untainted,,1,1,1,ItemSparse,void-infected:1,27.6931,0.9,False,
void-suffused,void-suffus,void-suffused,,void-suffus,void-suffus,compound,void-suffused,,void-suffused,corruption_defilement_curse,,having been filled or saturated with the void or emptiness,,saturated;filled;overflowing,empty;vacant;desolate,,1,1,1,ItemSparse,void-suffused:1,27.6931,0.8,False,
void-tainted,void-taint,void-tainted,,void-taint,void-taint,compound,void-tainted,,void-tainted,corruption_defilement_curse,,having been tainted or corrupted by the void or emptiness,,tainted;polluted;contaminated,pure;clean;untainted,,1,1,1,JournalEncounter,void-tainted:1,27.6931,0.9,False,
warp-stalker,warp-stalker,warp-stalker,,warp-stalker,warp-stalker,compound,warp-stalker,,warp-stalker,corruption_defilement_curse,,a creature that warps and corrupts others,,defiled;tainted;cursed,holy;blessed,,1,1,1,JournalEncounter,warp-stalker:1,27.6931,0.8,False,
witch-hunter,witch-hunter,witch-hunter,,witch-hunter,witch-hunter,compound,witch-hunter,,witch-hunter,corruption_defilement_curse,,one who hunts witches,,hunter;witch,,,1,1,1,ItemSparse,witch-hunter:1,27.6931,1.0,False,
withshadow-touched,withshadow-touch,withshadow-touched,,withshadow-touch,withshadow-touch,compound,withshadow-touched,,withshadow-touched,corruption_defilement_curse,,touched by shadow,,shadow;touch,,,1,1,1,JournalEncounterSection,withshadow-touched:1,27.6931,1.0,False,
summon,summon,summon,,summon,summon,base,summon,,,corruption_defilement_curse,,to call or bring something into existence,,call;invoke;conjure,,,3353,3353,4,BroadcastText;ItemSparse;JournalEncounter;JournalEncounterSection,summon:3353,16.1179,0.9,False,
strike,strike,strike,,strike,strike,base,strike,,,corruption_defilement_curse,,to hit or attack something,,hit;attack;assault,,,419,402,5,BroadcastText;ItemNameDescription;ItemSparse;JournalEncounter;JournalEncounterSection,strike:419,16.0403,0.9,False,
twilight,twilight,twilight,,twilight,twilight,base,twilight,,,corruption_defilement_curse,,the time of day when the sun is below the horizon but not yet fully dark,,day;night;evening,,,350,273,5,BroadcastText;ItemNameDescription;ItemSparse;JournalEncounter;JournalEncounterSection,twilight:350,15.8608,0.8,False,
summons,summon,summons,,summon,summon,inflected_form,summons,,,corruption_defilement_curse,,a call or invitation to come or appear,,call;invitation;appeal,,,295,290,5,BroadcastText;ItemNameDescription;ItemSparse;JournalEncounter;JournalEncounterSection,summons:295,15.6904,0.9,False,
creatures,creature,creatures,,creature,creature,inflected_form,creatures,,,corruption_defilement_curse,,"living beings, often with special powers or characteristics",,beings;entities;organisms,,,257,245,5,BroadcastText;ItemNameDescription;ItemSparse;JournalEncounter;JournalEncounterSection,creatures:257,15.553,0.8,False,
breath,breath,breath,,breath,breath,base,breath,,,corruption_defilement_curse,,air inhaled and exhaled by living things,,shadow;darkness,,,243,222,5,BroadcastText;ItemNameDescription;ItemSparse;JournalEncounter;JournalEncounterSection,breath:243,15.4972,0.8,False,
rage,rage,rage,,rage,rage,base,rage,,,corruption_defilement_curse,,a strong feeling of anger or hatred,,fury;anger,,,209,184,5,BroadcastText;ItemNameDescription;ItemSparse;JournalEncounter;JournalEncounterSection,rage:209,15.3471,0.9,False,
fury,fury,fury,,fury,fury,base,fury,,,corruption_defilement_curse,,a strong feeling of anger or hatred,,rage;anger,,,163,156,5,BroadcastText;ItemNameDescription;ItemSparse;JournalEncounter;JournalEncounterSection,fury:163,15.0999,0.9,False,
swarm,swarm,swarm,,swarm,swarm,base,swarm,,,corruption_defilement_curse,,a large number of insects or animals moving together,,invasion;infestation,,,75,63,5,BroadcastText;ItemNameDescription;ItemSparse;JournalEncounter;JournalEncounterSection,swarm:75,14.3307,0.8,False,
hunger,hunger,hunger,,hunger,hunger,base,hunger,,,corruption_defilement_curse,,a strong desire to eat or drink,,thirst;appetite;craving,,,63,62,5,BroadcastText;ItemNameDescription;ItemSparse;JournalEncounter;JournalEncounterSection,hunger:63,14.1589,0.9,False,
inflict,inflict,inflict,,inflict,inflict,base,inflict,,,corruption_defilement_curse,,to cause harm or suffering to someone or something,,harm;injure;torment,,,444,413,4,BroadcastText;ItemSparse;JournalEncounter;JournalEncounterSection,inflict:444,14.0981,0.8,False,
summoning,summon,summoning,,summon,summon,inflected_form,summoning,,,corruption_defilement_curse,,the act of calling or bringing something into existence,,calling;invoking;conjuring,,,58,54,5,BroadcastText;ItemNameDescription;ItemSparse;JournalEncounter;JournalEncounterSection,summoning:58,14.0775,0.9,False,
profane,profane,profane,,profane,profane,base,profane,,,dark_profane,,"considered unclean or polluted, morally corrupted",,tainted;defiled;desecrated,hallowed;consecrated;sanctified,,3,3,2,ItemSparse;JournalEncounter,profane:3,115.3863,0.7,True,low_confidence
sinister,sinister,sinister,,sinister,sinister,base,sinister,,,dark_profane,,having or showing a wicked or evil nature,,wicked;evil,,,98,98,5,BroadcastText;ItemNameDescription;ItemSparse;JournalEncounter;JournalEncounterSection,sinister:98,44.5951,0.5,True,low_confidence
dire,dire,dire,,dire,dire,base,dire,,,dark_profane,,"serious or severe, often in a way that is frightening or unpleasant",,serious;severe;frightening,hopeful;encouraging,,49,44,5,BroadcastText;ItemNameDescription;ItemSparse;JournalEncounter;JournalEncounterSection,dire:49,43.912,0.7,True,low_confidence
malevolent,malevolent,malevolent,,malevolent,malevolent,base,malevolent,,,dark_profane,,having or showing a wish to do harm to others,,evil;wicked;cruel,benevolent;kind;gentle,,27,27,4,BroadcastText;ItemSparse;JournalEncounter;JournalEncounterSection,malevolent:27,41.3322,0.9,False,
damned,damn,damned,,damn,damn,inflected_form,damned,,,dark_profane,,"considered to be evil or wicked, and therefore punished or cursed",,cursed;doomed;lost,blessed;saved;redeemed,,26,24,4,BroadcastText;ItemSparse;JournalEncounter;JournalEncounterSection,damned:26,41.2958,0.8,False,
accursed,accurs,accursed,,accurs,accurs,inflected_form,accursed,,,dark_profane,,"considered to be evil or wicked, and therefore cursed or punished",,cursed;doomed;lost,blessed;saved;redeemed,,14,13,4,BroadcastText;ItemSparse;JournalEncounter;JournalEncounterSection,accursed:14,40.7081,0.7,True,low_confidence
blasphemous,blasphemou,blasphemous,,blasphemou,blasphemou,inflected_form,blasphemous,,,dark_profane,,offending or insulting a deity or sacred thing,,sacrilegious;heretical;impious,pious;devout;reverent,,1,1,1,JournalEncounter,blasphemous:1,32.6931,0.8,False,
heretical,heretical,heretical,,heretical,heretical,base,heretical,,,dark_profane,,contrary to or rejecting established doctrine or faith,,sacrilegious;impious;blasphemous,orthodox;conformist;traditional,,1,1,1,ItemSparse,heretical:1,32.6931,0.9,False,
wicked-looking,wicked-look,wicked-looking,,wicked-look,wicked-look,compound,wicked-looking,,wicked-looking,dark_profane,,appearing evil or malevolent,,evil;malevolent;sinister,good;virtuous,,2,2,1,ItemSparse,wicked-looking:2,28.0986,0.8,False,
dark,dark,dark,,dark,dark,base,dark,,,dark_profane,,lacking light or having little light,,light;bright;illuminated,,,743,705,5,BroadcastText;ItemNameDescription;ItemSparse;JournalEncounter;JournalEncounterSection,dark:743,16.612,0.8,False,
lost,lost,lost,,lost,lost,base,lost,,,death_mourning,,not found or unable to be located,,found;discovered,,,256,254,5,BroadcastText;ItemNameDescription;ItemSparse;JournalEncounter;JournalEncounterSection,lost:256,45.5491,0.1,True,low_confidence
remains,remain,remains,,remain,remain,inflected_form,remains,,,death_mourning,,the parts of something that are left after it has been destroyed or broken down,,parts;destroyed;broken,intact;whole,,220,216,4,BroadcastText;ItemSparse;JournalEncounter;JournalEncounterSection,remains:220,43.3982,0.8,False,
fallen,fallen,fallen,,fallen,fallen,base,fallen,,,death_mourning,,having fallen or been defeated,,defeated;beaten;conquered,victorious;triumphant,,169,160,4,BroadcastText;ItemSparse;JournalEncounter;JournalEncounterSection,fallen:169,43.1358,0.7,True,low_confidence
tomb,tomb,tomb,,tomb,tomb,base,tomb,,,death_mourning,,"a structure or building for the burial of a dead person, typically with a stone monument or memorial",,grave;sepulcher;mausoleum,,,39,37,4,BroadcastText;ItemSparse;JournalEncounter;JournalEncounterSection,tomb:39,41.6889,1.0,False,
grave,grave,grave,,grave,grave,base,grave,,,death_mourning,,"a hole or pit dug in the ground for burying a dead person, typically one that is marked with a stone monument or memorial",,tomb;sepulcher;mausoleum,,,27,27,4,BroadcastText;ItemSparse;JournalEncounter;JournalEncounterSection,grave:27,41.3322,1.0,False,
sepulcher,sepulcher,sepulcher,,sepulcher,sepulcher,base,sepulcher,,,death_mourning,,"a building or structure that is used as a tomb or burial place, especially one that is grand or elaborate",,tomb;mausoleum;cemetery,living;alive;breathing,,18,17,4,BroadcastText;ItemSparse;JournalEncounter;JournalEncounterSection,sepulcher:18,40.9444,0.8,False,
corpse,corpse,corpse,,corpse,corpse,base,corpse,,,death_mourning,,"the body of a dead person or animal, often in a way that is considered unpleasant or disturbing",,body;remains;cadaver,alive;living;thriving,,44,43,3,ItemSparse;JournalEncounter;JournalEncounterSection,corpse:44,39.8067,0.9,False,
buried,bury,buried,,bury,bury,inflected_form,buried,,,death_mourning,,"placed or put in the ground, especially a body",,dead;deceased;interred,,,23,23,3,BroadcastText;ItemSparse;JournalEncounter,buried:23,39.1781,1.0,False,
burial,burial,burial,,burial,burial,base,burial,,,death_mourning,,the act of putting a dead body in the ground or a tomb,,funeral;tomb;grave,,,13,13,3,ItemSparse;JournalEncounter;JournalEncounterSection,burial:13,38.6391,1.0,False,
ghastly,ghastly,ghastly,,ghastly,ghastly,base,ghastly,,,death_mourning,,"causing horror or disgust, especially because of its ugliness or cruelty",,horrific;atrocious;heinous,,,12,12,3,ItemSparse;JournalEncounter;JournalEncounterSection,ghastly:12,38.5649,1.0,False,
haunted,haunt,haunted,,haunt,haunt,inflected_form,haunted,,,death_mourning,,infested or frequented by ghosts or spirits,,ghost;spirit;frequented,peaceful;quiet,,6,6,2,BroadcastText;ItemSparse,haunted:6,35.9459,0.9,False,
mourning,mourn,mourning,,mourn,mourn,inflected_form,mourning,,,death_mourning,,"expressing or feeling sadness or grief, especially for someone who has died",,sadness;grief;death,happiness;joy,,3,3,2,BroadcastText;ItemSparse,mourning:3,35.3863,0.9,False,
war-torn,war-torn,war-torn,,war-torn,war-torn,compound,war-torn,,war-torn,death_mourning,,"War-torn world, death and mourning",,sacred place;healing,,,3,3,3,BroadcastText;JournalEncounter;JournalEncounterSection,war-torn:3,32.3863,1.0,False,
long-lost,long-lost,long-lost,,long-lost,long-lost,compound,long-lost,,long-lost,death_mourning,,something or someone that has been lost for a long time,,lost;time;memory,,,5,5,2,BroadcastText;ItemSparse,long-lost:5,30.7918,0.9,False,
ill-fated,ill-fate,ill-fated,,ill-fate,ill-fate,compound,ill-fated,,ill-fated,death_mourning,,"unlucky or unfortunate, often due to a past mistake or error",,luck;mistake;error,,,3,3,2,BroadcastText;JournalEncounter,ill-fated:3,30.3863,0.9,False,
battle-worn,battle-worn,battle-worn,,battle-worn,battle-worn,compound,battle-worn,,battle-worn,death_mourning,,"worn, damaged from battle",,worn;damaged,new;untouched,,2,2,2,ItemSparse;JournalEncounterSection,battle-worn:2,30.0986,0.8,False,
fallen-king,fallen-k,fallen-king,,fallen-k,fallen-k,compound,fallen-king,,fallen-king,death_mourning,,"former king, now fallen or defeated",,king;fallen,ruler;sovereign,,2,2,2,JournalEncounter;JournalEncounterSection,fallen-king:2,30.0986,0.7,True,low_confidence
off-balance,off-balance,off-balance,,off-balance,off-balance,compound,off-balance,,off-balance,death_mourning,,"unstable, precarious, or out of balance",,unbalanced;precarious,stable;balanced,,2,2,2,ItemSparse;JournalEncounterSection,off-balance:2,30.0986,0.8,False,
torn-out,torn-out,torn-out,,torn-out,torn-out,compound,torn-out,,torn-out,death_mourning,,something that has been ripped or pulled out,,tear;rip;pull,intact;whole,,7,7,1,ItemSparse,torn-out:7,29.0794,0.7,True,low_confidence
re-emerge,re-emerge,re-emerge,,re-emerge,re-emerge,compound,re-emerge,,re-emerge,death_mourning,,to come back or return to a place or situation,,emerge;return;come,stay;remain,,6,5,1,JournalEncounterSection,re-emerge:6,28.9459,0.7,True,low_confidence
blood-soaked,blood-soak,blood-soaked,,blood-soak,blood-soak,compound,blood-soaked,,blood-soaked,death_mourning,,covered in blood,,blood;soaked,,,4,4,1,ItemSparse,blood-soaked:4,28.6094,0.9,False,
blood-stained,blood-stain,blood-stained,,blood-stain,blood-stain,compound,blood-stained,,blood-stained,death_mourning,,stained with blood,,blood;stained,,,4,4,1,ItemSparse,blood-stained:4,28.6094,0.9,False,
amber-trappers,amber-trapper,amber-trappers,,amber-trapper,amber-trapper,compound,amber-trappers,,amber-trappers,death_mourning,,a device or tool used to trap and preserve bodies,,,,,3,3,1,JournalEncounterSection,amber-trappers:3,28.3863,0.8,False,
long-dead,long-dead,long-dead,,long-dead,long-dead,compound,long-dead,,long-dead,death_mourning,,"dead for a long time, often with a sense of nostalgia or reverence",,ancestor;legend;hero,living;alive,,3,3,1,ItemSparse,long-dead:3,28.3863,0.9,False,
age-old,age-old,age-old,,age-old,age-old,compound,age-old,,age-old,death_mourning,,"long-standing or enduring, often in a negative sense",,ancient;timeless;eternal,new;modern;contemporary,,2,2,1,BroadcastText,age-old:2,28.0986,0.8,False,
bleed--and,bleed--and,bleed--and,,bleed--and,bleed--and,compound,bleed--and,,bleed--and,death_mourning,,"to lose or shed blood, often in a violent or traumatic context",,blood;violence;trauma,non-violent;peaceful; tranquil,,2,2,1,JournalEncounter,bleed--and:2,28.0986,0.9,False,
cave-in,cave-in,cave-in,,cave-in,cave-in,compound,cave-in,,cave-in,death_mourning,,a collapse of a cave or tunnel,,collapse;fall;caving,stable;secure;safe,,2,2,1,JournalEncounterSection,cave-in:2,28.0986,0.9,False,
flesh-and-blood,flesh-and-blood,flesh-and-blood,,flesh-and-blood,flesh-and-blood,compound,flesh-and-blood,,flesh-and-blood,death_mourning,,made of or consisting of flesh and blood,,flesh;blood,non-corporeal;incorporeal,,2,2,1,JournalEncounter,flesh-and-blood:2,28.0986,0.8,False,
ice-rimed,ice-rim,ice-rimed,,ice-rim,ice-rim,compound,ice-rimed,,ice-rimed,death_mourning,,covered in ice or frost,,,,,2,2,1,JournalEncounterSection,ice-rimed:2,28.0986,0.8,False,
mounts-in-training,mounts-in-train,mounts-in-training,,mounts-in-train,mounts-in-train,compound,mounts-in-training,,mounts-in-training,death_mourning,,young animals being trained for riding or combat,,train;animal;riding,,,2,2,1,ItemSparse,mounts-in-training:2,28.0986,0.8,False,
short-lived,short-liv,short-lived,,short-liv,short-liv,compound,short-lived,,short-lived,death_mourning,,living for a short time,,life;lifespan;duration,long-lived;prolonged;enduring,,2,2,1,BroadcastText,short-lived:2,28.0986,0.8,False,
amber-trapper,amber-trapper,amber-trapper,,amber-trapper,amber-trapper,compound,amber-trapper,,amber-trapper,death_mourning,,"trapper, amber, death",,trapper;amber;death,,,1,1,1,JournalEncounterSection,amber-trapper:1,27.6931,0.5,True,low_confidence
bones--there,bones--there,bones--there,,bones--there,bones--there,compound,bones--there,,bones--there,death_mourning,,the bones or remains of something or someone,,,,,1,1,1,BroadcastText,bones--there:1,27.6931,0.5,True,low_confidence
crunched-up,crunched-up,crunched-up,,crunched-up,crunched-up,compound,crunched-up,,crunched-up,death_mourning,,"compressed or crushed, often used to describe something that has been damaged or destroyed",,crunch;up,,,1,1,1,ItemSparse,crunched-up:1,27.6931,0.7,True,low_confidence
die--just,die--just,die--just,,die--just,die--just,compound,die--just,,die--just,death_mourning,,"to die or be killed, especially in a tragic or unjust manner",,kill;murder;slaughter,,,1,1,1,BroadcastText,die--just:1,27.6931,0.5,True,low_confidence
fathom-lord,fathom-lord,fathom-lord,,fathom-lord,fathom-lord,compound,fathom-lord,,fathom-lord,death_mourning,,"a lord or master of the sea, specifically Fathom-Lord Karathress",,lord;master;ruler,servant;slave;subject,,1,1,1,JournalEncounter,fathom-lord:1,27.6931,0.7,True,low_confidence
guardian-is,guardian-i,guardian-is,,guardian-i,guardian-i,compound,guardian-is,,guardian-is,death_mourning,,a protector or guardian of something or someone,,watchful;vigilant;defender,harmful;detrimental;malevolent,,1,1,1,JournalEncounter,guardian-is:1,27.6931,0.7,True,low_confidence
ill-treated,ill-treate,ill-treated,,ill-treate,ill-treate,compound,ill-treated,,ill-treated,death_mourning,,treated badly or unfairly,,treat;fairly;kindly,,,1,1,1,ItemSparse,ill-treated:1,27.6931,1.0,False,
leg-meat,leg-meat,leg-meat,,leg-meat,leg-meat,compound,leg-meat,,leg-meat,death_mourning,,"the meat of a leg, often in the context of food or consumption",,meat;food;consumption,vegetarian;abstinent,,1,1,1,ItemSparse,leg-meat:1,27.6931,0.8,False,
liver-scented,liver-scent,liver-scented,,liver-scent,liver-scent,compound,liver-scented,,liver-scented,death_mourning,,having a strong liver-like smell,,pungent;foul;noxious,,,1,1,1,BroadcastText,liver-scented:1,27.6931,0.4,True,low_confidence
long-fallen,long-fallen,long-fallen,,long-fallen,long-fallen,compound,long-fallen,,long-fallen,death_mourning,,having fallen long ago,,dead;deceased;departed,,,1,1,1,ItemSparse,long-fallen:1,27.6931,0.5,True,low_confidence
lumber-slicing,lumber-slic,lumber-slicing,,lumber-slic,lumber-slic,compound,lumber-slicing,,lumber-slicing,death_mourning,,a device for cutting wood,,axe;saw;woodcutting,,,1,1,1,JournalEncounterSection,lumber-slicing:1,27.6931,0.8,False,
nearly-headless,nearly-headless,nearly-headless,,nearly-headless,nearly-headless,compound,nearly-headless,,nearly-headless,death_mourning,,almost completely beheaded or decapitated,,headless;decapitated;beheaded,whole;intact,,1,1,1,ItemSparse,nearly-headless:1,27.6931,0.2,True,low_confidence
now-collapsing,now-collaps,now-collapsing,,now-collaps,now-collaps,compound,now-collapsing,,now-collapsing,death_mourning,,currently collapsing,,collapsing;family;words,,,1,1,1,ItemSparse,now-collapsing:1,27.6931,0.6,True,low_confidence
pillar-nest,pillar-nest,pillar-nest,,pillar-nest,pillar-nest,compound,pillar-nest,,pillar-nest,death_mourning,,"a type of nest or resting place, often used to describe a location for the dead or dying",,,,,1,1,1,ItemSparse,pillar-nest:1,27.6931,0.7,True,low_confidence
plague-doused,plague-dous,plague-doused,,plague-dous,plague-dous,compound,plague-doused,,plague-doused,death_mourning,,"covered or saturated with a plague, often used to describe a location or object that has been affected by disease",,,,,1,1,1,ItemSparse,plague-doused:1,27.6931,0.8,False,
pus-like,pus-like,pus-like,,pus-like,pus-like,compound,pus-like,,pus-like,death_mourning,,having a pus-like appearance or texture,,foul;putrid;gangrenous,,,1,1,1,ItemSparse,pus-like:1,27.6931,1.0,False,
remains--and,remains--and,remains--and,,remains--and,remains--and,compound,remains--and,,remains--and,death_mourning,,the parts of something that are left behind after it has been destroyed or consumed,,remain;left;behind,destroyed;consumed,,1,1,1,BroadcastText,remains--and:1,27.6931,0.8,False,
run-down,run-down,run-down,,run-down,run-down,compound,run-down,,run-down,death_mourning,,"in a state of decline or disrepair, possibly in a context related to death or mourning",,down;decline,,,1,1,1,JournalEncounter,run-down:1,27.6931,0.9,False,
stone-skulls,stone-skull,stone-skulls,,stone-skull,stone-skull,compound,stone-skulls,,stone-skulls,death_mourning,,skulls made of stone,,,,,1,1,1,ItemSparse,stone-skulls:1,27.6931,0.8,False,
talon-tattered,talon-tatter,talon-tattered,,talon-tatter,talon-tatter,compound,talon-tattered,,talon-tattered,death_mourning,,a type of damage or injury to a surface,,blood;page,,,1,1,1,ItemSparse,talon-tattered:1,27.6931,0.6,True,low_confidence
two-head,two-head,two-head,,two-head,two-head,compound,two-head,,two-head,death_mourning,, creature with two heads,,head;creature,,,1,1,1,BroadcastText,two-head:1,27.6931,1.0,False,
two-headed,two-head,two-headed,,two-head,two-head,compound,two-headed,,two-headed,death_mourning,, creature with two heads,,head;creature,,,1,1,1,JournalEncounter,two-headed:1,27.6931,1.0,False,
zug-zug,zug-zug,zug-zug,,zug-zug,zug-zug,compound,zug-zug,,zug-zug,death_mourning,,a type of bird or a sound it makes,,,,,1,1,1,BroadcastText,zug-zug:1,27.6931,0.5,True,low_confidence
spirits,spirit,spirits,,spirit,spirit,inflected_form,spirits,,,death_mourning,,the souls or ghosts of dead people,,ghosts;souls,,,156,144,5,BroadcastText;ItemNameDescription;ItemSparse;JournalEncounter;JournalEncounterSection,spirits:156,15.0562,0.8,False,
nightmare,nightmare,nightmare,,nightmare,nightmare,base,nightmare,,,death_mourning,,a frightening or unpleasant dream,,dream;frightening,,,149,133,5,BroadcastText;ItemNameDescription;ItemSparse;JournalEncounter;JournalEncounterSection,nightmare:149,15.0106,0.8,False,
beast,beast,beast,,beast,beast,base,beast,,,death_mourning,,a wild or ferocious animal,,animal;creature;monster,,,106,101,5,BroadcastText;ItemNameDescription;ItemSparse;JournalEncounter;JournalEncounterSection,beast:106,14.6728,0.4,True,low_confidence
helya,helya,helya,,helya,helya,base,helya,,,death_mourning,,a person or thing that is associated with death or mourning,,mortal;funeral,,,69,50,5,BroadcastText;ItemNameDescription;ItemSparse;JournalEncounter;JournalEncounterSection,helya:69,14.2485,0.7,True,low_confidence
withered,wither,withered,,wither,wither,inflected_form,withered,,,death_undead_crypt;ancient_ruins_memory,,"dead or dying, old and worn out",,weathered;dormant;forsaken,verdant;lush;primal,,27,25,4,BroadcastText;ItemSparse;JournalEncounter;JournalEncounterSection,withered:27,121.3322,0.9,False,
forsaken,forsaken,forsaken,,forsaken,forsaken,base,forsaken,,,death_undead_crypt,,"abandoned or deserted, left to decay",,withered;weathered;dormant,hallowed;consecrated;sanctified,,24,24,4,BroadcastText;ItemSparse;JournalEncounter;JournalEncounterSection,forsaken:24,91.2189,0.8,False,
forlorn,forlorn,forlorn,,forlorn,forlorn,base,forlorn,,,death_undead_crypt,,"abandoned or deserted, often in a state of sadness or despair",,forsaken;dormant;weathered,hallowed;consecrated;sanctified,,5,5,2,ItemSparse;JournalEncounterSection,forlorn:5,85.7918,0.8,False,
maw,maw,maw,,maw,maw,base,maw,,,death_undead_crypt,,"the mouth or jaws of a large animal, especially a predator",,jaws;mouth,,,125,118,5,BroadcastText;ItemNameDescription;ItemSparse;JournalEncounter;JournalEncounterSection,maw:125,44.8363,0.0,True,low_confidence
ghost,ghost,ghost,,ghost,ghost,base,ghost,,,death_undead_crypt,,"the spirit or soul of a dead person, especially one that is believed to continue existing after death",,spirit;soul;apparition,living;alive;breathing,,22,21,4,BroadcastText;ItemSparse;JournalEncounter;JournalEncounterSection,ghost:22,41.1355,0.8,False,
restless,restless,restless,,restless,restless,base,restless,,,death_undead_crypt,,"not able to rest or be still, especially because of anxiety or worry",,anxious;worried;uneasy,calm;peaceful;serene,,22,21,4,BroadcastText;ItemSparse;JournalEncounter;JournalEncounterSection,restless:22,41.1355,0.8,False,
captive,captive,captive,,captive,captive,base,captive,,,death_undead_crypt,,held prisoner or under control,,imprisoned;detained;confinement,free;liberated;released,,12,12,4,BroadcastText;ItemSparse;JournalEncounter;JournalEncounterSection,captive:12,40.5649,0.9,False,
crypt,crypt,crypt,,crypt,crypt,base,crypt,,,death_undead_crypt,,a place for storing or burying the dead,,tomb;mausoleum;sepulcher,living;alive;thriving,,12,11,4,BroadcastText;ItemSparse;JournalEncounter;JournalEncounterSection,crypt:12,40.5649,0.9,False,
lifebinder,lifebinder,lifebinder,,lifebinder,lifebinder,base,lifebinder,,,death_undead_crypt,,a person or thing that binds life,,soul;spirit;reanimated,lifeless;deadly,,11,7,1,JournalEncounterSection,lifebinder:11,34.4849,0.9,False,
wraith,wraith,wraith,,wraith,wraith,base,wraith,,,death_undead_crypt,,a ghostly or spectral being,,ghost;specter;apparition,living;corporeal,,7,7,1,JournalEncounterSection,wraith:7,34.0794,0.8,False,
life-binder,life-binder,life-binder,,life-binder,life-binder,compound,life-binder,,life-binder,death_undead_crypt,,a being that binds or controls life force,,life-force;soul-binding;spiritual,death-bringer;life-taker;soul-stealer,,9,9,3,BroadcastText;ItemSparse;JournalEncounter,life-binder:9,33.3026,0.9,False,
azjol-nerub,azjol-nerub,azjol-nerub,,azjol-nerub,azjol-nerub,compound,azjol-nerub,,azjol-nerub,death_undead_crypt,,a hidden empire of undead creatures,,empire;kingdom;realm,living;breathing;vibrant,,7,7,3,ItemSparse;JournalEncounter;JournalEncounterSection,azjol-nerub:7,33.0794,0.8,False,
time-lost,time-lost,time-lost,,time-lost,time-lost,compound,time-lost,,time-lost,death_undead_crypt,,a creature or object that has been lost in time,,lost;forgotten;abandoned,found;discovered;rediscovered,,6,6,3,ItemSparse;JournalEncounter;JournalEncounterSection,time-lost:6,32.9459,0.9,False,
storm-eater,storm-eater,storm-eater,,storm-eater,storm-eater,compound,storm-eater,,storm-eater,death_undead_crypt,,"Storm-Eater, death and undead",,razzageth;vault,,,3,3,3,BroadcastText;JournalEncounter;JournalEncounterSection,storm-eater:3,32.3863,1.0,False,
ji-kun,ji-kun,ji-kun,,ji-kun,ji-kun,compound,ji-kun,,ji-kun,death_undead_crypt,,"Ji-Kun, death and undead",,flesh-shapers;decay,,,27,23,2,JournalEncounter;JournalEncounterSection,ji-kun:27,32.3322,1.0,False,
yan-zhu,yan-zhu,yan-zhu,,yan-zhu,yan-zhu,compound,yan-zhu,,yan-zhu,death_undead_crypt,,"Yan-Zhu, death and undead",,uncasked;family brewery,,,14,13,2,JournalEncounter;JournalEncounterSection,yan-zhu:14,31.7081,1.0,False,
nerub-ar,nerub-ar,nerub-ar,,nerub-ar,nerub-ar,compound,nerub-ar,,nerub-ar,death_undead_crypt,,"Nerub-ar, death and undead",,Anub'arash;Thousand Scars,,,9,9,2,ItemSparse;JournalEncounter,nerub-ar:9,31.3026,1.0,False,
sand-crusted,sand-crust,sand-crusted,,sand-crust,sand-crust,compound,sand-crusted,,sand-crusted,death_undead_crypt,,covered in sand or dust,,,,,4,4,1,JournalEncounterSection,sand-crusted:4,28.6094,0.7,True,low_confidence
amber-sappers,amber-sapper,amber-sappers,,amber-sapper,amber-sapper,compound,amber-sappers,,amber-sappers,death_undead_crypt,,a type of undead creature or entity,,undead;ghoul;specter,living;breathing;animate,,2,2,1,JournalEncounterSection,amber-sappers:2,28.0986,0.8,False,
first-fang,first-fang,first-fang,,first-fang,first-fang,compound,first-fang,,first-fang,death_undead_crypt,,the first tooth to grow in an animal's mouth,,fang;tooth,last-tooth;final-tooth,,2,1,1,ItemSparse,first-fang:2,28.0986,0.6,True,low_confidence
ghamoo-ra,ghamoo-ra,ghamoo-ra,,ghamoo-ra,ghamoo-ra,compound,ghamoo-ra,,ghamoo-ra,death_undead_crypt,,"a mysterious or unknown entity, possibly related to the Twilight's Hammer cult",,mysterious;unknown,known;familiar,,2,2,1,JournalEncounter,ghamoo-ra:2,28.0986,0.4,True,low_confidence
half-giants,half-giant,half-giants,,half-giant,half-giant,compound,half-giants,,half-giants,death_undead_crypt,,beings that are half-human and half-giant in size or strength,,giants;half-human,full-humans;non-giants,,2,2,1,ItemSparse,half-giants:2,28.0986,0.6,True,low_confidence
half-seeing,half-see,half-seeing,,half-see,half-see,compound,half-seeing,,half-seeing,death_undead_crypt,,"having or experiencing only partial vision, possibly due to injury or illness",,seeing;vision,full-sighted;unimpaired,,2,2,1,ItemSparse,half-seeing:2,28.0986,0.5,True,low_confidence
ley-whelp,ley-whelp,ley-whelp,,ley-whelp,ley-whelp,compound,ley-whelp,,ley-whelp,death_undead_crypt,,a young or immature creature associated with ley lines,,,,,2,2,1,JournalEncounterSection,ley-whelp:2,28.0986,0.8,False,
ley-whelps,ley-whelp,ley-whelps,,ley-whelp,ley-whelp,compound,ley-whelps,,ley-whelps,death_undead_crypt,,multiple young or immature creatures associated with ley lines,,,,,2,2,1,JournalEncounterSection,ley-whelps:2,28.0986,0.8,False,
non-trolls,non-troll,non-trolls,,non-troll,non-troll,compound,non-trolls,,non-trolls,death_undead_crypt,,"not trolls, often used to describe other types of creatures or beings",,troll;creature;being,,,2,2,1,ItemSparse,non-trolls:2,28.0986,0.7,True,low_confidence
three-headed,three-head,three-headed,,three-head,three-head,compound,three-headed,,three-headed,death_undead_crypt,,having three heads or multiple heads,,hydra;dragon;monster,single-headed;one-headed,,2,2,1,JournalEncounter,three-headed:2,28.0986,0.8,False,
ahn-kahet,ahn-kahet,ahn-kahet,,ahn-kahet,ahn-kahet,compound,ahn-kahet,,ahn-kahet,death_undead_crypt,,"Ahn-Kahet, a place or event",,Ahn-Kahet;place;event,,,1,1,1,ItemSparse,ahn-kahet:1,27.6931,0.6,True,low_confidence
cave-dwelling,cave-dwell,cave-dwelling,,cave-dwell,cave-dwell,compound,cave-dwelling,,cave-dwelling,death_undead_crypt,,something that lives or dwells in a cave,,dwelling;habitat,above-ground;outdoor,,1,1,1,ItemSparse,cave-dwelling:1,27.6931,0.8,False,
dead-looking,dead-look,dead-looking,,dead-look,dead-look,compound,dead-looking,,dead-looking,death_undead_crypt,,appearing dead or lifeless,,lifeless;still;unmoving,,,1,1,1,ItemSparse,dead-looking:1,27.6931,0.7,True,low_confidence
ever-watchful,ever-watchful,ever-watchful,,ever-watchful,ever-watchful,compound,ever-watchful,,ever-watchful,death_undead_crypt,,"continuously observing or guarding, often in a vigilant and attentive way",,watch;guard;vigilant,,,1,1,1,JournalEncounter,ever-watchful:1,27.6931,1.0,False,
four-legged,four-legg,four-legged,,four-legg,four-legg,compound,four-legged,,four-legged,death_undead_crypt,,having four legs,,animal;legs,,,1,1,1,ItemSparse,four-legged:1,27.6931,0.5,True,low_confidence
fresh-hunted,fresh-hunt,fresh-hunted,,fresh-hunt,fresh-hunt,compound,fresh-hunted,,fresh-hunted,death_undead_crypt,,recently hunted or killed animals,,animals;hunted,,,1,1,1,ItemSparse,fresh-hunted:1,27.6931,0.6,True,low_confidence
freshly-killed,freshly-kill,freshly-killed,,freshly-kill,freshly-kill,compound,freshly-killed,,freshly-killed,death_undead_crypt,,recently killed or slaughtered animals,,animals;killed,,,1,1,1,ItemSparse,freshly-killed:1,27.6931,0.7,True,low_confidence
goren-toothed,goren-tooth,goren-toothed,,goren-tooth,goren-tooth,compound,goren-toothed,,goren-toothed,death_undead_crypt,,Toothed like a goren,,goren;toothed,,,1,1,1,BroadcastText,goren-toothed:1,27.6931,0.8,False,
ground-dwellers,ground-dweller,ground-dwellers,,ground-dweller,ground-dweller,compound,ground-dwellers,,ground-dwellers,death_undead_crypt,,creatures that live on the ground,,burrowing;crawling;insectoid,flying;swimming;aquatic,,1,1,1,JournalEncounter,ground-dwellers:1,27.6931,0.8,False,
kraken-to,kraken-to,kraken-to,,kraken-to,kraken-to,compound,kraken-to,,kraken-to,death_undead_crypt,,a monstrous sea creature or a reference to the underworld,,monstrous;underworld;sea,benign;harmless,,1,1,1,JournalEncounter,kraken-to:1,27.6931,0.7,True,low_confidence
many--undead,many--undead,many--undead,,many--undead,many--undead,compound,many--undead,,many--undead,death_undead_crypt,,relating to the undead or death,,undead;death;corpse,life;living,,1,1,1,JournalEncounter,many--undead:1,27.6931,0.9,False,
mortal--the,mortal--the,mortal--the,,mortal--the,mortal--the,compound,mortal--the,,mortal--the,death_undead_crypt,,"a living being, as opposed to a non-living one",,living;being;non-living,immortal;dead,,1,1,1,BroadcastText,mortal--the:1,27.6931,0.8,False,
night-touched,night-touch,night-touched,,night-touch,night-touch,compound,night-touched,,night-touched,death_undead_crypt,,touched by night,,touched;family;words,,,1,1,1,ItemSparse,night-touched:1,27.6931,0.7,True,low_confidence
rak-ush,rak-ush,rak-ush,,rak-ush,rak-ush,compound,rak-ush,,rak-ush,death_undead_crypt,,a type of creature or entity,,creature;entity;being,,,1,1,1,ItemSparse,rak-ush:1,27.6931,1.0,False,
self-exile,self-exile,self-exile,,self-exile,self-exile,compound,self-exile,,self-exile,death_undead_crypt,,exiling oneself or being forced to leave one's home,,exile;banish;expel,welcome;accept;include,,1,1,1,BroadcastText,self-exile:1,27.6931,0.6,True,low_confidence
serpent--yu'lon,serpent--yu'lon,serpent--yu'lon,,serpent--yu'lon,serpent--yu'lon,compound,serpent--yu'lon,,serpent--yu'lon,death_undead_crypt,,a serpent-like creature or entity,,serpent;snake;reptile,mammal;bird;insect,,1,1,1,JournalEncounter,serpent--yu'lon:1,27.6931,0.6,True,low_confidence
spawn-targeted,spawn-target,spawn-targeted,,spawn-target,spawn-target,compound,spawn-targeted,,spawn-targeted,death_undead_crypt,,targeting or attacking a spawn point,,spawn;attack;target,defend;protect;shield,,1,1,1,JournalEncounterSection,spawn-targeted:1,27.6931,0.7,True,low_confidence
wolf-beasts,wolf-beast,wolf-beasts,,wolf-beast,wolf-beast,compound,wolf-beasts,,wolf-beasts,death_undead_crypt,,beasts that are wolves,,wolf;beast,,,1,1,1,JournalEncounter,wolf-beasts:1,27.6931,1.0,False,
frozen,frozen,frozen,,frozen,frozen,base,frozen,,,death_undead_crypt,,turned into ice or a state of being frozen,,ice;cold;frosty,,,128,119,5,BroadcastText;ItemNameDescription;ItemSparse;JournalEncounter;JournalEncounterSection,frozen:128,14.8598,0.3,True,low_confidence
savage,savage,savage,,savage,savage,base,savage,,,death_undead_crypt,,a person or thing that is wild and uncontrolled,,feral;fierce,,,67,64,5,BroadcastText;ItemNameDescription;ItemSparse;JournalEncounter;JournalEncounterSection,savage:67,14.2195,0.7,True,low_confidence
argus,argu,argus,,argu,argu,inflected_form,argus,,,death_undead_crypt,,a planet in the Warcraft universe,,necropolis;cemetery;mausoleum,,,62,58,5,BroadcastText;ItemNameDescription;ItemSparse;JournalEncounter;JournalEncounterSection,argus:62,14.1431,0.8,False,
odyn,odyn,odyn,,odyn,odyn,base,odyn,,,death_undead_crypt,,a god in the Warcraft universe,,god;deity;pantheon,,,62,50,5,BroadcastText;ItemNameDescription;ItemSparse;JournalEncounter;JournalEncounterSection,odyn:62,14.1431,0.7,True,low_confidence
elder,elder,elder,,elder,elder,base,elder,,,death_undead_crypt,,"an older person, typically in a position of authority or respect",,senior;veteran;matriarch,,,60,53,5,BroadcastText;ItemNameDescription;ItemSparse;JournalEncounter;JournalEncounterSection,elder:60,14.1109,0.7,True,low_confidence
brood,brood,brood,,dragon,dragon,related_concept,brood,,,dragons_draconic,,a group of young dragons or a place where they live,,clutch;flight;wyrm,void;abyssal;eldritch,,55,51,4,BroadcastText;ItemSparse;JournalEncounter;JournalEncounterSection,brood:55,92.0254,0.7,True,low_confidence
clutch,clutch,clutch,,dragon,dragon,related_concept,clutch,,,dragons_draconic,,a group of young dragons or a place where they live,,brood;flight;wyrm,void;abyssal;eldritch,,16,16,4,BroadcastText;ItemSparse;JournalEncounter;JournalEncounterSection,clutch:16,90.8332,0.7,True,low_confidence
wyrm,wyrm,wyrm,,dragon,dragon,related_concept,wyrm,,,dragons_draconic,,"a large or powerful dragon, often used to describe a fearsome creature",,brood;clutch;flight,void;abyssal;eldritch,,22,22,3,ItemSparse;JournalEncounter;JournalEncounterSection,wyrm:22,89.1355,0.7,True,low_confidence
draconic,draconic,draconic,,dragon,dragon,related_concept,draconic,,,dragons_draconic,,relating to dragons or dragon-like creatures,,wyrm;drake,,,99,99,4,BroadcastText;ItemSparse;JournalEncounter;JournalEncounterSection,draconic:99,62.6052,0.7,True,low_confidence
drake,drake,drake,,dragon,dragon,related_concept,drake,,,dragons_draconic,,a young dragon,,wyrm;whelp;brood,,,70,69,4,BroadcastText;ItemSparse;JournalEncounter;JournalEncounterSection,drake:70,42.2627,1.0,False,
talon,talon,talon,,talon,talon,base,talon,,,dragons_draconic,,"a sharp, hooked claw or grasping appendage",,wyrm;whelp,,,47,43,4,BroadcastText;ItemSparse;JournalEncounter;JournalEncounterSection,talon:47,41.8712,1.0,False,
whelp,whelp,whelp,,dragon,dragon,related_concept,whelp,,,dragons_draconic,,"a young dragon or other reptile, typically one that is still in its early stages of development",,cub;pup;kit,,,29,25,4,BroadcastText;ItemSparse;JournalEncounter;JournalEncounterSection,whelp:29,41.4012,1.0,False,
tiger,tiger,tiger,,tiger,tiger,base,tiger,,,dragons_draconic,,"a large, carnivorous mammal with orange and black stripes, especially one that is native to Asia",,lion;leopard;cheetah,domesticated;tame;docile,,20,20,4,BroadcastText;ItemSparse;JournalEncounter;JournalEncounterSection,tiger:20,41.0445,0.8,False,
scaled,scal,scaled,,scal,scal,inflected_form,scaled,,,dragons_draconic,,"covered in scales, like a dragon's skin",,scales;dragon;skin,smooth;hairless,,5,5,2,ItemSparse;JournalEncounter,scaled:5,35.7918,0.8,False,
proto-drake,proto-drake,proto-drake,,proto-drake,proto-drake,compound,proto-drake,,proto-drake,dragons_draconic,,a young or immature dragon,,drake;wyrm;whelp,mature;full-grown,,20,20,3,ItemSparse;JournalEncounter;JournalEncounterSection,proto-drake:20,34.0445,0.9,False,
proto-dragon,proto-dragon,proto-dragon,,proto-dragon,proto-dragon,compound,proto-dragon,,proto-dragon,dragons_draconic,,a young or immature dragon,,drake;wyrm;whelp,mature;full-grown,,11,10,3,ItemSparse;JournalEncounter;JournalEncounterSection,proto-dragon:11,33.4849,0.9,False,
proto-drakes,proto-drake,proto-drakes,,proto-drake,proto-drake,compound,proto-drakes,,proto-drakes,dragons_draconic,,young or primitive dragons,,drake;wyrm;whelp,mature;fully-grown;adult,,5,5,3,ItemSparse;JournalEncounter;JournalEncounterSection,proto-drakes:5,32.7918,0.9,False,
multi-headed,multi-head,multi-headed,,multi-head,multi-head,compound,multi-headed,,multi-headed,dragons_draconic,,"having, consisting of multiple heads or parts",,multiple;many-headed,single;one-headed,,2,2,2,JournalEncounter;JournalEncounterSection,multi-headed:2,30.0986,0.7,True,low_confidence
mega-mecha,mega-mecha,mega-mecha,,mega-mecha,mega-mecha,compound,mega-mecha,,mega-mecha,dragons_draconic,,"a large, mechanical creature or robot",,mecha;robot;machine,small;organic,,7,7,1,ItemSparse,mega-mecha:7,29.0794,0.9,False,
mount-in-training,mount-in-train,mount-in-training,,mount-in-train,mount-in-train,compound,mount-in-training,,mount-in-training,dragons_draconic,,a creature or animal that is being trained to be a mount,,mount;creature;animal,fully-trained;experienced,,6,6,1,ItemSparse,mount-in-training:6,28.9459,0.7,True,low_confidence
wind-reaver,wind-reaver,wind-reaver,,wind-reaver,wind-reaver,compound,wind-reaver,,wind-reaver,dragons_draconic,,a being or entity that controls the wind,,wind;being;entity,calm;peaceful,,6,6,1,JournalEncounterSection,wind-reaver:6,28.9459,0.7,True,low_confidence
phase-hunter,phase-hunter,phase-hunter,,phase-hunter,phase-hunter,compound,phase-hunter,,phase-hunter,dragons_draconic,,a creature that hunts in different phases,,hunter;phases,,,5,5,1,JournalEncounterSection,phase-hunter:5,28.7918,0.8,False,
always-legendary,always-legendary,always-legendary,,always-legendary,always-legendary,compound,always-legendary,,always-legendary,dragons_draconic,,constantly or perpetually legendary,,legendary;mythical;heroic,unremarkable;ordinary; mundane,,2,2,1,ItemSparse,always-legendary:2,28.0986,0.7,True,low_confidence
proto-whelp,proto-whelp,proto-whelp,,proto-whelp,proto-whelp,compound,proto-whelp,,proto-whelp,dragons_draconic,,"a young or immature dragon, often used to describe creatures or beings",,dragon;creature;being,,,2,2,1,ItemSparse,proto-whelp:2,28.0986,0.9,False,
anti-grav,anti-grav,anti-grav,,anti-grav,anti-grav,compound,anti-grav,,anti-grav,dragons_draconic,,relating to anti-gravity or weightlessness,,,,,1,1,1,ItemSparse,anti-grav:1,27.6931,0.8,False,
croc-o-lisks,croc-o-lisk,croc-o-lisks,,croc-o-lisk,croc-o-lisk,compound,croc-o-lisks,,croc-o-lisks,dragons_draconic,,a type of dragon or reptilian creature,,dragon;reptile;monster,mammal;human,,1,1,1,ItemSparse,croc-o-lisks:1,27.6931,0.8,False,
dragon-flesh,dragon-flesh,dragon-flesh,,dragon-flesh,dragon-flesh,compound,dragon-flesh,,dragon-flesh,dragons_draconic,,the flesh or body of a dragon,,flesh;body;dragon,,,1,1,1,ItemSparse,dragon-flesh:1,27.6931,0.8,False,
juggernaut-in-progress,juggernaut-in-progress,juggernaut-in-progress,,juggernaut-in-progress,juggernaut-in-progress,compound,juggernaut-in-progress,,juggernaut-in-progress,dragons_draconic,,"a massive or powerful entity, likely referring to a dragon or other large creature",,,,,1,1,1,JournalEncounter,juggernaut-in-progress:1,27.6931,1.0,False,
mecha-bruce,mecha-bruce,mecha-bruce,,mecha-bruce,mecha-bruce,compound,mecha-bruce,,mecha-bruce,dragons_draconic,,a type of mechanical device,,,,,1,1,1,ItemSparse,mecha-bruce:1,27.6931,1.0,False,
mono-wheel,mono-wheel,mono-wheel,,mono-wheel,mono-wheel,compound,mono-wheel,,mono-wheel,dragons_draconic,,a single-wheeled vehicle or object,,single;wheel;vehicle,multi-wheeled;complex,,1,1,1,ItemSparse,mono-wheel:1,27.6931,0.8,False,
nerubian-made,nerubian-made,nerubian-made,,nerubian-made,nerubian-made,compound,nerubian-made,,nerubian-made,dragons_draconic,,"created or made by the Nerubians, a fantasy species",,Nerubians;fantasy;species,human-made;artificial,,1,1,1,ItemSparse,nerubian-made:1,27.6931,0.4,True,low_confidence
nether-stalker,nether-stalker,nether-stalker,,nether-stalker,nether-stalker,compound,nether-stalker,,nether-stalker,dragons_draconic,,"a creature or being that stalks or pursues its prey in the Nether, a fantasy realm",,Nether;fantasy;realm,hunter;predator,,1,1,1,ItemSparse,nether-stalker:1,27.6931,0.2,True,low_confidence
non-vrykul,non-vrykul,non-vrykul,,non-vrykul,non-vrykul,compound,non-vrykul,,non-vrykul,dragons_draconic,,not vrykul,,vrykul;family;words,,,1,1,1,ItemSparse,non-vrykul:1,27.6931,0.9,False,
proto-dragons,proto-dragon,proto-dragons,,proto-dragon,proto-dragon,compound,proto-dragons,,proto-dragons,dragons_draconic,,ancient dragons,,drakes;wyrm;whelp,,,1,1,1,ItemSparse,proto-dragons:1,27.6931,1.0,False,
self-propelled,self-propell,self-propelled,,self-propell,self-propell,compound,self-propelled,,self-propelled,dragons_draconic,,moving or traveling on one's own power,,propel;drive;push,stagnant;stationary;immobile,,1,1,1,ItemSparse,self-propelled:1,27.6931,0.2,True,low_confidence
tri-horned,tri-horn,tri-horned,,tri-horn,tri-horn,compound,tri-horned,,tri-horned,dragons_draconic,,"having three horns, especially on the head of a dragon or other mythical creature",,horned;three-horned,,,1,1,1,JournalEncounterSection,tri-horned:1,27.6931,0.9,False,
vrykul-sized,vrykul-siz,vrykul-sized,,vrykul-siz,vrykul-siz,compound,vrykul-sized,,vrykul-sized,dragons_draconic,,"relating to or characteristic of the Vrykul, a fictional race in World of Warcraft",,Vrykul;Nord;humanoid,small;tiny;minuscule,,1,1,1,ItemSparse,vrykul-sized:1,27.6931,0.7,True,low_confidence
warl-garl-wargl-gargl,warl-garl-wargl-gargl,warl-garl-wargl-gargl,,warl-garl-wargl-gargl,warl-garl-wargl-gargl,compound,warl-garl-wargl-gargl,,warl-garl-wargl-gargl,dragons_draconic,,"a fictional word or phrase used to describe a dragon-like creature, often used in World of Warcraft",,dragon;wyrm;drake,human;mortal;weak,,1,1,1,ItemSparse,warl-garl-wargl-gargl:1,27.6931,0.7,True,low_confidence
dragonflight,dragonflight,dragonflight,,dragonflight,dragonflight,base,dragonflight,,,dragons_draconic,,a group of dragons that fly together,,group;flock,,,76,73,5,BroadcastText;ItemNameDescription;ItemSparse;JournalEncounter;JournalEncounterSection,dragonflight:76,14.3438,1.0,False,
tempest,tempest,tempest,,tempest,tempest,base,tempest,,,elements_primalists,,"a violent storm or disturbance, especially in the air or water",,storm;disturbance;turmoil,calm;peaceful,,82,72,5,BroadcastText;ItemNameDescription;ItemSparse;JournalEncounter;JournalEncounterSection,tempest:82,44.4188,0.6,True,low_confidence
molten,molten,molten,,molten,molten,base,molten,,,elements_primalists,,"melted or changed from a solid to a liquid state, often in a way that is hot or fiery",,melted;liquid;hot,solid;cold,,264,211,4,ItemNameDescription;ItemSparse;JournalEncounter;JournalEncounterSection,molten:264,43.5797,0.0,True,low_confidence
ember,ember,ember,,ember,ember,base,ember,,,elements_primalists,,a glowing or smoldering piece of coal or wood,,glowing;smoldering;coal,extinguished;dead,,87,83,4,BroadcastText;ItemNameDescription;ItemSparse;JournalEncounterSection,ember:87,42.4773,0.1,True,low_confidence
scorched,scorch,scorched,,scorch,scorch,inflected_form,scorched,,,elements_primalists,,burned or charred by fire,,ember;smoldering,,,47,44,4,BroadcastText;ItemNameDescription;ItemSparse;JournalEncounterSection,scorched:47,41.8712,1.0,False,
tidal,tidal,tidal,,tidal,tidal,base,tidal,,,elements_primalists,,relating to or caused by the rise and fall of the sea level due to the gravitational pull of the moon,,oceanic;marine;coastal,,,38,36,4,BroadcastText;ItemNameDescription;ItemSparse;JournalEncounterSection,tidal:38,41.6636,1.0,False,
charred,charr,charred,,charr,charr,inflected_form,charred,,,elements_primalists,,"burned or scorched, typically by fire",,blackened;scorched;smoldering,,,33,29,4,ItemNameDescription;ItemSparse;JournalEncounter;JournalEncounterSection,charred:33,41.5264,1.0,False,
thundering,thunder,thundering,,thunder,thunder,inflected_form,thundering,,,elements_primalists,,"making a loud, rumbling noise, especially one that is caused by thunder or the sound of something heavy falling",,loud;noisy;booming,quiet;silent;still,,21,19,4,ItemNameDescription;ItemSparse;JournalEncounter;JournalEncounterSection,thundering:21,41.091,0.7,True,low_confidence
gale,gale,gale,,gale,gale,base,gale,,,elements_primalists,,"a strong wind, often in a way that is considered violent or destructive",,storm;hurricane;typhoon,calm;still;peaceful,,45,44,3,ItemSparse;JournalEncounter;JournalEncounterSection,gale:45,39.8286,0.9,False,
briny,briny,briny,,briny,briny,base,briny,,,elements_primalists,,"having a salty taste or smell, like the sea",,salty;sea-salt;oceanic,,,13,13,3,ItemSparse;JournalEncounter;JournalEncounterSection,briny:13,38.6391,1.0,False,
glacial,glacial,glacial,,glacial,glacial,base,glacial,,,elements_primalists,,relating to or resembling glaciers,,frosty;icy;cold,,,37,37,2,ItemSparse;JournalEncounterSection,glacial:37,37.6376,1.0,False,
stormforged,stormforg,stormforged,,stormforg,stormforg,inflected_form,stormforged,,,elements_primalists,,made or strengthened by the power of storms,,powerful;strong;resilient,,,15,15,2,ItemSparse;JournalEncounterSection,stormforged:15,36.7726,1.0,False,
multi-sided,multi-sid,multi-sided,,multi-sid,multi-sid,compound,multi-sided,,multi-sided,elements_primalists,,having multiple sides or aspects,,complex;multifaceted;nuanced,one-sided;simple;straightforward,,12,10,1,JournalEncounterSection,multi-sided:12,29.5649,0.8,False,
ba-bump,ba-bump,ba-bump,,ba-bump,ba-bump,compound,ba-bump,,ba-bump,elements_primalists,,a rhythmic or musical pattern of sounds,,,,,3,1,1,ItemSparse,ba-bump:3,28.3863,0.6,True,low_confidence
storm-based,storm-bas,storm-based,,storm-bas,storm-bas,compound,storm-based,,storm-based,elements_primalists,,based on storms,,storms;weather;climate,calm;peaceful;serene,,2,2,1,JournalEncounterSection,storm-based:2,28.0986,0.8,False,
dust-like,dust-like,dust-like,,dust-like,dust-like,compound,dust-like,,dust-like,elements_primalists,,resembling or having the properties of dust,,dust;powder;particle,solid;substantial,,1,1,1,ItemSparse,dust-like:1,27.6931,0.1,True,low_confidence
earth-shaking,earth-shak,earth-shaking,,earth-shak,earth-shak,compound,earth-shaking,,earth-shaking,elements_primalists,,causing or capable of causing an earthquake or other seismic event,,earthquake;seismic;tremor,stable;firm,,1,1,1,JournalEncounterSection,earth-shaking:1,27.6931,0.1,True,low_confidence
element-infused,element-infus,element-infused,,element-infus,element-infus,compound,element-infused,,element-infused,elements_primalists,,containing or imbued with elemental energy,,element;energy;infusion,,,1,1,1,ItemSparse,element-infused:1,27.6931,1.0,False,
frost-lined,frost-lin,frost-lined,,frost-lin,frost-lin,compound,frost-lined,,frost-lined,elements_primalists,,covered or protected by frost,,frost;protected,,,1,1,1,JournalEncounterSection,frost-lined:1,27.6931,0.8,False,
frost-resistant,frost-resistant,frost-resistant,,frost-resistant,frost-resistant,compound,frost-resistant,,frost-resistant,elements_primalists,,able to withstand or resist frost,,frost;resist,,,1,1,1,ItemSparse,frost-resistant:1,27.6931,0.7,True,low_confidence
multi-dimensional,multi-dimensional,multi-dimensional,,multi-dimensional,multi-dimensional,compound,multi-dimensional,,multi-dimensional,elements_primalists,,having or relating to multiple dimensions,,dimension;multiple;relating,single;one-dimensional,,1,1,1,ItemSparse,multi-dimensional:1,27.6931,0.8,False,
near-infinite,near-infinite,near-infinite,,near-infinite,near-infinite,compound,near-infinite,,near-infinite,elements_primalists,,almost endless or boundless,,infinite;endless;boundless,limited;finite,,1,1,1,ItemSparse,near-infinite:1,27.6931,0.4,True,low_confidence
never-ending,never-end,never-ending,,never-end,never-end,compound,never-ending,,never-ending,elements_primalists,,"continuing or lasting indefinitely, without end or limit",,endless;infinite;boundless,limited;finite,,1,1,1,JournalEncounter,never-ending:1,27.6931,0.9,False,
quick-burning,quick-burn,quick-burning,,quick-burn,quick-burn,compound,quick-burning,,quick-burning,elements_primalists,,burning quickly or rapidly,,fast;swift;explosive,,,1,1,1,ItemSparse,quick-burning:1,27.6931,1.0,False,
quick-dry,quick-dry,quick-dry,,quick-dry,quick-dry,compound,quick-dry,,quick-dry,elements_primalists,,drying quickly or rapidly,,fast;swift;expeditious,,,1,1,1,JournalEncounterSection,quick-dry:1,27.6931,1.0,False,
quickly-burning,quickly-burn,quickly-burning,,quickly-burn,quickly-burn,compound,quickly-burning,,quickly-burning,elements_primalists,,burning quickly or rapidly,,fast;swift;explosive,,,1,1,1,ItemSparse,quickly-burning:1,27.6931,1.0,False,
red-hot,red-hot,red-hot,,red-hot,red-hot,compound,red-hot,,red-hot,elements_primalists,,"extremely hot, often to the point of being glowing or fiery",,hot;glowing;fiery,cold;cool,,1,1,1,ItemSparse,red-hot:1,27.6931,0.9,False,
red-orange,red-orange,red-orange,,red-orange,red-orange,compound,red-orange,,red-orange,elements_primalists,,"having a reddish or orange color, often due to the presence of certain pigments or dyes",,color;hue;pigment,colorless;white,,1,1,1,ItemSparse,red-orange:1,27.6931,0.8,False,
ultra-spectropic,ultra-spectropic,ultra-spectropic,,ultra-spectropic,ultra-spectropic,compound,ultra-spectropic,,ultra-spectropic,elements_primalists,,"relating to or characterized by extreme spectral properties, especially in a magical sense",,spectral;magical;extreme,mundane;ordinary,,1,1,1,ItemSparse,ultra-spectropic:1,27.6931,0.9,False,
weather-manipulating,weather-manipulat,weather-manipulating,,weather-manipulat,weather-manipulat,compound,weather-manipulating,,weather-manipulating,elements_primalists,,"the ability to control or manipulate the weather, often used to describe magical or supernatural abilities",,magic;supernatural;weather control,helplessness;powerlessness,,1,1,1,ItemSparse,weather-manipulating:1,27.6931,0.7,True,low_confidence
wind-based,wind-bas,wind-based,,wind-bas,wind-bas,compound,wind-based,,wind-based,elements_primalists,,relating to or caused by wind,,based;wind;caused,,,1,1,1,JournalEncounterSection,wind-based:1,27.6931,1.0,False,
wind-infused,wind-infus,wind-infused,,wind-infus,wind-infus,compound,wind-infused,,wind-infused,elements_primalists,,having or filled with wind,,infused;filled;wind,,,1,1,1,JournalEncounterSection,wind-infused:1,27.6931,1.0,False,
nature,nature,nature,,nature,nature,base,nature,,,elements_primalists,,"the natural world, including plants and animals",,world;environment;ecosystem,,,637,552,5,BroadcastText;ItemNameDescription;ItemSparse;JournalEncounter;JournalEncounterSection,nature:637,16.4583,0.9,False,
elemental,elemental,elemental,,elemental,elemental,base,elemental,,,elements_primalists,,"relating to the fundamental building blocks of the universe, such as earth, air, fire, or water",,fundamental;basic;primary,,,255,242,5,BroadcastText;ItemNameDescription;ItemSparse;JournalEncounter;JournalEncounterSection,elemental:255,15.5452,0.9,False,
lava,lava,lava,,lava,lava,base,lava,,,elements_primalists,,molten rock that has been ejected from a volcano or other geological formation,,fire;heat,,,170,151,5,BroadcastText;ItemNameDescription;ItemSparse;JournalEncounter;JournalEncounterSection,lava:170,15.1417,0.9,False,
elements,element,elements,,element,element,inflected_form,elements,,,elements_primalists,,magical forces or substances,,fire;water;earth;air,,,148,144,5,BroadcastText;ItemNameDescription;ItemSparse;JournalEncounter;JournalEncounterSection,elements:148,15.0039,0.9,False,
dread,dread,dread,,dread,dread,base,dread,,,emotion_morality,,a feeling of fear or apprehension,,fear;apprehension,,,115,102,5,BroadcastText;ItemNameDescription;ItemSparse;JournalEncounter;JournalEncounterSection,dread:115,44.7536,0.9,False,
hope,hope,hope,,hope,hope,base,hope,,,emotion_morality,,"a feeling or expectation of a positive outcome, often in a way that is optimistic or encouraging",,feeling;expectation;optimistic,despair;hopeless,,191,184,4,BroadcastText;ItemSparse;JournalEncounter;JournalEncounterSection,hope:191,43.2575,0.6,True,low_confidence
sorrow,sorrow,sorrow,,sorrow,sorrow,base,sorrow,,,emotion_morality,,"a feeling of sadness or regret, often in a way that is intense or overwhelming",,sadness;regret;intense,happiness;joy,,23,23,5,BroadcastText;ItemNameDescription;ItemSparse;JournalEncounter;JournalEncounterSection,sorrow:23,43.1781,0.5,True,low_confidence
fear,fear,fear,,fear,fear,base,fear,,,emotion_morality,,a feeling of anxiety or apprehension,,dread;anxiety;apprehension,courage;bravery,,176,165,4,BroadcastText;ItemSparse;JournalEncounter;JournalEncounterSection,fear:176,43.1761,0.9,False,
despair,despair,despair,,despair,despair,base,despair,,,emotion_morality,,a feeling of hopelessness or desperation,,grief;sorrow,,,65,52,4,BroadcastText;ItemSparse;JournalEncounter;JournalEncounterSection,despair:65,42.1897,1.0,False,
loyal,loyal,loyal,,loyal,loyal,base,loyal,,,emotion_morality,,"faithful or devoted to a person, cause, or organization",,noble;wicked,,,58,58,4,BroadcastText;ItemSparse;JournalEncounter;JournalEncounterSection,loyal:58,42.0775,1.0,False,
courage,courage,courage,,courage,courage,base,courage,,,emotion_morality,,the quality of being brave or strong in the face of danger,,fear;dread,,,56,53,4,BroadcastText;ItemSparse;JournalEncounter;JournalEncounterSection,courage:56,42.0431,1.0,False,
cruel,cruel,cruel,,cruel,cruel,base,cruel,,,emotion_morality,,"having or showing a lack of kindness, sympathy, or compassion",,harsh;severe;brutal,,,36,36,4,BroadcastText;ItemSparse;JournalEncounter;JournalEncounterSection,cruel:36,41.6109,1.0,False,
mercy,mercy,mercy,,mercy,mercy,base,mercy,,,emotion_morality,,kindness or compassion shown to someone who is suffering or in need,,pity;sympathy;compassion,,,33,33,4,BroadcastText;ItemNameDescription;ItemSparse;JournalEncounter,mercy:33,41.5264,1.0,False,
wicked,wick,wicked,,wick,wick,inflected_form,wicked,,,emotion_morality,,having or showing a strong desire to do something bad or wrong,,evil;malevolent;malicious,,,32,31,4,BroadcastText;ItemSparse;JournalEncounter;JournalEncounterSection,wicked:32,41.4965,1.0,False,
virtue,virtue,virtue,,virtue,virtue,base,virtue,,,emotion_morality,,"a good quality or behavior that is considered morally right, especially one that is admired or respected",,good;moral;righteous,vice;sin;evil,,16,14,4,BroadcastText;ItemSparse;JournalEncounter;JournalEncounterSection,virtue:16,40.8332,0.8,False,
grief,grief,grief,,grief,grief,base,grief,,,emotion_morality,,"a feeling of sadness or sorrow, especially one that is caused by the loss of someone or something important",,sadness;sorrow;mourning,happiness;joy;celebration,,15,15,4,BroadcastText;ItemSparse;JournalEncounter;JournalEncounterSection,grief:15,40.7726,0.7,True,low_confidence
redeemed,redeem,redeemed,,redeem,redeem,inflected_form,redeemed,,,emotion_morality,,"made or become better, especially after being bad or wrong",,saved;rescued;forgiven,,,14,14,3,BroadcastText;ItemSparse;JournalEncounterSection,redeemed:14,38.7081,1.0,False,
atonement,atonement,atonement,,atonement,atonement,base,atonement,,,emotion_morality,,the act of making amends or paying for a wrong or sin,,penance;reparation;amends,,,10,9,3,ItemSparse;JournalEncounter;JournalEncounterSection,atonement:10,38.3979,1.0,False,
devout,devout,devout,,devout,devout,base,devout,,,emotion_morality,,showing a strong and sincere devotion to a religion or cause,,pious;dedicated;zealous,,,10,10,3,ItemSparse;JournalEncounter;JournalEncounterSection,devout:10,38.3979,1.0,False,
mournful,mournful,mournful,,mournful,mournful,base,mournful,,,emotion_morality,,"showing or expressing sadness or sorrow, especially because of a loss or death",,sorrowful;gloomy;melancholy,,,7,7,3,BroadcastText;JournalEncounter;JournalEncounterSection,mournful:7,38.0794,1.0,False,
innocent,innocent,innocent,,innocent,innocent,base,innocent,,,emotion_morality,,free from guilt or blame,,guiltless;blameless;faultless,,,5,5,3,BroadcastText;ItemSparse;JournalEncounter,innocent:5,37.7918,1.0,False,
penitent,penitent,penitent,,penitent,penitent,base,penitent,,,emotion_morality,,feeling or expressing regret or remorse for something done wrong,,regret;remorse;wrong,proud;unrepentant,,3,3,2,ItemNameDescription;JournalEncounterSection,penitent:3,35.3863,0.8,False,
mourn,mourn,mourn,,mourn,mourn,base,mourn,,,emotion_morality,,"to feel or express sadness, often in response to loss",,grief;sorrow;bereavement,celebrate;rejoice,,4,4,1,BroadcastText,mourn:4,33.6094,0.9,False,
awe-inspiring,awe-inspir,awe-inspiring,,awe-inspir,awe-inspir,compound,awe-inspiring,,awe-inspiring,emotion_morality,,causing a feeling of wonder or amazement,,inspiring;impressive;remarkable,unimpressive;uninspiring;underwhelming,,8,8,3,BroadcastText;ItemSparse;JournalEncounter,awe-inspiring:8,33.1972,0.8,False,
self-preservation,self-preservation,self-preservation,,self-preservation,self-preservation,compound,self-preservation,,self-preservation,emotion_morality,,"preservation, protection of oneself or one's own interests",,preservation;protection,self-sacrifice;altruism,,2,2,2,BroadcastText;ItemSparse,self-preservation:2,30.0986,0.8,False,
mind-numbing,mind-numb,mind-numbing,,mind-numb,mind-numb,compound,mind-numbing,,mind-numbing,emotion_morality,,causing mental numbness,,numb;mental,,,5,5,1,JournalEncounterSection,mind-numbing:5,28.7918,0.9,False,
cross-eye,cross-eye,cross-eye,,cross-eye,cross-eye,compound,cross-eye,,cross-eye,emotion_morality,,a condition where one eye is crossed or misaligned,,eye;misaligned,,,4,4,1,JournalEncounterSection,cross-eye:4,28.6094,0.9,False,
hee-hee,hee-hee,hee-hee,,hee-hee,hee-hee,compound,hee-hee,,hee-hee,emotion_morality,,a laugh or expression of amusement,,,,,2,2,1,ItemSparse,hee-hee:2,28.0986,0.6,True,low_confidence
it's--it,it's--it,it's--it,,it's--it,it's--it,compound,it's--it,,it's--it,emotion_morality,,an expression of uncertainty or hesitation,,,,,2,2,1,BroadcastText,it's--it:2,28.0986,0.6,True,low_confidence
no--no,no--no,no--no,,no--no,no--no,compound,no--no,,no--no,emotion_morality,,"a refusal or denial, often used to express disagreement or opposition",,refuse;deny;disagree,,,2,2,1,BroadcastText,no--no:2,28.0986,0.8,False,
self-reflection,self-reflection,self-reflection,,self-reflection,self-reflection,compound,self-reflection,,self-reflection,emotion_morality,,thinking about oneself,,reflection;thought;contemplation,distraction;distract;ignore,,2,2,1,JournalEncounterSection,self-reflection:2,28.0986,0.9,False,
apologies--my,apologies--my,apologies--my,,apologies--my,apologies--my,compound,apologies--my,,apologies--my,emotion_morality,,"expressing regret or apology, especially in a formal or polite manner",,,,,1,1,1,BroadcastText,apologies--my:1,27.6931,0.9,False,
attention--but,attention--but,attention--but,,attention--but,attention--but,compound,attention--but,,attention--but,emotion_morality,,"expressing a need for attention or focus, but also acknowledging the importance of other considerations",,,,,1,1,1,JournalEncounter,attention--but:1,27.6931,0.7,True,low_confidence
bad-tempered,bad-temper,bad-tempered,,bad-temper,bad-temper,compound,bad-tempered,,bad-tempered,emotion_morality,,having a bad temper,,temper;bouncer,,,1,1,1,JournalEncounterSection,bad-tempered:1,27.6931,0.9,False,
barely-contained,barely-contain,barely-contained,,barely-contain,barely-contain,compound,barely-contained,,barely-contained,emotion_morality,, barely controlled or restrained,,hatred;soul,,,1,1,1,JournalEncounterSection,barely-contained:1,27.6931,0.9,False,
boo-boo,boo-boo,boo-boo,,boo-boo,boo-boo,compound,boo-boo,,boo-boo,emotion_morality,,"a hurt or injury, often used in a playful or affectionate manner",,,,,1,1,1,BroadcastText,boo-boo:1,27.6931,0.5,True,low_confidence
boo-boos,boo-boo,boo-boos,,boo-boo,boo-boo,compound,boo-boos,,boo-boos,emotion_morality,,"hurt or injuries, often used in a playful or affectionate manner",,,,,1,1,1,BroadcastText,boo-boos:1,27.6931,0.5,True,low_confidence
courage--has,courage--ha,courage--has,,courage--ha,courage--ha,compound,courage--has,,courage--has,emotion_morality,,bravery or strength in the face of danger,,brave;strong;valiant,cowardly;timid,,1,1,1,BroadcastText,courage--has:1,27.6931,0.9,False,
cruelty-free,cruelty-free,cruelty-free,,cruelty-free,cruelty-free,compound,cruelty-free,,cruelty-free,emotion_morality,,"free from cruelty, often used to describe products or practices that do not involve animal suffering",,cruel;free,,,1,1,1,ItemSparse,cruelty-free:1,27.6931,0.8,False,
desperate--we,desperate--we,desperate--we,,desperate--we,desperate--we,compound,desperate--we,,desperate--we,emotion_morality,,feeling desperate or hopeless,,hopeless;despairing;distraught,,,1,1,1,BroadcastText,desperate--we:1,27.6931,0.7,True,low_confidence
dim-witted,dim-witt,dim-witted,,dim-witt,dim-witt,compound,dim-witted,,dim-witted,emotion_morality,,lacking intelligence or common sense,,foolish;stupid;ignorant,,,1,1,1,JournalEncounter,dim-witted:1,27.6931,0.4,True,low_confidence
doom-filled,doom-fill,doom-filled,,doom-fill,doom-fill,compound,doom-filled,,doom-filled,emotion_morality,,filled with or characterized by doom or disaster,,doom;disaster;fear,,,1,1,1,ItemSparse,doom-filled:1,27.6931,0.0,True,low_confidence
ever--ha,ever--ha,ever--ha,,ever--ha,ever--ha,compound,ever--ha,,ever--ha,emotion_morality,,"a term expressing excitement or joy, often used in a humorous or ironic way",,excitement;joy;humor,,,1,1,1,BroadcastText,ever--ha:1,27.6931,1.0,False,
focus--all,focus--all,focus--all,,focus--all,focus--all,compound,focus--all,,focus--all,emotion_morality,,a state of being focused or concentrated on all aspects,,,,,1,1,1,ItemSparse,focus--all:1,27.6931,0.8,False,
foresight--and,foresight--and,foresight--and,,foresight--and,foresight--and,compound,foresight--and,,foresight--and,emotion_morality,,a state of being aware or perceptive of future events and consequences,,,,,1,1,1,JournalEncounter,foresight--and:1,27.6931,0.7,True,low_confidence
good-looking,good-look,good-looking,,good-look,good-look,compound,good-looking,,good-looking,emotion_morality,,Looking good,,good;looking,,,1,1,1,ItemSparse,good-looking:1,27.6931,0.9,False,
grin--her,grin--her,grin--her,,grin--her,grin--her,compound,grin--her,,grin--her,emotion_morality,,a smile or expression of joy,,happy;joyful;ecstatic,sad;sorrowful;gloomy,,1,1,1,ItemSparse,grin--her:1,27.6931,0.6,True,low_confidence
guilt-inducing,guilt-induc,guilt-inducing,,guilt-induc,guilt-induc,compound,guilt-inducing,,guilt-inducing,emotion_morality,,causing feelings of guilt or remorse,,remorseful;regretful;penitent,proud;confident;self-assured,,1,1,1,ItemSparse,guilt-inducing:1,27.6931,0.8,False,
guilt-ridden,guilt-ridden,guilt-ridden,,guilt-ridden,guilt-ridden,compound,guilt-ridden,,guilt-ridden,emotion_morality,,feeling guilty or remorseful about something,,remorseful;regretful;penitent,proud;confident;self-assured,,1,1,1,JournalEncounter,guilt-ridden:1,27.6931,0.9,False,
half-assed,half-ass,half-assed,,half-ass,half-ass,compound,half-assed,,half-assed,emotion_morality,,lacking effort or enthusiasm,,lackadaisical;sloppy;unenthusiastic,diligent;hardworking;dedicated,,1,1,1,BroadcastText,half-assed:1,27.6931,0.7,True,low_confidence
half-words,half-word,half-words,,half-word,half-word,compound,half-words,,half-words,emotion_morality,,partially spoken or expressed,,spoken;expressed;uttered,fully-spoken;completely-expressed;entirely-uttered,,1,1,1,ItemSparse,half-words:1,27.6931,0.7,True,low_confidence
himself--have,himself--have,himself--have,,himself--have,himself--have,compound,himself--have,,himself--have,emotion_morality,,he himself may have been deceived,,,,,1,1,1,BroadcastText,himself--have:1,27.6931,0.9,False,
horrors--would,horrors--would,horrors--would,,horrors--would,horrors--would,compound,horrors--would,,horrors--would,emotion_morality,,"fears, things that would cause fear or horror",,,,,1,1,1,BroadcastText,horrors--would:1,27.6931,0.5,True,low_confidence
ill--we,ill--we,ill--we,,ill--we,ill--we,compound,ill--we,,ill--we,emotion_morality,,bad or unfortunate situation,,bad;unfortunate;tragic,,,1,1,1,BroadcastText,ill--we:1,27.6931,1.0,False,
ill-advised,ill-advis,ill-advised,,ill-advis,ill-advis,compound,ill-advised,,ill-advised,emotion_morality,,not well thought out or considered,,advice;considered;thoughtful,,,1,1,1,ItemSparse,ill-advised:1,27.6931,1.0,False,
ill-considered,ill-consider,ill-considered,,ill-consider,ill-consider,compound,ill-considered,,ill-considered,emotion_morality,,not well thought out or considered,,consider;thoughtful;wise,,,1,1,1,BroadcastText,ill-considered:1,27.6931,1.0,False,
iron-willed,iron-will,iron-willed,,iron-will,iron-will,compound,iron-willed,,iron-willed,emotion_morality,,having a strong and determined will,,will;determined;strong,,,1,1,1,JournalEncounterSection,iron-willed:1,27.6931,1.0,False,
light-blind,light-blind,light-blind,,light-blind,light-blind,compound,light-blind,,light-blind,emotion_morality,,"blind or insensitive to light, often in the context of emotions or morality",,blind;insensitive;emotions,enlightened;sensible,,1,1,1,BroadcastText,light-blind:1,27.6931,0.8,False,
me--ahh,me--ahh,me--ahh,,me--ahh,me--ahh,compound,me--ahh,,me--ahh,emotion_morality,,expression of pain or distress,,,,,1,1,1,BroadcastText,me--ahh:1,27.6931,1.0,False,
mentioned--i,mentioned--i,mentioned--i,,mentioned--i,mentioned--i,compound,mentioned--i,,mentioned--i,emotion_morality,,expression of surprise or confusion,,,,,1,1,1,BroadcastText,mentioned--i:1,27.6931,1.0,False,
mind-bending,mind-bend,mind-bending,,mind-bend,mind-bend,compound,mind-bending,,mind-bending,emotion_morality,,extremely difficult to understand or comprehend,,,,,1,1,1,JournalEncounterSection,mind-bending:1,27.6931,1.0,False,
mind-blowing,mind-blow,mind-blowing,,mind-blow,mind-blow,compound,mind-blowing,,mind-blowing,emotion_morality,,extremely impressive or surprising,,,,,1,1,1,ItemSparse,mind-blowing:1,27.6931,1.0,False,
much-earned,much-earn,much-earned,,much-earn,much-earn,compound,much-earned,,much-earned,emotion_morality,,well-deserved or earned,,deserved;earned;well-deserved,undeserved;unearned,,1,1,1,ItemSparse,much-earned:1,27.6931,0.9,False,
need--i,need--i,need--i,,need--i,need--i,compound,need--i,,need--i,emotion_morality,,"a sense of necessity or urgency, especially in a social or emotional context",,need;necessity;urgency,freedom;choice,,1,1,1,BroadcastText,need--i:1,27.6931,0.8,False,
need--your,need--your,need--your,,need--your,need--your,compound,need--your,,need--your,emotion_morality,,"a sense of necessity or urgency, especially in a social or emotional context",,need;necessity;urgency,freedom;choice,,1,1,1,BroadcastText,need--your:1,27.6931,0.7,True,low_confidence
non-squeamish,non-squeamish,non-squeamish,,non-squeamish,non-squeamish,compound,non-squeamish,,non-squeamish,emotion_morality,,not squeamish,,squeamish;family;words,,,1,1,1,ItemSparse,non-squeamish:1,27.6931,0.2,True,low_confidence
off-beat,off-beat,off-beat,,off-beat,off-beat,compound,off-beat,,off-beat,emotion_morality;travel_places,,having an unusual or unexpected rhythm or timing,,rhythm;timing;cadence,on-beat;in-time,,1,1,1,ItemSparse,off-beat:1,27.6931,1.0,False,
oft-enjoyed,oft-enjoy,oft-enjoyed,,oft-enjoy,oft-enjoy,compound,oft-enjoyed,,oft-enjoyed,emotion_morality;travel_places,,often or frequently enjoyed,,enjoy;pleasure;delight,unenjoyed;disliked,,1,1,1,ItemSparse,oft-enjoyed:1,27.6931,1.0,False,
once-intelligent,once-intelligent,once-intelligent,,once-intelligent,once-intelligent,compound,once-intelligent,,once-intelligent,emotion_morality;travel_places,,"having been intelligent in the past, but no longer so",,intelligence;past;no longer,intelligent;wise,,1,1,1,JournalEncounter,once-intelligent:1,27.6931,1.0,False,
once-noble,once-noble,once-noble,,once-noble,once-noble,compound,once-noble,,once-noble,emotion_morality;travel_places,,"having been noble or virtuous in the past, but no longer so",,nobility;past;no longer,noble;virtuous,,1,1,1,JournalEncounterSection,once-noble:1,27.6931,1.0,False,
once-promising,once-promis,once-promising,,once-promis,once-promis,compound,once-promising,,once-promising,emotion_morality;travel_places,,"having been promising or full of hope in the past, but no longer so",,promise;past;no longer,promising;hopeful,,1,1,1,ItemSparse,once-promising:1,27.6931,1.0,False,
once-respected,once-respect,once-respected,,once-respect,once-respect,compound,once-respected,,once-respected,emotion_morality;travel_places,,"having been respected or admired in the past, but no longer so",,respect;past;no longer,respected;admired,,1,1,1,JournalEncounter,once-respected:1,27.6931,1.0,False,
once-stoic,once-stoic,once-stoic,,once-stoic,once-stoic,compound,once-stoic,,once-stoic,emotion_morality;travel_places,,"having been stoic or unemotional in the past, but no longer so",,stoicism;past;no longer,stoic;unemotional,,1,1,1,JournalEncounter,once-stoic:1,27.6931,1.0,False,
pent-up,pent-up,pent-up,,pent-up,pent-up,compound,pent-up,,pent-up,emotion_morality,,"held back or restrained, often due to strong emotions",,,,,1,1,1,JournalEncounterSection,pent-up:1,27.6931,0.9,False,
quick-witted,quick-witt,quick-witted,,quick-witt,quick-witt,compound,quick-witted,,quick-witted,emotion_morality,,having a quick and clever mind,,clever;intelligent;astute,,,1,1,1,JournalEncounter,quick-witted:1,27.6931,1.0,False,
remember--all,remember--all,remember--all,,remember--all,remember--all,compound,remember--all,,remember--all,emotion_morality,,"to recall or think about something in the past, often with a sense of nostalgia or longing",,remember;recall;think,forget;ignore,,1,1,1,BroadcastText,remember--all:1,27.6931,0.7,True,low_confidence
resolve--never,resolve--never,resolve--never,,resolve--never,resolve--never,compound,resolve--never,,resolve--never,emotion_morality,,"to find a solution or answer to a problem, often with determination or perseverance",,resolve;solve;answer,give up;abandon,,1,1,1,BroadcastText,resolve--never:1,27.6931,0.8,False,
said--one,said--one,said--one,,said--one,said--one,compound,said--one,,said--one,emotion_morality,,"something said or spoken, possibly in a context related to emotions or morality",,say;speak,,,1,1,1,BroadcastText,said--one:1,27.6931,0.9,False,
say--stinky,say--stinky,say--stinky,,say--stinky,say--stinky,compound,say--stinky,,say--stinky,emotion_morality,,having a strong unpleasant smell,,pungent;odorous;fetid,,,1,1,1,ItemSparse,say--stinky:1,27.6931,0.6,True,low_confidence
self-love,self-love,self-love,,self-love,self-love,compound,self-love,,self-love,emotion_morality,,loving oneself or having a positive self-image,,love;affection;admiration,hate;loathe;despise,,1,1,1,ItemSparse,self-love:1,27.6931,0.5,True,low_confidence
self-respecting,self-respect,self-respecting,,self-respect,self-respect,compound,self-respecting,,self-respecting,emotion_morality,,respecting oneself or one's own values,,respect;admire;esteem,disrespect;despise;loathe,,1,1,1,ItemSparse,self-respecting:1,27.6931,0.1,True,low_confidence
soft-spoken,soft-spoken,soft-spoken,,soft-spoken,soft-spoken,compound,soft-spoken,,soft-spoken,emotion_morality,,speaking in a quiet and gentle voice,,quiet;gentle;kind,loud;harsh;abrupt,,1,1,1,ItemSparse,soft-spoken:1,27.6931,0.6,True,low_confidence
stress-relieving,stress-reliev,stress-relieving,,stress-reliev,stress-reliev,compound,stress-relieving,,stress-relieving,emotion_morality,,relieving stress or tension,,,,,1,1,1,ItemSparse,stress-relieving:1,27.6931,0.8,False,
survivor--a,survivor--a,survivor--a,,survivor--a,survivor--a,compound,survivor--a,,survivor--a,emotion_morality,,someone who has survived a difficult situation,,victim;tragedy,,,1,1,1,BroadcastText,survivor--a:1,27.6931,0.8,False,
tendencies--among,tendencies--among,tendencies--among,,tendencies--among,tendencies--among,compound,tendencies--among,,tendencies--among,emotion_morality,,a characteristic or trait that is common among a group of people,,psychotic;beauty,,,1,1,1,JournalEncounter,tendencies--among:1,27.6931,0.8,False,
th--thrall,th--thrall,th--thrall,,th--thrall,th--thrall,compound,th--thrall,,th--thrall,emotion_morality,,a name or title that is associated with a person or group,,jaina;thrall,,,1,1,1,BroadcastText,th--thrall:1,27.6931,0.7,True,low_confidence
uh-oh,uh-oh,uh-oh,,uh-oh,uh-oh,compound,uh-oh,,uh-oh,emotion_morality,,expression of surprise or alarm,,surprise;alarm,,,1,1,1,BroadcastText,uh-oh:1,27.6931,1.0,False,
us--even,us--even,us--even,,us--even,us--even,compound,us--even,,us--even,emotion_morality,,"including or involving oneself, especially in a moral or ethical sense",,include;involve;moral,exclude;disregard,,1,1,1,BroadcastText,us--even:1,27.6931,0.6,True,low_confidence
w--what,w--what,w--what,,w--what,w--what,compound,w--what,,w--what,emotion_morality,,"an expression of confusion or uncertainty, often used to ask for clarification",,confused;uncertain;perplexed,clear;certain;understood,,1,1,1,BroadcastText,w--what:1,27.6931,0.5,True,low_confidence
w-what,w-what,w-what,,w-what,w-what,compound,w-what,,w-what,emotion_morality,,"an expression of confusion or uncertainty, often used to ask for clarification",,confused;uncertain;perplexed,clear;certain;understood,,1,1,1,BroadcastText,w-what:1,27.6931,0.5,True,low_confidence
w-why,w-why,w-why,,w-why,w-why,compound,w-why,,w-why,emotion_morality,,"an expression of inquiry or questioning, often used to ask for explanation",,inquiry;questioning;curiosity,knowledge;understanding;certainty,,1,1,1,BroadcastText,w-why:1,27.6931,0.5,True,low_confidence
waa-aaaaaa,waa-aaaaaa,waa-aaaaaa,,waa-aaaaaa,waa-aaaaaa,compound,waa-aaaaaa,,waa-aaaaaa,emotion_morality,,"an expression of excitement or enthusiasm, often used to convey strong emotions",,excited;enthusiastic;passionate,bored;uninterested;apathetic,,1,1,1,BroadcastText,waa-aaaaaa:1,27.6931,0.4,True,low_confidence
wait--you,wait--you,wait--you,,wait--you,wait--you,compound,wait--you,,wait--you,emotion_morality,,"an expression of hesitation or uncertainty, often used to ask for clarification",,hesitant;uncertain;perplexed,confident;certain;understood,,1,1,1,BroadcastText,wait--you:1,27.6931,0.5,True,low_confidence
weakness--the,weakness--the,weakness--the,,weakness--the,weakness--the,compound,weakness--the,,weakness--the,emotion_morality,,"a lack of strength or resilience, often used to describe character flaws or weaknesses",,vulnerability;fragility,strength;resilience,,1,1,1,JournalEncounter,weakness--the:1,27.6931,0.9,False,
well-deserved,well-deserv,well-deserved,,well-deserv,well-deserv,compound,well-deserved,,well-deserved,emotion_morality,,"earned or deserved, often used to describe character traits or achievements",,deserving;worthy,undeserved;unworthy,,1,1,1,BroadcastText,well-deserved:1,27.6931,0.5,True,low_confidence
well-earned,well-earn,well-earned,,well-earn,well-earn,compound,well-earned,,well-earned,emotion_morality,,"earned or deserved, often used to describe character traits or achievements",,deserving;worthy,undeserved;unworthy,,1,1,1,BroadcastText,well-earned:1,27.6931,0.3,True,low_confidence
well-practiced,well-practic,well-practiced,,well-practic,well-practic,compound,well-practiced,,well-practiced,emotion_morality,,having a lot of experience or skill,,practiced;experienced;skilled,,,1,1,1,ItemSparse,well-practiced:1,27.6931,1.0,False,
what--wrote,what--wrote,what--wrote,,what--wrote,what--wrote,compound,what--wrote,,what--wrote,emotion_morality,,the person or thing that wrote something,,wrote;written;author,,,1,1,1,ItemSparse,what--wrote:1,27.6931,1.0,False,
when--she,when--she,when--she,,when--she,when--she,compound,when--she,,when--she,emotion_morality,,the time or moment when something happened to her,,when;she;happened,,,1,1,1,BroadcastText,when--she:1,27.6931,1.0,False,
who--or,who--or,who--or,,who--or,who--or,compound,who--or,,who--or,emotion_morality,,the person or thing that is doing something,,who;or;doing,,,1,1,1,ItemSparse,who--or:1,27.6931,1.0,False,
who-knows-what,who-knows-what,who-knows-what,,who-knows-what,who-knows-what,compound,who-knows-what,,who-knows-what,emotion_morality,,something that is unknown or mysterious,,knows;what;mysterious,,,1,1,1,ItemSparse,who-knows-what:1,27.6931,1.0,False,
wicket-lover,wicket-lover,wicket-lover,,wicket-lover,wicket-lover,compound,wicket-lover,,wicket-lover,emotion_morality,,a person who loves or is fond of wickets,,lover;fond;loves,,,1,1,1,ItemSparse,wicket-lover:1,27.6931,1.0,False,
wise-ear,wise-ear,wise-ear,,wise-ear,wise-ear,compound,wise-ear,,wise-ear,emotion_morality,,a person or thing that is wise and has good hearing,,wise;ear;hearing,,,1,1,1,BroadcastText,wise-ear:1,27.6931,1.0,False,
zealotry--their,zealotry--their,zealotry--their,,zealotry--their,zealotry--their,compound,zealotry--their,,zealotry--their,emotion_morality,,a state of extreme devotion or fanaticism,,zealotry;they,,,1,1,1,JournalEncounter,zealotry--their:1,27.6931,1.0,False,
fate,fate,fate,,fate,fate,base,fate,,,emotion_morality,,the course or outcome of events,,destiny;fortune;prosperity,,,104,95,5,BroadcastText;ItemNameDescription;ItemSparse;JournalEncounter;JournalEncounterSection,fate:104,14.654,0.2,True,low_confidence
gaze,gaze,gaze,,gaze,gaze,base,gaze,,,emotion_morality,,to look at something with attention or interest,,look;stare;glance,,,101,97,5,BroadcastText;ItemNameDescription;ItemSparse;JournalEncounter;JournalEncounterSection,gaze:101,14.625,0.6,True,low_confidence
madness,madness,madness,,madness,madness,base,madness,,,emotion_morality,,a state of extreme mental or emotional disturbance,,insanity;lunacy,,,84,77,5,BroadcastText;ItemNameDescription;ItemSparse;JournalEncounter;JournalEncounterSection,madness:84,14.4427,1.0,False,
know,know,know,,know,know,base,know,,,emotion_morality,,to have knowledge or understanding of something,,understand;recognize,,,621,615,4,BroadcastText;ItemSparse;JournalEncounter;JournalEncounterSection,know:621,14.4329,1.0,False,
tear,tear,tear,,tear,tear,base,tear,,,emotion_morality,,to rip or pull something apart,,rip;pull,,,83,80,5,BroadcastText;ItemNameDescription;ItemSparse;JournalEncounter;JournalEncounterSection,tear:83,14.4308,1.0,False,
glory,glory,glory,,glory,glory,base,glory,,,emotion_morality,,a state of great honor or achievement,,honor;achievement,,,77,75,5,BroadcastText;ItemNameDescription;ItemSparse;JournalEncounter;JournalEncounterSection,glory:77,14.3567,1.0,False,
mother,mother,mother,,mother,mother,base,mother,,,family_relationships,,a female parent or a person who is like a mother to someone,,parent;female;caregiver,father;male,,86,85,5,BroadcastText;ItemNameDescription;ItemSparse;JournalEncounter;JournalEncounterSection,mother:86,44.4659,0.8,False,
children,children,children,,children,children,base,children,,,family_relationships,,"young people, especially those who are not yet grown up",,young;youthful;juvenile,adult;mature,,73,69,4,BroadcastText;ItemSparse;JournalEncounter;JournalEncounterSection,children:73,42.3041,0.1,True,low_confidence
son,son,son,,son,son,base,son,,,family_relationships,,a male child or descendant,,child;father,,,53,51,4,BroadcastText;ItemSparse;JournalEncounter;JournalEncounterSection,son:53,41.989,1.0,False,
child,child,child,,child,child,base,child,,,family_relationships,,"a young person, especially one who is not yet an adult",,son;daughter,,,46,46,4,BroadcastText;ItemSparse;JournalEncounter;JournalEncounterSection,child:46,41.8501,1.0,False,
kin,kin,kin,,kin,kin,base,kin,,,family_relationships,,"a group of people related by blood or marriage, typically including parents, children, and siblings",,family;relatives;ancestors,,,36,34,4,BroadcastText;ItemSparse;JournalEncounter;JournalEncounterSection,kin:36,41.6109,1.0,False,
beloved,belov,beloved,,belov,belov,inflected_form,beloved,,,family_relationships,,"loved or cherished, typically by a person or group",,dear;cherished;adored,,,27,27,4,BroadcastText;ItemSparse;JournalEncounter;JournalEncounterSection,beloved:27,41.3322,1.0,False,
daughter,daughter,daughter,,daughter,daughter,base,daughter,,,family_relationships,,"a female child or a woman who is the child of someone, especially a man",,child;girl;woman,son;boy;man,,20,20,4,BroadcastText;ItemSparse;JournalEncounter;JournalEncounterSection,daughter:20,41.0445,0.9,False,
father,father,father,,father,father,base,father,,,family_relationships,,a male parent or ancestor,,parent;ancestor;male,mother;female;non-parent,,88,86,3,BroadcastText;ItemSparse;JournalEncounter,father:88,40.4886,0.8,False,
widow,widow,widow,,widow,widow,base,widow,,,family_relationships,,"a woman whose husband has died, often in a way that is considered tragic or unfortunate",,widower;bereaved;grieving,married;alive;thriving,,7,7,4,BroadcastText;ItemSparse;JournalEncounter;JournalEncounterSection,widow:7,40.0794,0.9,False,
husband,husband,husband,,husband,husband,base,husband,,,family_relationships,,"a man who is married to a woman, especially in a formal or legal sense",,spouse;partner;mate,,,8,8,3,BroadcastText;ItemSparse;JournalEncounter,husband:8,38.1972,1.0,False,
wife,wife,wife,,wife,wife,base,wife,,,family_relationships,,a woman who is married to a man,,married;woman;husband,single;unattached,,6,6,2,BroadcastText;JournalEncounter,wife:6,35.9459,0.8,False,
bloodline,bloodline,bloodline,,bloodline,bloodline,base,bloodline,,,family_relationships,,"a line of descent or ancestry, often used to describe a noble or aristocratic family",,descent;ancestry;noble,common;ordinary,,2,2,2,BroadcastText;JournalEncounter,bloodline:2,35.0986,0.9,False,
lineage,lineage,lineage,,lineage,lineage,base,lineage,,,family_relationships,,"a line of descent or ancestry, often used to describe a noble or aristocratic family",,descent;ancestry;noble,common;ordinary,,2,2,2,BroadcastText;JournalEncounterSection,lineage:2,35.0986,0.8,False,
descendant,descendant,descendant,,descendant,descendant,base,descendant,,,family_relationships,,a person or thing that comes from a previous generation,,heir;inheritor;successor,ancestor;predecessor;forebear,,2,2,1,JournalEncounter,descendant:2,33.0986,0.8,False,
married,marry,married,,marry,marry,inflected_form,married,,,family_relationships,,joined in a union of husband and wife,,wedded;spoused;united,single;unmarried;celibate,,1,1,1,ItemSparse,married:1,32.6931,0.9,False,
spouse,spouse,spouse,,spouse,spouse,base,spouse,,,family_relationships,,a person's partner in marriage or a similar relationship,,husband;wife;partner,single;unmarried;celibate,,1,1,1,JournalEncounterSection,spouse:1,32.6931,0.8,False,
like-minded,like-mind,like-minded,,like-mind,like-mind,compound,like-minded,,like-minded,family_relationships,,"Like-minded individuals, family and relationships",,sethrak;opponents,,,3,3,3,BroadcastText;ItemSparse;JournalEncounter,like-minded:3,32.3863,1.0,False,
one-armed,one-arm,one-armed,,one-arm,one-arm,compound,one-armed,,one-armed,family_relationships,,"One-Armed Bandit, family and relationships",,slot machine;Gallywix's casino,,,10,6,2,JournalEncounter;JournalEncounterSection,one-armed:10,31.3979,1.0,False,
kin-tara,kin-tara,kin-tara,,kin-tara,kin-tara,compound,kin-tara,,kin-tara,family_relationships,,"Kin-Tara, family and relationships",,kyrian aspirants;Forsworn,,,9,7,2,JournalEncounter;JournalEncounterSection,kin-tara:9,31.3026,1.0,False,
ook-ook,ook-ook,ook-ook,,ook-ook,ook-ook,compound,ook-ook,,ook-ook,family_relationships,,"Ook-Ook, family and relationships",,hozen;raucous,,,7,6,2,JournalEncounter;JournalEncounterSection,ook-ook:7,31.0794,1.0,False,
well-known,well-known,well-known,,well-known,well-known,compound,well-known,,well-known,family_relationships,,widely recognized or famous,,know;famous;recognize,,,5,5,2,ItemSparse;JournalEncounter,well-known:5,30.7918,0.9,False,
ana-mouz,ana-mouz,ana-mouz,,ana-mouz,ana-mouz,compound,ana-mouz,,ana-mouz,family_relationships,,"a person or character, possibly a reference to a specific individual",,person;character;reference,,,3,3,2,JournalEncounter;JournalEncounterSection,ana-mouz:3,30.3863,0.7,True,low_confidence
face-to-face,face-to-face,face-to-face,,face-to-face,face-to-face,compound,face-to-face,,face-to-face,family_relationships,,"in person, directly facing or interacting with someone",,person;directly;interact,,,3,3,2,BroadcastText;JournalEncounterSection,face-to-face:3,30.3863,0.9,False,
nexus-princess,nexus-princess,nexus-princess,,nexus-princess,nexus-princess,compound,nexus-princess,,nexus-princess,family_relationships,,"a person or character, possibly a reference to a specific individual",,person;character;reference,,,3,3,2,ItemSparse;JournalEncounter,nexus-princess:3,30.3863,0.7,True,low_confidence
once-proud,once-proud,once-proud,,once-proud,once-proud,compound,once-proud,,once-proud,family_relationships,,"something or someone that was once proud, but is no longer so",,proud;no longer;past,,,3,3,2,BroadcastText;JournalEncounter,once-proud:3,30.3863,0.9,False,
three-person,three-person,three-person,,three-person,three-person,compound,three-person,,three-person,family_relationships,,involving or consisting of three people,,trio;group;team,single;individual;private,,9,9,1,ItemSparse,three-person:9,29.3026,0.8,False,
andu-falah-dor,andu-falah-dor,andu-falah-dor,,andu-falah-dor,andu-falah-dor,compound,andu-falah-dor,,andu-falah-dor,family_relationships,,a person or title of respect and authority,,,,,3,3,1,BroadcastText,andu-falah-dor:3,28.3863,0.5,True,low_confidence
right-handed,right-hand,right-handed,,right-hand,right-hand,compound,right-handed,,right-handed,family_relationships,,having or using the right hand for a particular activity,,handedness;dominant;preference,left-handed;ambidextrous,,3,3,1,ItemSparse,right-handed:3,28.3863,0.8,False,
xal-a-pal,xal-a-pal,xal-a-pal,,xal-a-pal,xal-a-pal,compound,xal-a-pal,,xal-a-pal,family_relationships,,a term of endearment or affection,,dear;beloved;cherished,hated;detested;abhorred,,3,1,1,ItemSparse,xal-a-pal:3,28.3863,0.6,True,low_confidence
avant-garde,avant-garde,avant-garde,,avant-garde,avant-garde,compound,avant-garde,,avant-garde,family_relationships,,innovative or experimental in style or approach,,innovative;experimental; pioneering,traditional;conservative; conventional,,2,2,1,ItemSparse,avant-garde:2,28.0986,0.7,True,low_confidence
keg-leg,keg-leg,keg-leg,,keg-leg,keg-leg,compound,keg-leg,,keg-leg,family_relationships,,a person or thing that is associated with a keg or barrel,,,,,2,2,1,ItemSparse,keg-leg:2,28.0986,0.6,True,low_confidence
left-handed,left-hand,left-handed,,left-hand,left-hand,compound,left-handed,,left-handed,family_relationships,,associated with or characteristic of the left hand,,,,,2,2,1,ItemSparse,left-handed:2,28.0986,0.8,False,
low-born,low-born,low-born,,low-born,low-born,compound,low-born,,low-born,family_relationships,,of low social status or birth,,,,,2,2,1,ItemSparse,low-born:2,28.0986,0.8,False,
torn-heart,torn-heart,torn-heart,,torn-heart,torn-heart,compound,torn-heart,,torn-heart,family_relationships,,having a heart that is torn or broken,,pain;sorrow;grief,whole;intact,,2,2,1,ItemSparse,torn-heart:2,28.0986,0.7,True,low_confidence
anyone--even,anyone--even,anyone--even,,anyone--even,anyone--even,compound,anyone--even,,anyone--even,family_relationships,,"including anyone or everyone, even if they are not expected to be involved",,,,,1,1,1,JournalEncounter,anyone--even:1,27.6931,0.7,True,low_confidence
are--and,are--and,are--and,,are--and,are--and,compound,are--and,,are--and,family_relationships,,expressing a relationship or connection between people or things,,,,,1,1,1,BroadcastText,are--and:1,27.6931,0.7,True,low_confidence
baoh-xi,baoh-xi,baoh-xi,,baoh-xi,baoh-xi,compound,baoh-xi,,baoh-xi,family_relationships,,"a type of entity or being, possibly related to family or relationships",,Baoh-Xi;summon,,,1,1,1,ItemSparse,baoh-xi:1,27.6931,0.5,True,low_confidence
children--worked,children--work,children--worked,,children--work,children--work,compound,children--worked,,children--worked,family_relationships,,a group of young people who are working together,,children;work,adults;retired,,1,1,1,BroadcastText,children--worked:1,27.6931,0.8,False,
clan--blood,clan--blood,clan--blood,,clan--blood,clan--blood,compound,clan--blood,,clan--blood,family_relationships,,family ties or blood relations,,kin;heir;lineage,estranged;distant,,1,1,1,BroadcastText,clan--blood:1,27.6931,0.8,False,
clutch-sister,clutch-sister,clutch-sister,,clutch-sister,clutch-sister,compound,clutch-sister,,clutch-sister,family_relationships,,a sister or female relative in a clutch or group,,kin;heir;lineage,estranged;distant,,1,1,1,ItemSparse,clutch-sister:1,27.6931,0.8,False,
coming-of-age,coming-of-age,coming-of-age,,coming-of-age,coming-of-age,compound,coming-of-age,,coming-of-age,family_relationships,,a person's transition to adulthood or maturity,,growth;development;maturation,immature;inexperienced,,1,1,1,ItemSparse,coming-of-age:1,27.6931,0.8,False,
culture--held,culture--held,culture--held,,culture--held,culture--held,compound,culture--held,,culture--held,family_relationships,,"a shared set of values, customs, and practices that are passed down from one generation to the next",,culture;held,,,1,1,1,BroadcastText,culture--held:1,27.6931,0.7,True,low_confidence
den-mother,den-mother,den-mother,,den-mother,den-mother,compound,den-mother,,den-mother,family_relationships,,mother of a den or family group,,mother;father;family,,,1,1,1,BroadcastText,den-mother:1,27.6931,0.8,False,
do-gooders,do-gooder,do-gooders,,do-gooder,do-gooder,compound,do-gooders,,do-gooders,family_relationships,,people who do good deeds for others,,good;deed;help,,,1,1,1,JournalEncounter,do-gooders:1,27.6931,0.6,True,low_confidence
dogs--verek--to,dogs--verek--to,dogs--verek--to,,dogs--verek--to,dogs--verek--to,compound,dogs--verek--to,,dogs--verek--to,family_relationships,,a group of people or animals that are related to each other,,group;people;animals,,,1,1,1,JournalEncounter,dogs--verek--to:1,27.6931,0.3,True,low_confidence
everyone--around,everyone--around,everyone--around,,everyone--around,everyone--around,compound,everyone--around,,everyone--around,family_relationships,,a term expressing a sense of community or shared experience among all individuals,,community;shared;experience,,,1,1,1,JournalEncounter,everyone--around:1,27.6931,1.0,False,
everything--and,everything--and,everything--and,,everything--and,everything--and,compound,everything--and,,everything--and,family_relationships,,a term expressing a sense of unity or interconnectedness among all things,,unity;interconnectedness;things,,,1,1,1,JournalEncounter,everything--and:1,27.6931,1.0,False,
father--a,father--a,father--a,,father--a,father--a,compound,father--a,,father--a,family_relationships,,a male parent or ancestor,,parent;ancestor;forebear,mother;female;daughter,,1,1,1,JournalEncounter,father--a:1,27.6931,0.9,False,
father--turalyon,father--turalyon,father--turalyon,,father--turalyon,father--turalyon,compound,father--turalyon,,father--turalyon,family_relationships,,"a male parent or ancestor, specifically Turalyon",,parent;ancestor;forebear,mother;female;daughter,,1,1,1,BroadcastText,father--turalyon:1,27.6931,0.8,False,
gazlowe-buddy,gazlowe-buddy,gazlowe-buddy,,gazlowe-buddy,gazlowe-buddy,compound,gazlowe-buddy,,gazlowe-buddy,family_relationships,,"a friend or companion, likely referring to Gazlowe",,friend;companion;Gazlowe,,,1,1,1,BroadcastText,gazlowe-buddy:1,27.6931,0.7,True,low_confidence
gift-givers,gift-giver,gift-givers,,gift-giver,gift-giver,compound,gift-givers,,gift-givers,family_relationships,,people who give gifts,,gift;givers;family,,,1,1,1,ItemSparse,gift-givers:1,27.6931,0.8,False,
home--our,home--our,home--our,,home--our,home--our,compound,home--our,,home--our,family_relationships,,"our home, our family",,,,,1,1,1,BroadcastText,home--our:1,27.6931,0.4,True,low_confidence
jun-wei,jun-wei,jun-wei,,jun-wei,jun-wei,compound,jun-wei,,jun-wei,family_relationships,,"a person or title, likely referring to a specific individual or position",,,,,1,1,1,JournalEncounterSection,jun-wei:1,27.6931,1.0,False,
kah-delen,kah-delen,kah-delen,,kah-delen,kah-delen,compound,kah-delen,,kah-delen,family_relationships,,"a person or title, likely referring to a specific individual or position",,,,,1,1,1,BroadcastText,kah-delen:1,27.6931,1.0,False,
kah-sher,kah-sher,kah-sher,,kah-sher,kah-sher,compound,kah-sher,,kah-sher,family_relationships,,"a person or title, likely referring to a specific individual or position",,,,,1,1,1,BroadcastText,kah-sher:1,27.6931,1.0,False,
mother--captain,mother--captain,mother--captain,,mother--captain,mother--captain,compound,mother--captain,,mother--captain,family_relationships,,a female parent or leader,,female;parent;leader,male;child,,1,1,1,BroadcastText,mother--captain:1,27.6931,0.8,False,
other--the,other--the,other--the,,other--the,other--the,compound,other--the,,other--the,family_relationships;emotion_morality,,a reference to the joy and fellowship found in relationships,,joy;fellowship;relationships,sadness;loneliness;isolation,,1,1,1,ItemSparse,other--the:1,27.6931,0.7,True,low_confidence
otherwise-promising,otherwise-promis,otherwise-promising,,otherwise-promis,otherwise-promis,compound,otherwise-promising,,otherwise-promising,family_relationships;emotion_morality,,"having potential or promise, but not fulfilling it",,potential;promise;fulfillment,unpromising;unfulfilled;disappointing,,1,1,1,JournalEncounter,otherwise-promising:1,27.6931,0.7,True,low_confidence
owner--the,owner--the,owner--the,,owner--the,owner--the,compound,owner--the,,owner--the,family_relationships;emotion_morality,,a reference to the previous owner of an item or possession,,owner;item;possession,unknown;anonymous;unidentified,,1,1,1,ItemSparse,owner--the:1,27.6931,0.7,True,low_confidence
people--at,people--at,people--at,,people--at,people--at,compound,people--at,,people--at,family_relationships,,"a group of people, specifically those at a location or event",,,,,1,1,1,BroadcastText,people--at:1,27.6931,0.8,False,
people--or,people--or,people--or,,people--or,people--or,compound,people--or,,people--or,family_relationships,,"a group of people, specifically those at a location or event, or an alternative option",,,,,1,1,1,BroadcastText,people--or:1,27.6931,0.7,True,low_confidence
retired-predators,retired-predator,retired-predators,,retired-predator,retired-predator,compound,retired-predators,,retired-predators,family_relationships,,"people who have stopped working or engaging in a particular activity, often due to age or health",,retire;stop;age,active;engaged,,1,1,1,ItemSparse,retired-predators:1,27.6931,0.7,True,low_confidence
right-hand,right-hand,right-hand,,right-hand,right-hand,compound,right-hand,,right-hand,family_relationships,,"the hand that is on the right side of one's body, often used for tasks or activities",,hand;side;body,left-hand,,1,1,1,JournalEncounter,right-hand:1,27.6931,0.8,False,
role-specific,role-specific,role-specific,,role-specific,role-specific,compound,role-specific,,role-specific,family_relationships,,"specific to a particular role or position, possibly in a social or familial context",,role;position,,,1,1,1,JournalEncounterSection,role-specific:1,27.6931,0.8,False,
stranger--the,stranger--the,stranger--the,,stranger--the,stranger--the,compound,stranger--the,,stranger--the,family_relationships,,a person who is not familiar or known,,,,,1,1,1,ItemSparse,stranger--the:1,27.6931,0.8,False,
thank-you,thank-you,thank-you,,thank-you,thank-you,compound,thank-you,,thank-you,family_relationships,,a polite expression of gratitude,,gratitude;polite;expression,,,1,1,1,ItemSparse,thank-you:1,27.6931,0.7,True,low_confidence
this--though,this--though,this--though,,this--though,this--though,compound,this--though,,this--though,family_relationships,,"although or though, used to express a contrast",,contrast;expression;although,,,1,1,1,BroadcastText,this--though:1,27.6931,0.7,True,low_confidence
time-honored,time-honor,time-honored,,time-honor,time-honor,compound,time-honored,,time-honored,family_relationships,,"relating to something that is traditional or customary, possibly related to time and age",,traditional;customary;age,,,1,1,1,ItemSparse,time-honored:1,27.6931,0.9,False,
tip-toes,tip-toe,tip-toes,,tip-toe,tip-toe,compound,tip-toes,,tip-toes,family_relationships,,"to walk quietly and carefully, like a child learning to walk",,stealth;sneak,,,1,1,1,ItemSparse,tip-toes:1,27.6931,0.7,True,low_confidence
troll-style,troll-style,troll-style,,troll-style,troll-style,compound,troll-style,,troll-style,family_relationships,,"in the style of trolls, especially in terms of behavior or appearance",,style;manner,,,1,1,1,ItemSparse,troll-style:1,27.6931,0.7,True,low_confidence
unusual-looking,unusual-look,unusual-looking,,unusual-look,unusual-look,compound,unusual-looking,,unusual-looking,family_relationships,,"appearing to be strange or unexpected, especially in a cultural or social sense",,strange;unexpected;cultural,familiar;ordinary,,1,1,1,ItemSparse,unusual-looking:1,27.6931,0.7,True,low_confidence
we--and,we--and,we--and,,we--and,we--and,compound,we--and,,we--and,family_relationships,,"including ourselves and others, often used to describe relationships or groups",,us;them;our,excluding;separating,,1,1,1,BroadcastText,we--and:1,27.6931,0.1,True,low_confidence
weave-rats,weave-rat,weave-rats,,weave-rat,weave-rat,compound,weave-rats,,weave-rats,family_relationships,,"small, insignificant creatures that weave or manipulate threads, often used to describe trivial or unimportant tasks",,rats;mice;threads,powerful;significant,,1,1,1,ItemSparse,weave-rats:1,27.6931,0.5,True,low_confidence
weave-trash,weave-trash,weave-trash,,weave-trash,weave-trash,compound,weave-trash,,weave-trash,family_relationships,,"worthless or insignificant things that are woven or manipulated, often used to describe trivial or unimportant tasks",,trash;rubbish;waste,valuable;significant,,1,1,1,BroadcastText,weave-trash:1,27.6931,0.4,True,low_confidence
well-established,well-establish,well-established,,well-establish,well-establish,compound,well-established,,well-established,family_relationships,,"strongly or skillfully established, often used to describe relationships or traditions",,sturdy;solid,weak;fragile,,1,1,1,ItemSparse,well-established:1,27.6931,0.2,True,low_confidence
yoo-hoo,yoo-hoo,yoo-hoo,,yoo-hoo,yoo-hoo,compound,yoo-hoo,,yoo-hoo,family_relationships,,an expression of excitement or joy,,yoo;hoo,,,1,1,1,ItemSparse,yoo-hoo:1,27.6931,1.0,False,
you--have,you--have,you--have,,you--have,you--have,compound,you--have,,you--have,family_relationships,,a phrase indicating possession or relationship,,you;have,,,1,1,1,BroadcastText,you--have:1,27.6931,1.0,False,
you--if,you--if,you--if,,you--if,you--if,compound,you--if,,you--if,family_relationships,,a phrase indicating condition or possibility,,you;if,,,1,1,1,BroadcastText,you--if:1,27.6931,1.0,False,
you--not,you--not,you--not,,you--not,you--not,compound,you--not,,you--not,family_relationships,,a phrase indicating negation or absence,,you;not,,,1,1,1,BroadcastText,you--not:1,27.6931,1.0,False,
you--you,you--you,you--you,,you--you,you--you,compound,you--you,,you--you,family_relationships,,a phrase indicating identity or unity,,you;you,,,1,1,1,BroadcastText,you--you:1,27.6931,1.0,False,
zee-zee,zee-zee,zee-zee,,zee-zee,zee-zee,compound,zee-zee,,zee-zee,family_relationships,,an expression of excitement or joy,,zee;zee,,,1,1,1,BroadcastText,zee-zee:1,27.6931,1.0,False,
companion,companion,companion,,companion,companion,base,companion,,,family_relationships,,a person who accompanies or is with another,,friend;partner,,,1415,1413,4,BroadcastText;ItemSparse;JournalEncounter;JournalEncounterSection,companion:1415,15.2556,0.9,False,
word,word,word,,word,word,base,word,,,family_relationships,,a unit of language or a term,,language;term;expression,,,136,132,5,BroadcastText;ItemNameDescription;ItemSparse;JournalEncounter;JournalEncounterSection,word:136,14.92,0.6,True,low_confidence
him,him,him,,him,him,base,him,,,family_relationships,,a male person or thing,,male;man;person,,,749,692,4,BroadcastText;ItemSparse;JournalEncounter;JournalEncounterSection,him:749,14.6201,0.5,True,low_confidence
secrets,secret,secrets,,secret,secret,inflected_form,secrets,,,family_relationships,,hidden or confidential information,,information;knowledge;confidentiality,,,98,98,5,BroadcastText;ItemNameDescription;ItemSparse;JournalEncounter;JournalEncounterSection,secrets:98,14.5951,0.4,True,low_confidence
unique,unique,unique,,unique,unique,base,unique,,,family_relationships,,one-of-a-kind or special in some way,,special;distinctive,,,88,88,5,BroadcastText;ItemNameDescription;ItemSparse;JournalEncounter;JournalEncounterSection,unique:88,14.4886,1.0,False,
common,common,common,,common,common,base,common,,,family_relationships,,shared or experienced by many people,,shared;mutual,,,87,87,5,BroadcastText;ItemNameDescription;ItemSparse;JournalEncounter;JournalEncounterSection,common:87,14.4773,1.0,False,
potential,potential,potential,,potential,potential,base,potential,,,family_relationships,,the possibility of something happening or being achieved,,possibility;chance,,,81,81,5,BroadcastText;ItemNameDescription;ItemSparse;JournalEncounter;JournalEncounterSection,potential:81,14.4067,1.0,False,
family,family,family,,family,family,base,family,,,family_relationships,,a group of people related by blood or marriage,,group;kin,,,75,73,5,BroadcastText;ItemNameDescription;ItemSparse;JournalEncounter;JournalEncounterSection,family:75,14.3307,1.0,False,
ones,one,ones,,one,one,inflected_form,ones,,,family_relationships,,people or things that are together or connected,,group;unit,,,70,70,5,BroadcastText;ItemNameDescription;ItemSparse;JournalEncounter;JournalEncounterSection,ones:70,14.2627,0.7,True,low_confidence
could,could,could,,could,could,base,could,,,family_relationships,,to be able to do something or have the power to do it,,can;able,,,494,483,4,BroadcastText;ItemSparse;JournalEncounter;JournalEncounterSection,could:494,14.2046,0.8,False,
forged,forg,forged,,forg,forg,inflected_form,forged,,,forge_weapons_armor,,having been made or created through a process of heating and shaping metal,,made;created;manufactured,natural;unprocessed,,136,136,4,BroadcastText;ItemSparse;JournalEncounter;JournalEncounterSection,forged:136,42.92,0.1,True,low_confidence
gilded,gild,gilded,,gild,gild,inflected_form,gilded,,,forge_weapons_armor,,"covered or decorated with a thin layer of gold, especially in a way that is considered luxurious or expensive",,golden;ornate;adorned,plain;simple;unadorned,,22,22,4,BroadcastText;ItemSparse;JournalEncounter;JournalEncounterSection,gilded:22,41.1355,0.7,True,low_confidence
honed,hon,honed,,hon,hon,inflected_form,honed,,,forge_weapons_armor,,made sharp or more effective through practice or experience,,sharpened;refined;polished,dull;blunt;unrefined,,11,11,4,BroadcastText;ItemSparse;JournalEncounter;JournalEncounterSection,honed:11,40.4849,0.8,False,
reinforced,reinforc,reinforced,,reinforc,reinforc,inflected_form,reinforced,,,forge_weapons_armor,,"made stronger or more secure through the addition of something, often in a way that is considered protective or defensive",,strengthened;fortified;secured,weakened;unreinforced;vulnerable,,39,38,3,ItemSparse;JournalEncounter;JournalEncounterSection,reinforced:39,39.6889,0.9,False,
fang,fang,fang,,fang,fang,base,fang,,,forge_weapons_armor,,"a sharp, pointed tooth or projection on an animal's jaw",,tooth;projection;sharpness,,,31,29,3,ItemSparse;JournalEncounter;JournalEncounterSection,fang:31,39.4657,1.0,False,
tempered,temper,tempered,,temper,temper,inflected_form,tempered,,,forge_weapons_armor,,made stronger or more resistant by heat treatment,,strengthened;hardened;alloyed,,,23,23,3,BroadcastText;ItemSparse;JournalEncounterSection,tempered:23,39.1781,1.0,False,
shredder,shredder,shredder,,shredder,shredder,base,shredder,,,forge_weapons_armor,,a machine that cuts or tears things into small pieces,,grinder;crusher;masher,,,13,12,3,ItemSparse;JournalEncounter;JournalEncounterSection,shredder:13,38.6391,1.0,False,
engraved,engrav,engraved,,engrav,engrav,inflected_form,engraved,,,forge_weapons_armor,,"cut or carved into a surface, especially in a decorative way",,inscribed;carved;etched,,,63,63,2,ItemNameDescription;ItemSparse,engraved:63,38.1589,1.0,False,
jagged,jagg,jagged,,jagg,jagg,inflected_form,jagged,,,forge_weapons_armor,,having a rough or irregular edge,,rough;irregular;uneven,,,50,50,2,ItemSparse;JournalEncounterSection,jagged:50,37.9318,1.0,False,
serrated,serrate,serrated,,serrate,serrate,inflected_form,serrated,,,forge_weapons_armor,,having a saw-like edge or surface,,saw-like;edge;surface,,,14,13,2,ItemSparse;JournalEncounterSection,serrated:14,36.7081,1.0,False,
etched,etch,etched,,etch,etch,inflected_form,etched,,,forge_weapons_armor,,marked or inscribed with a design or pattern,,marked;inscribed;engraved,,,90,90,1,ItemSparse,etched:90,36.5109,1.0,False,
alloy,alloy,alloy,,alloy,alloy,base,alloy,,,forge_weapons_armor,,a mixture of metals,,metal;mixture;blend,pure;single,,10,10,2,ItemSparse;JournalEncounterSection,alloy:10,36.3979,0.9,False,
fuse,fuse,fuse,,fuse,fuse,base,fuse,,,forge_weapons_armor,,a device that ignites a fire or explosion,,ignite;explode;detonate,douse;extinguish,,8,8,2,ItemSparse;JournalEncounterSection,fuse:8,36.1972,0.8,False,
inlaid,inlaid,inlaid,,inlaid,inlaid,base,inlaid,,,forge_weapons_armor,,decorated with a pattern or design,,engraved;etched;ornate,plain;unadorned,,10,10,1,ItemSparse,inlaid:10,34.3979,0.7,True,low_confidence
ingot,ingot,ingot,,ingot,ingot,base,ingot,,,forge_weapons_armor,,"a bar or block of metal, often used for crafting",,metal;ore;alloy,raw;unprocessed,,5,5,1,ItemSparse,ingot:5,33.7918,0.9,False,
studded,studd,studded,,studd,studd,inflected_form,studded,,,forge_weapons_armor,,having or covered with studs,,decorated;adorned;embellished,plain;unadorned;undecorated,,3,3,1,ItemSparse,studded:3,33.3863,0.9,False,
razor-sharp,razor-sharp,razor-sharp,,razor-sharp,razor-sharp,compound,razor-sharp,,razor-sharp,forge_weapons_armor,,"Razor-sharp, forge and weapons",,arokoa spear;metal,,,9,9,2,ItemSparse;JournalEncounter,razor-sharp:9,31.3026,1.0,False,
two-handed,two-hand,two-handed,,two-hand,two-hand,compound,two-handed,,two-handed,forge_weapons_armor,,"Two-Handed, forge and weapons",,weapon;enchantment,,,7,7,2,ItemSparse;JournalEncounterSection,two-handed:7,31.0794,1.0,False,
well-worn,well-worn,well-worn,,well-worn,well-worn,compound,well-worn,,well-worn,forge_weapons_armor,,"worn or used many times, often to the point of being worn out",,wear;use;worn,,,35,35,1,ItemSparse,well-worn:35,30.5835,0.9,False,
gem-encrusted,gem-encrust,gem-encrusted,,gem-encrust,gem-encrust,compound,gem-encrusted,,gem-encrusted,forge_weapons_armor,,"adorned, decorated with gems or precious stones",,encrusted;adorned,plain;unadorned,,2,2,2,ItemSparse;JournalEncounter,gem-encrusted:2,30.0986,0.8,False,
well-armed,well-arm,well-armed,,well-arm,well-arm,compound,well-armed,,well-armed,forge_weapons_armor,,having a lot of weapons or armor,,equipped;prepared;defended,unarmed;defenseless;vulnerable,,2,2,2,ItemSparse;JournalEncounter,well-armed:2,30.0986,0.7,True,low_confidence
multi-shot,multi-shot,multi-shot,,multi-shot,multi-shot,compound,multi-shot,,multi-shot,forge_weapons_armor,,capable of firing or releasing multiple shots,,repeating;automatic;bursting,single-shot;manual;sequential,,9,9,1,JournalEncounterSection,multi-shot:9,29.3026,0.8,False,
large-barreled,large-barrel,large-barreled,,large-barrel,large-barrel,compound,large-barreled,,large-barreled,forge_weapons_armor,,having a large barrel or container,,barrel;container;weapon,small;compact,,6,6,1,ItemSparse,large-barreled:6,28.9459,0.8,False,
magma-thrower,magma-thrower,magma-thrower,,magma-thrower,magma-thrower,compound,magma-thrower,,magma-thrower,forge_weapons_armor,,a device or tool that throws magma,,magma;device;tool,cold;frozen,,6,6,1,JournalEncounterSection,magma-thrower:6,28.9459,0.8,False,
buzz-saw,buzz-saw,buzz-saw,,buzz-saw,buzz-saw,compound,buzz-saw,,buzz-saw,forge_weapons_armor,,a tool or device that makes a buzzing sound while cutting,,saw;tool;device,silent;quiet,,5,3,1,JournalEncounterSection,buzz-saw:5,28.7918,0.7,True,low_confidence
leather-bound,leather-bound,leather-bound,,leather-bound,leather-bound,compound,leather-bound,,leather-bound,forge_weapons_armor,,bound with leather,,leather;bound,,,5,5,1,ItemSparse,leather-bound:5,28.7918,0.9,False,
pocket-sized,pocket-siz,pocket-sized,,pocket-siz,pocket-siz,compound,pocket-sized,,pocket-sized,forge_weapons_armor,,small enough to fit in a pocket,,pocket;size,,,5,5,1,ItemSparse,pocket-sized:5,28.7918,0.9,False,
disc-shaped,disc-shap,disc-shaped,,disc-shap,disc-shap,compound,disc-shaped,,disc-shaped,forge_weapons_armor,,having a disc-like shape,,shape;disc,,,4,4,1,ItemSparse,disc-shaped:4,28.6094,0.9,False,
well-crafted,well-craft,well-crafted,,well-craft,well-craft,compound,well-crafted,,well-crafted,forge_weapons_armor,,made or constructed with care and skill,,,,,4,4,1,ItemSparse,well-crafted:4,28.6094,0.9,False,
double-barreled,double-barrel,double-barreled,,double-barrel,double-barrel,compound,double-barreled,,double-barreled,forge_weapons_armor,,having two barrels or chambers for firing,,,,,3,3,1,ItemSparse,double-barreled:3,28.3863,0.8,False,
fist-sized,fist-siz,fist-sized,,fist-siz,fist-siz,compound,fist-sized,,fist-sized,forge_weapons_armor,,about the size of a fist or hand,,,,,3,3,1,ItemSparse,fist-sized:3,28.3863,0.9,False,
gladiator-quality,gladiator-quality,gladiator-quality,,gladiator-quality,gladiator-quality,compound,gladiator-quality,,gladiator-quality,forge_weapons_armor,,high-quality equipment for gladiators,,armor;weapon;equipment,low-quality;inferior,,3,3,1,ItemSparse,gladiator-quality:3,28.3863,0.9,False,
medium-sized,medium-siz,medium-sized,,medium-siz,medium-siz,compound,medium-sized,,medium-sized,forge_weapons_armor,,"of average size, not too large or too small",,size;scale;proportion,small;large,,3,3,1,ItemSparse,medium-sized:3,28.3863,0.8,False,
sawed-off,sawed-off,sawed-off,,sawed-off,sawed-off,compound,sawed-off,,sawed-off,forge_weapons_armor,,"having or being a sawed-off version of something, often shortened or truncated",,short;abridged;condensed,long;extended,,3,3,1,ItemSparse,sawed-off:3,28.3863,0.8,False,
well-made,well-made,well-made,,well-made,well-made,compound,well-made,,well-made,forge_weapons_armor,,made with skill and care,,crafted;constructed;assembled,poorly made;shoddy;flimsy,,3,3,1,ItemSparse,well-made:3,28.3863,0.9,False,
auto-hammer,auto-hammer,auto-hammer,,auto-hammer,auto-hammer,compound,auto-hammer,,auto-hammer,forge_weapons_armor,,a tool or device that automatically hammers or strikes something,,automatic;self-hammering; self-striking,manual;hand-held; labor-intensive,,2,2,1,ItemSparse,auto-hammer:2,28.0986,0.8,False,
bolt-action,bolt-action,bolt-action,,bolt-action,bolt-action,compound,bolt-action,,bolt-action,forge_weapons_armor,,a type of firearm mechanism,,gun;firearm;mechanism,manual;hand-cranked;non-mechanical,,2,2,1,ItemSparse,bolt-action:2,28.0986,0.9,False,
cuff-like,cuff-like,cuff-like,,cuff-like,cuff-like,compound,cuff-like,,cuff-like,forge_weapons_armor,,resembling a cuff in shape or appearance,,band;strap;fastening,loose;unsecured;unattached,,2,2,1,ItemSparse,cuff-like:2,28.0986,0.6,True,low_confidence
finely-crafted,finely-craft,finely-crafted,,finely-craft,finely-craft,compound,finely-crafted,,finely-crafted,forge_weapons_armor,,something that is skillfully or expertly crafted,,craft;skillful;expert,careless;negligent;incompetent,,2,2,1,ItemSparse,finely-crafted:2,28.0986,0.9,False,
finely-tuned,finely-tun,finely-tuned,,finely-tun,finely-tun,compound,finely-tuned,,finely-tuned,forge_weapons_armor,,precisely adjusted or calibrated,,tuned;adjusted,untuned;unadjusted,,2,2,1,ItemSparse,finely-tuned:2,28.0986,0.8,False,
fire-tipped,fire-tipp,fire-tipped,,fire-tipp,fire-tipp,compound,fire-tipped,,fire-tipped,forge_weapons_armor,,having a tip or point that is on fire,,tipped;pointed,untipped;unpointed,,2,2,1,JournalEncounterSection,fire-tipped:2,28.0986,0.9,False,
glass-like,glass-like,glass-like,,glass-like,glass-like,compound,glass-like,,glass-like,forge_weapons_armor,,"resembling or having the properties of glass, such as transparency or fragility",,like;resembling,non-glassy;unfragile,,2,2,1,ItemSparse,glass-like:2,28.0986,0.7,True,low_confidence
jet-black,jet-black,jet-black,,jet-black,jet-black,compound,jet-black,,jet-black,forge_weapons_armor,,completely black and shiny,,,,,2,2,1,ItemSparse,jet-black:2,28.0986,0.8,False,
newly-forged,newly-forg,newly-forged,,newly-forg,newly-forg,compound,newly-forged,,newly-forged,forge_weapons_armor,,"recently made or created, often using fire or heat",,forged;made;created,,,2,2,1,ItemSparse,newly-forged:2,28.0986,0.8,False,
pump-action,pump-action,pump-action,,pump-action,pump-action,compound,pump-action,,pump-action,forge_weapons_armor,,"a type of mechanism or device that uses a pump to operate, often used to describe machines or tools",,machine;tool;device,,,2,2,1,ItemSparse,pump-action:2,28.0986,0.8,False,
razor-edged,razor-edg,razor-edged,,razor-edg,razor-edg,compound,razor-edged,,razor-edged,forge_weapons_armor,,"having a sharp or cutting edge, often used to describe objects or blades",,edge;object;blade,,,2,2,1,ItemSparse,razor-edged:2,28.0986,0.9,False,
re-forged,re-forg,re-forged,,re-forg,re-forg,compound,re-forged,,re-forged,forge_weapons_armor,,made again by forging,,forging;smithing;crafting,broken;damaged;ruined,,2,2,1,ItemSparse,re-forged:2,28.0986,0.8,False,
thick-walled,thick-wall,thick-walled,,thick-wall,thick-wall,compound,thick-walled,,thick-walled,forge_weapons_armor,,"having a thick, strong wall or defense",,crate;container;protection,thin;weak,,2,2,1,ItemSparse,thick-walled:2,28.0986,0.7,True,low_confidence
tightly-sealed,tightly-seal,tightly-sealed,,tightly-seal,tightly-seal,compound,tightly-sealed,,tightly-sealed,forge_weapons_armor,,"completely closed or sealed, with no gaps",,crate;container;protection,loose;open,,2,2,1,ItemSparse,tightly-sealed:2,28.0986,0.7,True,low_confidence
tightly-wound,tightly-wound,tightly-wound,,tightly-wound,tightly-wound,compound,tightly-wound,,tightly-wound,forge_weapons_armor,,"completely wrapped or wound, with no loose ends",,trap;snare;capture,loose;unwound,,2,2,1,ItemSparse,tightly-wound:2,28.0986,0.8,False,
well-insulated,well-insulate,well-insulated,,well-insulate,well-insulate,compound,well-insulated,,well-insulated,forge_weapons_armor,,completely insulated or protected from the elements,,pile;fat;tent,exposed;unprotected,,2,2,1,ItemSparse,well-insulated:2,28.0986,0.8,False,
well-oiled,well-oile,well-oiled,,well-oile,well-oile,compound,well-oiled,,well-oiled,forge_weapons_armor,,"completely oiled or lubricated, with no friction",,gear;hinges;condition,dry;unlubricated,,2,2,1,ItemSparse,well-oiled:2,28.0986,0.7,True,low_confidence
wood-carved,wood-carv,wood-carved,,wood-carv,wood-carv,compound,wood-carved,,wood-carved,forge_weapons_armor,,"made from wood, carved into a shape or design",,carving;sculpture;craftsmanship,,,2,2,1,ItemSparse,wood-carved:2,28.0986,0.9,False,
alarm-o-bot,alarm-o-bot,alarm-o-bot,,alarm-o-bot,alarm-o-bot,compound,alarm-o-bot,,alarm-o-bot,forge_weapons_armor,,"alarm, bot, device",,alarm;bot;device,,,1,1,1,ItemSparse,alarm-o-bot:1,27.6931,0.7,True,low_confidence
alarm-o-dog,alarm-o-dog,alarm-o-dog,,alarm-o-dog,alarm-o-dog,compound,alarm-o-dog,,alarm-o-dog,forge_weapons_armor,,"alarm, dog, device",,alarm;dog;device,,,1,1,1,ItemSparse,alarm-o-dog:1,27.6931,0.6,True,low_confidence
alarm-o-turret,alarm-o-turret,alarm-o-turret,,alarm-o-turret,alarm-o-turret,compound,alarm-o-turret,,alarm-o-turret,forge_weapons_armor,,"alarm, turret, device",,alarm;turret;device,,,1,1,1,ItemSparse,alarm-o-turret:1,27.6931,0.8,False,
axe-flingin,axe-flingin,axe-flingin,,axe-flingin,axe-flingin,compound,axe-flingin,,axe-flingin,forge_weapons_armor,,a type of axe,,axe;band,,,1,1,1,ItemSparse,axe-flingin:1,27.6931,0.8,False,
axe-head,axe-head,axe-head,,axe-head,axe-head,compound,axe-head,,axe-head,forge_weapons_armor,,the head of an axe,,axe;haft,,,1,1,1,ItemSparse,axe-head:1,27.6931,0.9,False,
big-ol,big-ol,big-ol,,big-ol,big-ol,compound,big-ol,,big-ol,forge_weapons_armor,,large or oversized,,,,,1,1,1,ItemSparse,big-ol:1,27.6931,0.7,True,low_confidence
blackrock-forged,blackrock-forg,blackrock-forged,,blackrock-forg,blackrock-forg,compound,blackrock-forged,,blackrock-forged,forge_weapons_armor,,made or created using Blackrock materials or techniques,,,,,1,1,1,JournalEncounter,blackrock-forged:1,27.6931,0.8,False,
bone-braced,bone-brac,bone-braced,,bone-brac,bone-brac,compound,bone-braced,,bone-braced,forge_weapons_armor,,having or being supported by bones or bone-like structures,,,,,1,1,1,ItemSparse,bone-braced:1,27.6931,0.7,True,low_confidence
carbine-action,carbine-action,carbine-action,,carbine-action,carbine-action,compound,carbine-action,,carbine-action,forge_weapons_armor,,a type of firearm or gun,,firearm;gun,non-lethal;peaceful,,1,1,1,ItemSparse,carbine-action:1,27.6931,0.9,False,
carefully-assembled,carefully-assembl,carefully-assembled,,carefully-assembl,carefully-assembl,compound,carefully-assembled,,carefully-assembled,forge_weapons_armor,,something that has been put together with great care and attention to detail,,assembled;constructed,haphazard;careless,,1,1,1,ItemSparse,carefully-assembled:1,27.6931,0.8,False,
cat-eye,cat-eye,cat-eye,,cat-eye,cat-eye,compound,cat-eye,,cat-eye,forge_weapons_armor,,a type of eye or vision that is sharp and keen,,eye;vision,dull;blunt,,1,1,1,ItemNameDescription,cat-eye:1,27.6931,0.9,False,
cleaver-like,cleaver-like,cleaver-like,,cleaver-like,cleaver-like,compound,cleaver-like,,cleaver-like,forge_weapons_armor,,resembling a cleaver or chopping tool,,sharp;deadly;cutting,dull;blunt,,1,1,1,ItemSparse,cleaver-like:1,27.6931,0.7,True,low_confidence
cold-forged,cold-forg,cold-forged,,cold-forg,cold-forg,compound,cold-forged,,cold-forged,forge_weapons_armor,,made or shaped at a low temperature,,forged;shaped;formed,hot;high-temperature,,1,1,1,ItemSparse,cold-forged:1,27.6931,0.8,False,
custom-built,custom-built,custom-built,,custom-built,custom-built,compound,custom-built,,custom-built,forge_weapons_armor,,"made or designed specifically for a particular person or purpose, often indicating high quality or craftsmanship",,custom;built,,,1,1,1,ItemSparse,custom-built:1,27.6931,0.8,False,
custom-made,custom-made,custom-made,,custom-made,custom-made,compound,custom-made,,custom-made,forge_weapons_armor,,"made or designed specifically for a particular person or purpose, often indicating high quality or craftsmanship",,custom;made,,,1,1,1,ItemSparse,custom-made:1,27.6931,0.9,False,
cut--or,cut--or,cut--or,,cut--or,cut--or,compound,cut--or,,cut--or,forge_weapons_armor,,"to separate or divide something using a sharp object, often used in the context of cutting or slicing",,cut;or,,,1,1,1,ItemSparse,cut--or:1,27.6931,0.7,True,low_confidence
cutting-edge,cutting-edge,cutting-edge,,cutting-edge,cutting-edge,compound,cutting-edge,,cutting-edge,forge_weapons_armor,,the latest or most advanced technology or style,,edge;technology;style,,,1,1,1,ItemSparse,cutting-edge:1,27.6931,0.9,False,
diamond--a,diamond--a,diamond--a,,diamond--a,diamond--a,compound,diamond--a,,diamond--a,forge_weapons_armor,,hard and unbreakable like a diamond,,strong;resilient;unyielding,,,1,1,1,BroadcastText,diamond--a:1,27.6931,0.6,True,low_confidence
double-reinforced,double-reinforc,double-reinforced,,double-reinforc,double-reinforc,compound,double-reinforced,,double-reinforced,forge_weapons_armor,,having two layers of reinforcement or protection,,reinforcement;protection;armor,,,1,1,1,ItemSparse,double-reinforced:1,27.6931,0.9,False,
drill-tipped,drill-tipp,drill-tipped,,drill-tipp,drill-tipp,compound,drill-tipped,,drill-tipped,forge_weapons_armor,,having a pointed tip for drilling or piercing,,pointed;sharp;piercing,blunt;dull,,1,1,1,JournalEncounterSection,drill-tipped:1,27.6931,0.9,False,
drust-forged,drust-forg,drust-forged,,drust-forg,drust-forg,compound,drust-forged,,drust-forged,forge_weapons_armor,,made or created using the Drust method of forging,,forging;smithing;crafting,machine-made;mass-produced,,1,1,1,ItemSparse,drust-forged:1,27.6931,0.5,True,low_confidence
elementium-edged,elementium-edg,elementium-edged,,elementium-edg,elementium-edg,compound,elementium-edged,,elementium-edged,forge_weapons_armor,,"having an edge made of elementium, a rare and powerful metal",,elementium;edge;metal,,,1,1,1,ItemSparse,elementium-edged:1,27.6931,1.0,False,
etched-blade,etched-blade,etched-blade,,etched-blade,etched-blade,compound,etched-blade,,etched-blade,forge_weapons_armor,,a sword or blade with intricate designs or patterns etched into it,,blade;sword;designs,,,1,1,1,ItemSparse,etched-blade:1,27.6931,1.0,False,
extreme-impact,extreme-impact,extreme-impact,,extreme-impact,extreme-impact,compound,extreme-impact,,extreme-impact,forge_weapons_armor,,"having a high level of impact or force, often in a destructive or violent way",,impact;force;destructive,,,1,1,1,ItemSparse,extreme-impact:1,27.6931,1.0,False,
fan-shaped,fan-shap,fan-shaped,,fan-shap,fan-shap,compound,fan-shaped,,fan-shaped,forge_weapons_armor,,having a shape resembling a fan,,winged;leaf-like;petal-shaped,rod-shaped;barred;straight,,1,1,1,ItemSparse,fan-shaped:1,27.6931,0.6,True,low_confidence
feather-light,feather-light,feather-light,,feather-light,feather-light,compound,feather-light,,feather-light,forge_weapons_armor,,"extremely light, like a feather",,light;airy;buoyant,heavy;dense;weighty,,1,1,1,ItemSparse,feather-light:1,27.6931,0.9,False,
fire-etched,fire-etch,fire-etched,,fire-etch,fire-etch,compound,fire-etched,,fire-etched,forge_weapons_armor,,marked or decorated with fire,,,,,1,1,1,ItemSparse,fire-etched:1,27.6931,0.9,False,
flame-ascended,flame-ascend,flame-ascended,,flame-ascend,flame-ascend,compound,flame-ascended,,flame-ascended,forge_weapons_armor,,reached or achieved a state of being ascended by flame,,,,,1,1,1,ItemSparse,flame-ascended:1,27.6931,0.9,False,
flame-resistant,flame-resistant,flame-resistant,,flame-resistant,flame-resistant,compound,flame-resistant,,flame-resistant,forge_weapons_armor,,resistant to or protected from flame,,,,,1,1,1,ItemSparse,flame-resistant:1,27.6931,0.9,False,
force-oiled,force-oile,force-oiled,,force-oile,force-oile,compound,force-oiled,,force-oiled,forge_weapons_armor,,oiled or lubricated using force,,,,,1,1,1,ItemSparse,force-oiled:1,27.6931,0.8,False,
fresh-butchered,fresh-butcher,fresh-butchered,,fresh-butcher,fresh-butcher,compound,fresh-butchered,,fresh-butchered,forge_weapons_armor,,recently cut or slaughtered meat,,meat;cut,,,1,1,1,ItemSparse,fresh-butchered:1,27.6931,0.8,False,
freshly-crafted,freshly-craft,freshly-crafted,,freshly-craft,freshly-craft,compound,freshly-crafted,,freshly-crafted,forge_weapons_armor,,recently made or created objects,,objects;made,,,1,1,1,ItemSparse,freshly-crafted:1,27.6931,0.8,False,
freshly-wound,freshly-wound,freshly-wound,,freshly-wound,freshly-wound,compound,freshly-wound,,freshly-wound,forge_weapons_armor,,recently wound or twisted objects,,objects;wound,,,1,1,1,ItemSparse,freshly-wound:1,27.6931,0.7,True,low_confidence
fur-lined,fur-lin,fur-lined,,fur-lin,fur-lin,compound,fur-lined,,fur-lined,forge_weapons_armor,,lined or trimmed with fur,,fur;trimmed,,,1,1,1,ItemSparse,fur-lined:1,27.6931,0.7,True,low_confidence
gem-like,gem-like,gem-like,,gem-like,gem-like,compound,gem-like,,gem-like,forge_weapons_armor,,"resembling a gemstone, likely referring to a type of jewelry or ornament",,gem;jewelry;ornament,,,1,1,1,ItemSparse,gem-like:1,27.6931,0.8,False,
gem-studded,gem-studd,gem-studded,,gem-studd,gem-studd,compound,gem-studded,,gem-studded,forge_weapons_armor,,adorned with gems or gemstones,,leather;belt;craft,,,1,1,1,ItemSparse,gem-studded:1,27.6931,0.9,False,
ghost-forged,ghost-forg,ghost-forged,,ghost-forg,ghost-forg,compound,ghost-forged,,ghost-forged,forge_weapons_armor,,forged with ghostly power,,forged;weapons;armor,,,1,1,1,ItemSparse,ghost-forged:1,27.6931,0.9,False,
gold-plated,gold-plate,gold-plated,,gold-plate,gold-plate,compound,gold-plated,,gold-plated,forge_weapons_armor,,Coated with gold,,gold;plated,,,1,1,1,ItemSparse,gold-plated:1,27.6931,0.9,False,
gold-tinted,gold-tint,gold-tinted,,gold-tint,gold-tint,compound,gold-tinted,,gold-tinted,forge_weapons_armor,,Tinted with gold,,gold;tinted,,,1,1,1,ItemSparse,gold-tinted:1,27.6931,0.9,False,
gold-trimmed,gold-trimm,gold-trimmed,,gold-trimm,gold-trimm,compound,gold-trimmed,,gold-trimmed,forge_weapons_armor,,Trimmed with gold,,gold;trimmed,,,1,1,1,ItemSparse,gold-trimmed:1,27.6931,0.9,False,
hole-y,hole-y,hole-y,,hole-y,hole-y,compound,hole-y,,hole-y,forge_weapons_armor,,"causing damage, piercing",,,,,1,1,1,ItemSparse,hole-y:1,27.6931,0.7,True,low_confidence
hot-burning,hot-burn,hot-burning,,hot-burn,hot-burn,compound,hot-burning,,hot-burning,forge_weapons_armor,,"burning at a high temperature, hot and fiery",,,,,1,1,1,ItemSparse,hot-burning:1,27.6931,0.3,True,low_confidence
iron-bound,iron-bound,iron-bound,,iron-bound,iron-bound,compound,iron-bound,,iron-bound,forge_weapons_armor,,made of or covered with iron,,iron;bound;encased,,,1,1,1,ItemSparse,iron-bound:1,27.6931,1.0,False,
jaw-testing,jaw-test,jaw-testing,,jaw-test,jaw-test,compound,jaw-testing,,jaw-testing,forge_weapons_armor,,challenging or testing one's jaw or teeth,,,,,1,1,1,ItemSparse,jaw-testing:1,27.6931,1.0,False,
kobold-crafted,kobold-craft,kobold-crafted,,kobold-craft,kobold-craft,compound,kobold-crafted,,kobold-crafted,forge_weapons_armor,,"made or crafted by kobolds, often in a crude or primitive manner",,crafted;made;primitive,refined;polished,,1,1,1,ItemSparse,kobold-crafted:1,27.6931,0.8,False,
liquid-filled,liquid-fill,liquid-filled,,liquid-fill,liquid-fill,compound,liquid-filled,,liquid-filled,forge_weapons_armor,,containing a liquid,,fluid;pulsating;gushing,,,1,1,1,ItemSparse,liquid-filled:1,27.6931,0.5,True,low_confidence
long-lasting,long-last,long-lasting,,long-last,long-last,compound,long-lasting,,long-lasting,forge_weapons_armor,,lasting for a long time,,enduring;perpetual;eternal,,,1,1,1,ItemSparse,long-lasting:1,27.6931,0.3,True,low_confidence
meat-covered,meat-cover,meat-covered,,meat-cover,meat-cover,compound,meat-covered,,meat-covered,forge_weapons_armor,,covered in meat,,,,,1,1,1,ItemSparse,meat-covered:1,27.6931,1.0,False,
mirror-like,mirror-like,mirror-like,,mirror-like,mirror-like,compound,mirror-like,,mirror-like,forge_weapons_armor,,having a reflective surface or appearance,,,,,1,1,1,ItemSparse,mirror-like:1,27.6931,1.0,False,
monel-hardened,monel-harden,monel-hardened,,monel-harden,monel-harden,compound,monel-hardened,,monel-hardened,forge_weapons_armor,,made strong or hardened with Monel metal,,strong;hardened;metal,weak;soft,,1,1,1,ItemSparse,monel-hardened:1,27.6931,0.9,False,
near-complete,near-complete,near-complete,,near-complete,near-complete,compound,near-complete,,near-complete,forge_weapons_armor,,almost fully formed or made,,complete;fully-formed;made,incomplete;unfinished,,1,1,1,JournalEncounter,near-complete:1,27.6931,0.7,True,low_confidence
near-perfect,near-perfect,near-perfect,,near-perfect,near-perfect,compound,near-perfect,,near-perfect,forge_weapons_armor,,almost perfectly formed or made,,perfect;fully-formed;made,imperfect;incomplete,,1,1,1,ItemSparse,near-perfect:1,27.6931,0.3,True,low_confidence
night-vision,night-vision,night-vision,,night-vision,night-vision,compound,night-vision,,night-vision,forge_weapons_armor,,vision at night,,vision;family;words,,,1,1,1,ItemSparse,night-vision:1,27.6931,0.6,True,low_confidence
normally-sized,normally-siz,normally-sized,,normally-siz,normally-siz,compound,normally-sized,,normally-sized,forge_weapons_armor,,usually sized,,sized;family;words,,,1,1,1,ItemSparse,normally-sized:1,27.6931,0.8,False,
pan-seared,pan-sear,pan-seared,,pan-sear,pan-sear,compound,pan-seared,,pan-seared,forge_weapons_armor,,cooked in a pan with oil or fat,,,,,1,1,1,ItemSparse,pan-seared:1,27.6931,0.9,False,
paper-thin,paper-thin,paper-thin,,paper-thin,paper-thin,compound,paper-thin,,paper-thin,forge_weapons_armor,,"extremely thin, like paper",,,,,1,1,1,ItemSparse,paper-thin:1,27.6931,0.8,False,
paw-made,paw-made,paw-made,,paw-made,paw-made,compound,paw-made,,paw-made,forge_weapons_armor,,"made by a cat or animal, specifically with their paws",,,,,1,1,1,ItemSparse,paw-made:1,27.6931,0.7,True,low_confidence
perfectly-cooked,perfectly-cook,perfectly-cooked,,perfectly-cook,perfectly-cook,compound,perfectly-cooked,,perfectly-cooked,forge_weapons_armor,,"cooked to a perfect level of doneness, often used to describe food",,,,,1,1,1,ItemSparse,perfectly-cooked:1,27.6931,0.9,False,
pinch-proof,pinch-proof,pinch-proof,,pinch-proof,pinch-proof,compound,pinch-proof,,pinch-proof,forge_weapons_armor,,"able to withstand being pinched or squeezed, often used to describe a type of material or container",,,,,1,1,1,ItemSparse,pinch-proof:1,27.6931,0.8,False,
precisely-carved,precisely-carv,precisely-carved,,precisely-carv,precisely-carv,compound,precisely-carved,,precisely-carved,forge_weapons_armor,,something that has been precisely carved or shaped,,carved;shaped;crafted,rough;unshapen;imperfect,,1,1,1,ItemSparse,precisely-carved:1,27.6931,0.1,True,low_confidence
purpose-built,purpose-built,purpose-built,,purpose-built,purpose-built,compound,purpose-built,,purpose-built,forge_weapons_armor,,built for a specific purpose,,designed;engineered;crafted,,,1,1,1,ItemSparse,purpose-built:1,27.6931,1.0,False,
purposefully-dulled,purposefully-dull,purposefully-dulled,,purposefully-dull,purposefully-dull,compound,purposefully-dulled,,purposefully-dulled,forge_weapons_armor,,made dull on purpose,,blunted;dull;unsharpened,,,1,1,1,ItemSparse,purposefully-dulled:1,27.6931,1.0,False,
right-sized,right-siz,right-sized,,right-siz,right-siz,compound,right-sized,,right-sized,forge_weapons_armor,,having the correct or suitable size for a particular purpose or activity,,size;suitable;correct,wrong-sized;inadequate,,1,1,1,ItemSparse,right-sized:1,27.6931,0.7,True,low_confidence
rock-hard,rock-hard,rock-hard,,rock-hard,rock-hard,compound,rock-hard,,rock-hard,forge_weapons_armor,,"hard as rock, possibly in a martial or crafting context",,hard;tough,,,1,1,1,ItemSparse,rock-hard:1,27.6931,0.8,False,
rock-steady,rock-steady,rock-steady,,rock-steady,rock-steady,compound,rock-steady,,rock-steady,forge_weapons_armor,,"stable or steady as a rock, possibly in a martial or crafting context",,steady;stable,,,1,1,1,ItemSparse,rock-steady:1,27.6931,0.9,False,
rough-hewn,rough-hewn,rough-hewn,,rough-hewn,rough-hewn,compound,rough-hewn,,rough-hewn,forge_weapons_armor,,"coarsely or roughly shaped, possibly in a crafting or martial context",,hewn;coarse,,,1,1,1,ItemSparse,rough-hewn:1,27.6931,0.8,False,
rust-free,rust-free,rust-free,,rust-free,rust-free,compound,rust-free,,rust-free,forge_weapons_armor,,"free from rust, possibly in a crafting or martial context",,rust;free,,,1,1,1,ItemSparse,rust-free:1,27.6931,0.8,False,
rusty-o,rusty-o,rusty-o,,rusty-o,rusty-o,compound,rusty-o,,rusty-o,forge_weapons_armor,,"a rusty or corroded object, possibly in a crafting or martial context",,rust;corrode,,,1,1,1,ItemSparse,rusty-o:1,27.6931,0.7,True,low_confidence
saucy-looking,saucy-look,saucy-looking,,saucy-look,saucy-look,compound,saucy-looking,,saucy-looking,forge_weapons_armor,,looking like a sauce or condiment,,flavorful;tasty;edible,,,1,1,1,ItemSparse,saucy-looking:1,27.6931,0.8,False,
self-pouring,self-pour,self-pouring,,self-pour,self-pour,compound,self-pouring,,self-pouring,forge_weapons_armor,,pouring liquid into oneself or a container,,pour;flow;stream,stop;halt;cease,,1,1,1,ItemSparse,self-pouring:1,27.6931,0.4,True,low_confidence
self-sharpening,self-sharpen,self-sharpening,,self-sharpen,self-sharpen,compound,self-sharpening,,self-sharpening,forge_weapons_armor,,sharpening oneself or one's own tools,,sharpen;harden;temper,dull;blunt;unsharp,,1,1,1,ItemSparse,self-sharpening:1,27.6931,0.9,False,
self-stirring,self-stirr,self-stirring,,self-stirr,self-stirr,compound,self-stirring,,self-stirring,forge_weapons_armor,,stirring oneself or a liquid,,stir;mix;blend,still;stationary;inactive,,1,1,1,ItemSparse,self-stirring:1,27.6931,0.8,False,
specially-tempered,specially-temper,specially-tempered,,specially-temper,specially-temper,compound,specially-tempered,,specially-tempered,forge_weapons_armor,,having a special or unique tempering,,temper;heat;treat,untreated;untempered;raw,,1,1,1,ItemSparse,specially-tempered:1,27.6931,0.8,False,
spit-polish,spit-polish,spit-polish,,spit-polish,spit-polish,compound,spit-polish,,spit-polish,forge_weapons_armor,,a type of polish or finish for metal,,polish;finish;shine,dull;matte;unpolished,,1,1,1,ItemSparse,spit-polish:1,27.6931,0.7,True,low_confidence
split-lens,split-len,split-lens,,split-len,split-len,compound,split-lens,,split-lens,forge_weapons_armor,,a type of lens or optical device,,lens;optical;device,single;whole;intact,,1,1,1,ItemSparse,split-lens:1,27.6931,0.8,False,
square-cut,square-cut,square-cut,,square-cut,square-cut,compound,square-cut,,square-cut,forge_weapons_armor,,having a square or rectangular shape,,shape;form;design,round;curved;irregular,,1,1,1,ItemSparse,square-cut:1,27.6931,0.9,False,
stab-proof,stab-proof,stab-proof,,stab-proof,stab-proof,compound,stab-proof,,stab-proof,forge_weapons_armor,,able to withstand or resist stabbing,,withstand;resist;endure,vulnerable;exposed;unprotected,,1,1,1,ItemSparse,stab-proof:1,27.6931,0.7,True,low_confidence
super-weapon,super-weapon,super-weapon,,super-weapon,super-weapon,compound,super-weapon,,super-weapon,forge_weapons_armor,,a powerful weapon,,war_machine;depraved,,,1,1,1,JournalEncounter,super-weapon:1,27.6931,0.8,False,
talon-scratched,talon-scratch,talon-scratched,,talon-scratch,talon-scratch,compound,talon-scratched,,talon-scratched,forge_weapons_armor,,a type of damage or injury to a surface,,runes;wood,,,1,1,1,ItemSparse,talon-scratched:1,27.6931,0.7,True,low_confidence
thin-walled,thin-wall,thin-walled,,thin-wall,thin-wall,compound,thin-walled,,thin-walled,forge_weapons_armor,,having a thin wall or structure,,wall;structure;thin,,,1,1,1,ItemSparse,thin-walled:1,27.6931,0.9,False,
three-holed,three-hol,three-holed,,three-hol,three-hol,compound,three-holed,,three-holed,forge_weapons_armor,,having three holes or openings,,hole;opening;three,,,1,1,1,ItemSparse,three-holed:1,27.6931,0.9,False,
torus-shaped,torus-shap,torus-shaped,,torus-shap,torus-shap,compound,torus-shaped,,torus-shaped,forge_weapons_armor,,having a torus or doughnut shape,,ring;doughnut,,,1,1,1,JournalEncounterSection,torus-shaped:1,27.6931,0.8,False,
triple-fork,triple-fork,triple-fork,,triple-fork,triple-fork,compound,triple-fork,,triple-fork,forge_weapons_armor,,"a fork with three prongs, especially one used for eating or cooking",,fork;pronged,,,1,1,1,ItemSparse,triple-fork:1,27.6931,0.8,False,
triple-reinforced,triple-reinforc,triple-reinforced,,triple-reinforc,triple-reinforc,compound,triple-reinforced,,triple-reinforced,forge_weapons_armor,,"reinforced or strengthened with three layers of material, especially metal",,reinforced;strengthened,,,1,1,1,ItemSparse,triple-reinforced:1,27.6931,0.9,False,
triple-walled,triple-wall,triple-walled,,triple-wall,triple-wall,compound,triple-walled,,triple-walled,forge_weapons_armor,,"having three layers or walls, especially of a container or vessel",,walled;layered,,,1,1,1,ItemSparse,triple-walled:1,27.6931,0.8,False,
truesilver-wrought,truesilver-wrought,truesilver-wrought,,truesilver-wrought,truesilver-wrought,compound,truesilver-wrought,,truesilver-wrought,forge_weapons_armor,,"made or crafted from truesilver, especially in terms of its quality or appearance",,crafted;made,,,1,1,1,ItemSparse,truesilver-wrought:1,27.6931,0.8,False,
tusk-rings,tusk-ring,tusk-rings,,tusk-ring,tusk-ring,compound,tusk-rings,,tusk-rings,forge_weapons_armor,,armor or protective gear,,ring;protection,,,1,1,1,ItemSparse,tusk-rings:1,27.6931,1.0,False,
twin-bladed,twin-blad,twin-bladed,,twin-blad,twin-blad,compound,twin-bladed,,twin-bladed,forge_weapons_armor,,weapon with two blades,,blade;weapon,,,1,1,1,ItemSparse,twin-bladed:1,27.6931,1.0,False,
ultra-flash,ultra-flash,ultra-flash,,ultra-flash,ultra-flash,compound,ultra-flash,,ultra-flash,forge_weapons_armor,,"something that is extremely bright or flashy, especially in a magical sense",,bright;flashy;magical,dull;unimpressive,,1,1,1,ItemSparse,ultra-flash:1,27.6931,0.7,True,low_confidence
up-feathered,up-feather,up-feathered,,up-feather,up-feather,compound,up-feathered,,up-feathered,forge_weapons_armor,,"having feathers or plumage that are raised or standing upright, especially in a decorative sense",,feathers;plumage;decorative,flat;smooth,,1,1,1,ItemSparse,up-feathered:1,27.6931,0.9,False,
water-proofed,water-proof,water-proofed,,water-proof,water-proof,compound,water-proofed,,water-proofed,forge_weapons_armor,,protected from water damage,,weather-proof;water-resistant,water-damaged;ruined,,1,1,1,ItemSparse,water-proofed:1,27.6931,0.7,True,low_confidence
weapon-making,weapon-mak,weapon-making,,weapon-mak,weapon-mak,compound,weapon-making,,weapon-making,forge_weapons_armor,,"the creation or crafting of weapons, often used to describe craftsmanship or skill",,craft;skill;artisanship,ineptitude;incompetence,,1,1,1,ItemSparse,weapon-making:1,27.6931,0.8,False,
weather-proof,weather-proof,weather-proof,,weather-proof,weather-proof,compound,weather-proof,,weather-proof,forge_weapons_armor,,"protected from the weather, often used to describe durability or resilience",,waterproof;windproof,vulnerable;exposed,,1,1,1,ItemSparse,weather-proof:1,27.6931,0.6,True,low_confidence
well-built,well-built,well-built,,well-built,well-built,compound,well-built,,well-built,forge_weapons_armor,,"strongly constructed or built, often used to describe durability or resilience",,sturdy;solid,weak;fragile,,1,1,1,ItemSparse,well-built:1,27.6931,0.1,True,low_confidence
well-carved,well-carv,well-carved,,well-carv,well-carv,compound,well-carved,,well-carved,forge_weapons_armor,,"skillfully or intricately carved, often used to describe craftsmanship or skill",,craft;skill;artisanship,ineptitude;incompetence,,1,1,1,ItemSparse,well-carved:1,27.6931,0.9,False,
well-constructed,well-construct,well-constructed,,well-construct,well-construct,compound,well-constructed,,well-constructed,forge_weapons_armor,,"strongly or skillfully constructed, often used to describe durability or resilience",,sturdy;solid,weak;fragile,,1,1,1,ItemSparse,well-constructed:1,27.6931,0.8,False,
well-cut,well-cut,well-cut,,well-cut,well-cut,compound,well-cut,,well-cut,forge_weapons_armor,,"skillfully or intricately cut, often used to describe craftsmanship or skill",,craft;skill;artisanship,ineptitude;incompetence,,1,1,1,ItemSparse,well-cut:1,27.6931,0.7,True,low_confidence
well-done,well-done,well-done,,well-done,well-done,compound,well-done,,well-done,forge_weapons_armor,,"skillfully or successfully completed, often used to describe craftsmanship or skill",,craft;skill;artisanship,ineptitude;incompetence,,1,1,1,ItemSparse,well-done:1,27.6931,0.4,True,low_confidence
well-forged,well-forg,well-forged,,well-forg,well-forg,compound,well-forged,,well-forged,forge_weapons_armor,,made with skill and care,,forged;tempered;honed,,,1,1,1,JournalEncounterSection,well-forged:1,27.6931,1.0,False,
well-honed,well-hon,well-honed,,well-hon,well-hon,compound,well-honed,,well-honed,forge_weapons_armor,,sharpened or made sharp,,honed;tempered;forged,,,1,1,1,JournalEncounter,well-honed:1,27.6931,1.0,False,
wood-fired,wood-fir,wood-fired,,wood-fir,wood-fir,compound,wood-fired,,wood-fired,forge_weapons_armor,,fired with wood,,fire;wood,,,1,1,1,ItemSparse,wood-fired:1,27.6931,1.0,False,
worm-free,worm-free,worm-free,,worm-free,worm-free,compound,worm-free,,worm-free,forge_weapons_armor,,free from worms,,worm;free,,,1,1,1,ItemSparse,worm-free:1,27.6931,1.0,False,
armor,armor,armor,,armor,armor,base,armor,,,forge_weapons_armor,,protective clothing or equipment worn to prevent injury,,clothing;equipment;protection,,,423,394,5,BroadcastText;ItemNameDescription;ItemSparse;JournalEncounter;JournalEncounterSection,armor:423,16.0497,0.8,False,
cloak,cloak,cloak,,cloak,cloak,base,cloak,,,forge_weapons_armor,,"a piece of clothing that covers the body, especially from the neck to the waist",,coat;cape,,,154,154,5,BroadcastText;ItemNameDescription;ItemSparse;JournalEncounter;JournalEncounterSection,cloak:154,15.0434,0.9,False,
blazing,blaz,blazing,,blaz,blaz,inflected_form,blazing,,,forge_weapons_armor,,burning fiercely or intensely,,fiery;flaming;glowing,,,143,128,5,BroadcastText;ItemNameDescription;ItemSparse;JournalEncounter;JournalEncounterSection,blazing:143,14.9698,0.7,True,low_confidence
wall,wall,wall,,wall,wall,base,wall,,,forge_weapons_armor,,a structure built to enclose or divide a space,,barrier;obstacle,,,87,75,5,BroadcastText;ItemNameDescription;ItemSparse;JournalEncounter;JournalEncounterSection,wall:87,14.4773,1.0,False,
chains,chain,chains,,chain,chain,inflected_form,chains,,,forge_weapons_armor,,metal links or rings connected together,,shackles;restraints,,,74,65,5,BroadcastText;ItemNameDescription;ItemSparse;JournalEncounter;JournalEncounterSection,chains:74,14.3175,0.7,True,low_confidence
piece,piece,piece,,piece,piece,base,piece,,,forge_weapons_armor,,a part of something larger,,fragment;section,,,525,522,4,BroadcastText;ItemSparse;JournalEncounter;JournalEncounterSection,piece:525,14.2653,0.8,False,
volatile,volatile,volatile,,volatile,volatile,base,volatile,,,goblin_engineering_alchemy,,"liable to change or explode suddenly, unstable",,overcharged;blasted;detonated,stable;calm;peaceful,,130,112,3,ItemSparse;JournalEncounter;JournalEncounterSection,volatile:130,90.8752,0.9,False,
overcharged,overcharg,overcharged,,overcharg,overcharg,inflected_form,overcharged,,,goblin_engineering_alchemy,,"filled or loaded with too much of something, often to the point of being unstable or explosive",,volatile;blasted;detonated,stable;calm;peaceful,,27,23,2,ItemSparse;JournalEncounterSection,overcharged:27,87.3322,0.9,False,
brew,brew,brew,,brew,brew,base,brew,,,goblin_engineering_alchemy,,"to prepare or mix a liquid substance, especially for medicinal or magical purposes",,mix;prepare,,,125,110,5,BroadcastText;ItemNameDescription;ItemSparse;JournalEncounter;JournalEncounterSection,brew:125,44.8363,0.1,True,low_confidence
scrap,scrap,scrap,,scrap,scrap,base,scrap,,,goblin_engineering_alchemy,,"a small piece of something, often discarded or worthless",,gizmo;gadget,,,47,45,4,BroadcastText;ItemSparse;JournalEncounter;JournalEncounterSection,scrap:47,41.8712,1.0,False,
blasting,blast,blasting,,blast,blast,inflected_form,blasting,,,goblin_engineering_alchemy,,causing something to explode or break apart with force,,explosion;blast;shattering,,,18,18,3,BroadcastText;ItemSparse;JournalEncounterSection,blasting:18,38.9444,1.0,False,
coil,coil,coil,,coil,coil,base,coil,,,goblin_engineering_alchemy,,"a spiral or curved shape, especially one made from a rope or wire",,spiral;curved;twisted,,,17,17,3,ItemNameDescription;ItemSparse;JournalEncounterSection,coil:17,38.8904,1.0,False,
rocket,rocket,rocket,,rocket,rocket,base,rocket,,,goblin_engineering_alchemy,,a vehicle that travels through the air using a rocket engine,,vehicle;engine;propulsion,,,35,34,2,ItemSparse;JournalEncounterSection,rocket:35,37.5835,1.0,False,
gizmo,gizmo,gizmo,,gizmo,gizmo,base,gizmo,,,goblin_engineering_alchemy,,"a small, intricate device or gadget",,device;gadget;intricate,large;complex,,5,5,2,BroadcastText;ItemSparse,gizmo:5,35.7918,0.9,False,
rigged,rigg,rigged,,rigg,rigg,inflected_form,rigged,,,goblin_engineering_alchemy,,prepared or set up in a way that is likely to fail or cause problems,,prepare;set up;fail,stable;reliable,,3,3,2,ItemSparse;JournalEncounterSection,rigged:3,35.3863,0.9,False,
gadget,gadget,gadget,,gadget,gadget,base,gadget,,,goblin_engineering_alchemy,,a device or tool used for a specific purpose,,device;tool;machine,primitive;unsophisticated,,5,5,1,ItemSparse,gadget:5,33.7918,0.8,False,
booster,booster,booster,,booster,booster,base,booster,,,goblin_engineering_alchemy,,a device or substance that increases power or speed,,accelerator;enhancer;amplifier,brake;inhibitor;depressor,,2,2,1,ItemSparse,booster:2,33.0986,0.9,False,
detonator,detonator,detonator,,detonator,detonator,base,detonator,,,goblin_engineering_alchemy,,a device that causes an explosion or detonation,,explosive;bomb;mine,non-explosive;safe;stable,,1,1,1,ItemSparse,detonator:1,32.6931,0.8,False,
coin-operated,coin-operate,coin-operated,,coin-operate,coin-operate,compound,coin-operated,,coin-operated,goblin_engineering_alchemy,,"Coin-operated machine, goblin engineering",,crowd pummeler;machine,,,4,4,3,ItemSparse;JournalEncounter;JournalEncounterSection,coin-operated:4,32.6094,1.0,False,
non-engineers,non-engineer,non-engineers,,non-engineer,non-engineer,compound,non-engineers,,non-engineers,goblin_engineering_alchemy,,people who are not engineers,,laymen;amateurs;novices,engineers;experts;professionals,,16,16,1,ItemSparse,non-engineers:16,29.8332,0.8,False,
ez-thro,ez-thro,ez-thro,,ez-thro,ez-thro,compound,ez-thro,,ez-thro,goblin_engineering_alchemy,,a type of dynamite or explosive device,,dynamite;explosive;blast,non-explosive;safe;stable,,10,10,1,ItemSparse,ez-thro:10,29.3979,0.7,True,low_confidence
a-n,a-n,a-n,,a-n,a-n,compound,a-n,,a-n,goblin_engineering_alchemy,,an abbreviation or code word,,abbreviation;code,,,4,4,1,ItemSparse,a-n:4,28.6094,0.9,False,
boom-o-matic,boom-o-matic,boom-o-matic,,boom-o-matic,boom-o-matic,compound,boom-o-matic,,boom-o-matic,goblin_engineering_alchemy,,a device or machine that produces a loud noise,,device;machine;noise,,,4,2,1,ItemSparse,boom-o-matic:4,28.6094,0.8,False,
high-propulsion,high-propulsion,high-propulsion,,high-propulsion,high-propulsion,compound,high-propulsion,,high-propulsion,goblin_engineering_alchemy,,having a high level of propulsion or speed,,propulsion;speed,,,4,4,1,ItemSparse,high-propulsion:4,28.6094,0.8,False,
m-a-l,m-a-l,m-a-l,,m-a-l,m-a-l,compound,m-a-l,,m-a-l,goblin_engineering_alchemy,,an abbreviation or code word,,abbreviation;code,,,4,4,1,ItemSparse,m-a-l:4,28.6094,0.9,False,
hand-sewn,hand-sewn,hand-sewn,,hand-sewn,hand-sewn,compound,hand-sewn,,hand-sewn,goblin_engineering_alchemy,,"sewn by hand, often with care and attention to detail",,craft;skill;artisan,machine-made;mass-produced,,3,3,1,ItemSparse,hand-sewn:3,28.3863,0.8,False,
pleasure-bot,pleasure-bot,pleasure-bot,,pleasure-bot,pleasure-bot,compound,pleasure-bot,,pleasure-bot,goblin_engineering_alchemy,,a robot or machine designed for pleasure or entertainment,,amusement;entertainment;leisure,work;labor;toil,,3,3,1,BroadcastText,pleasure-bot:3,28.3863,0.8,False,
self-trimming,self-trimm,self-trimming,,self-trimm,self-trimm,compound,self-trimming,,self-trimming,goblin_engineering_alchemy,,"capable of trimming or adjusting itself, often in a mechanical context",,machine;device;technology,manual;human-operated,,3,3,1,JournalEncounterSection,self-trimming:3,28.3863,0.8,False,
spring-loaded,spring-load,spring-loaded,,spring-load,spring-load,compound,spring-loaded,,spring-loaded,goblin_engineering_alchemy,,"having or being a spring-loaded mechanism, often in a mechanical context",,machine;device;technology,manual;human-operated,,3,3,1,ItemSparse,spring-loaded:3,28.3863,0.9,False,
mecha-bytes,mecha-byte,mecha-bytes,,mecha-byte,mecha-byte,compound,mecha-bytes,,mecha-bytes,goblin_engineering_alchemy,,a unit of measurement or quantity associated with mechanical systems,,,,,2,2,1,ItemSparse,mecha-bytes:2,28.0986,0.6,True,low_confidence
mecha-mogul,mecha-mogul,mecha-mogul,,mecha-mogul,mecha-mogul,compound,mecha-mogul,,mecha-mogul,goblin_engineering_alchemy,,a person or thing associated with mechanical systems or innovation,,,,,2,2,1,ItemSparse,mecha-mogul:2,28.0986,0.8,False,
remote-controlled,remote-controll,remote-controlled,,remote-controll,remote-controll,compound,remote-controlled,,remote-controlled,goblin_engineering_alchemy,,controlled from a distance,,control;operate;manipulate,manual;hands-on;direct,,2,2,1,JournalEncounterSection,remote-controlled:2,28.0986,0.9,False,
al-vitrade,al-vitrade,al-vitrade,,al-vitrade,al-vitrade,compound,al-vitrade,,al-vitrade,goblin_engineering_alchemy,,"trade, alchemy, vitrification",,trade;alchemy;vitrification,,,1,1,1,BroadcastText,al-vitrade:1,27.6931,0.5,True,low_confidence
crazy-juice,crazy-juice,crazy-juice,,crazy-juice,crazy-juice,compound,crazy-juice,,crazy-juice,goblin_engineering_alchemy,,a strange or unusual liquid substance,,bizarre;unusual;exotic,normal;ordinary,,1,1,1,ItemSparse,crazy-juice:1,27.6931,0.7,True,low_confidence
discom-bomb-ulator,discom-bomb-ulator,discom-bomb-ulator,,discom-bomb-ulator,discom-bomb-ulator,compound,discom-bomb-ulator,,discom-bomb-ulator,goblin_engineering_alchemy,,a device used for disarming or disabling enemies,,bomb;disarm;disable,,,1,1,1,JournalEncounterSection,discom-bomb-ulator:1,27.6931,0.7,True,low_confidence
dubiously-crafted,dubiously-craft,dubiously-crafted,,dubiously-craft,dubiously-craft,compound,dubiously-crafted,,dubiously-crafted,goblin_engineering_alchemy,,made or created in a questionable or uncertain manner,,craft;make;create,skillfully-made;expertly-crafted,,1,1,1,ItemSparse,dubiously-crafted:1,27.6931,0.1,True,low_confidence
energy-pods,energy-pod,energy-pods,,energy-pod,energy-pod,compound,energy-pods,,energy-pods,goblin_engineering_alchemy,,small containers or devices that store and release energy,,energy;pods;containers,,,1,1,1,ItemSparse,energy-pods:1,27.6931,1.0,False,
experiementation--and,experiementation--and,experiementation--and,,experiementation--and,experiementation--and,compound,experiementation--and,,experiementation--and,goblin_engineering_alchemy,,a term referring to the process of experimenting or testing new ideas and technologies,,experiment;test;technology,,,1,1,1,JournalEncounter,experiementation--and:1,27.6931,1.0,False,
giga-juiced,giga-juic,giga-juiced,,giga-juic,giga-juic,compound,giga-juiced,,giga-juiced,goblin_engineering_alchemy,,infused with giga juice,,giga;juice;engineering,,,1,1,1,JournalEncounterSection,giga-juiced:1,27.6931,0.7,True,low_confidence
giga-rocket,giga-rocket,giga-rocket,,giga-rocket,giga-rocket,compound,giga-rocket,,giga-rocket,goblin_engineering_alchemy,,"a large rocket, likely used in goblin engineering or alchemy",,rocket;engineer;alchemist,,,1,1,1,JournalEncounterSection,giga-rocket:1,27.6931,0.9,False,
gob-trotter,gob-trotter,gob-trotter,,gob-trotter,gob-trotter,compound,gob-trotter,,gob-trotter,goblin_engineering_alchemy,,a type of goblin vehicle,,goblin;vehicle,,,1,1,1,BroadcastText,gob-trotter:1,27.6931,0.9,False,
luffa-infused,luffa-infus,luffa-infused,,luffa-infus,luffa-infus,compound,luffa-infused,,luffa-infused,goblin_engineering_alchemy,,imbued with luffa energy,,ancient;eternal;mystical,,,1,1,1,ItemNameDescription,luffa-infused:1,27.6931,0.3,True,low_confidence
mech-a-duck,mech-a-duck,mech-a-duck,,mech-a-duck,mech-a-duck,compound,mech-a-duck,,mech-a-duck,goblin_engineering_alchemy,,a type of mechanical device,,,,,1,1,1,ItemSparse,mech-a-duck:1,27.6931,1.0,False,
mechano-hog,mechano-hog,mechano-hog,,mechano-hog,mechano-hog,compound,mechano-hog,,mechano-hog,goblin_engineering_alchemy,,a type of mechanical device,,,,,1,1,1,ItemSparse,mechano-hog:1,27.6931,1.0,False,
non-mechanical,non-mechanical,non-mechanical,,non-mechanical,non-mechanical,compound,non-mechanical,,non-mechanical,goblin_engineering_alchemy,,not mechanical,,mechanical;family;words,,,1,1,1,ItemSparse,non-mechanical:1,27.6931,0.7,True,low_confidence
rascal-bot,rascal-bot,rascal-bot,,rascal-bot,rascal-bot,compound,rascal-bot,,rascal-bot,goblin_engineering_alchemy,,a type of robot or machine,,robot;machine;device,,,1,1,1,ItemSparse,rascal-bot:1,27.6931,1.0,False,
scrap-o-matic,scrap-o-matic,scrap-o-matic,,scrap-o-matic,scrap-o-matic,compound,scrap-o-matic,,scrap-o-matic,goblin_engineering_alchemy,,device for scrapping or breaking down items,,recycle;disassemble;deconstruct,,,1,1,1,ItemSparse,scrap-o-matic:1,27.6931,0.9,False,
supercollide-o-tron,supercollide-o-tron,supercollide-o-tron,,supercollide-o-tron,supercollide-o-tron,compound,supercollide-o-tron,,supercollide-o-tron,goblin_engineering_alchemy,,a device that collides particles at high speed,,tinker;craft,,,1,1,1,ItemSparse,supercollide-o-tron:1,27.6931,0.9,False,
tinker-tron,tinker-tron,tinker-tron,,tinker-tron,tinker-tron,compound,tinker-tron,,tinker-tron,goblin_engineering_alchemy,,a device made by goblins for tinkering,,gizmo;gadget,,,1,1,1,ItemSparse,tinker-tron:1,27.6931,0.9,False,
tunnel-tron,tunnel-tron,tunnel-tron,,tunnel-tron,tunnel-tron,compound,tunnel-tron,,tunnel-tron,goblin_engineering_alchemy,,"a device or machine used for digging or excavating tunnels, especially one made by goblins",,machine;device,,,1,1,1,BroadcastText,tunnel-tron:1,27.6931,0.9,False,
turbo-junker,turbo-junker,turbo-junker,,turbo-junker,turbo-junker,compound,turbo-junker,,turbo-junker,goblin_engineering_alchemy,,engineer or inventor,,craft;tool,,,1,1,1,ItemSparse,turbo-junker:1,27.6931,1.0,False,
vulpera-made,vulpera-made,vulpera-made,,vulpera-made,vulpera-made,compound,vulpera-made,,vulpera-made,goblin_engineering_alchemy,,"relating to or characteristic of the Vulpera, a fictional race in World of Warcraft",,Vulpera;feline;humanoid,man-made;machine-made;artificial,,1,1,1,ItemSparse,vulpera-made:1,27.6931,0.6,True,low_confidence
xiang-su,xiang-su,xiang-su,,xiang-su,xiang-su,compound,xiang-su,,xiang-su,goblin_engineering_alchemy,,a person or thing related to Xiang-Su,,Xiang-Su;person;thing,,,1,1,1,ItemSparse,xiang-su:1,27.6931,1.0,False,
yaungol-style,yaungol-style,yaungol-style,,yaungol-style,yaungol-style,compound,yaungol-style,,yaungol-style,goblin_engineering_alchemy,,a style related to Yaungol,,Yaungol;style,,,1,1,1,ItemSparse,yaungol-style:1,27.6931,1.0,False,
radiant,radiant,radiant,,radiant,radiant,base,radiant,,,holy / hallow / hallowed / sacred / consecrated,,"shining or glowing with light, especially a divine or magical light",,glowing;shining,,,105,99,5,BroadcastText;ItemNameDescription;ItemSparse;JournalEncounter;JournalEncounterSection,radiant:105,44.6634,0.6,True,low_confidence
sacred,sacr,sacred,,sacr,sacr,inflected_form,sacred,,,holy / hallow / hallowed / sacred / consecrated,,considered or treated as holy or worthy of reverence,,holy;revered;respected,profane;unholy,,88,85,4,BroadcastText;ItemSparse;JournalEncounter;JournalEncounterSection,sacred:88,42.4886,0.1,True,low_confidence
blessed,bless,blessed,,bless,bless,inflected_form,blessed,,,holy / hallow / hallowed / sacred / consecrated,,considered or declared to be holy or sacred,,sanctified;consecrated;venerated,cursed;damned;unholy,,66,66,3,BroadcastText;ItemSparse;JournalEncounterSection,blessed:66,40.2047,0.8,False,
moon-blessed,moon-bless,moon-blessed,,moon-bless,moon-bless,compound,moon-blessed,,moon-blessed,holy / hallow / hallowed / sacred / consecrated,,blessed or favored by the moon,,,,,2,2,1,ItemSparse,moon-blessed:2,28.0986,0.8,False,
trial,trial,trial,,trial,trial,base,trial,,,law_oath_crime,,"a test or examination of someone's abilities, knowledge, or character",,test;examination;evaluation,ease;comfort,,56,50,5,BroadcastText;ItemNameDescription;ItemSparse;JournalEncounter;JournalEncounterSection,trial:56,44.0431,0.0,True,low_confidence
banished,banish,banished,,banish,banish,inflected_form,banished,,,law_oath_crime,,"officially excluded or expelled from a place, typically as a punishment",,exiled;outcast;estranged,,,31,29,4,BroadcastText;ItemSparse;JournalEncounter;JournalEncounterSection,banished:31,41.4657,1.0,False,
oath,oath,oath,,oath,oath,base,oath,,,law_oath_crime,,"a promise or vow, typically one that is sworn on a sacred object or in the presence of a higher power",,vow;promise;pledge,,,31,30,4,BroadcastText;ItemNameDescription;ItemSparse;JournalEncounterSection,oath:31,41.4657,1.0,False,
judgment,judgment,judgment,,judgment,judgment,base,judgment,,,law_oath_crime,,"the act of making a decision or giving an opinion about something, especially one that is considered important or serious",,decision;opinion;verdict,mercy;compassion;forgiveness,,17,17,4,BroadcastText;ItemNameDescription;ItemSparse;JournalEncounterSection,judgment:17,40.8904,0.9,False,
prisoner,prisoner,prisoner,,prisoner,prisoner,base,prisoner,,,law_oath_crime,,"a person who is being held in a prison or jail, especially one that is considered to be innocent or unjustly treated",,captain;detainee;imprisoned,free;liberated;released,,15,14,4,BroadcastText;ItemSparse;JournalEncounter;JournalEncounterSection,prisoner:15,40.7726,0.8,False,
absolution,absolution,absolution,,absolution,absolution,base,absolution,,,law_oath_crime,,"forgiveness or pardon, especially for a sin or wrongdoing",,pardon;forgiveness;mercy,guilt;shame;punishment,,11,11,4,BroadcastText;ItemSparse;JournalEncounter;JournalEncounterSection,absolution:11,40.4849,0.9,False,
sentence,sentence,sentence,,sentence,sentence,base,sentence,,,law_oath_crime,,a statement or phrase expressing a judgment or decision,,judgment;decision;verdict,acquittal;pardon;mercy,,9,9,4,BroadcastText;ItemNameDescription;ItemSparse;JournalEncounterSection,sentence:9,40.3026,0.9,False,
punish,punish,punish,,punish,punish,base,punish,,,law_oath_crime,,to inflict a penalty or punishment on someone,,penalize;discipline;reprimand,reward;praise;commend,,8,8,4,BroadcastText;ItemSparse;JournalEncounter;JournalEncounterSection,punish:8,40.1972,0.8,False,
justice,justice,justice,,justice,justice,base,justice,,,law_oath_crime,,fairness or righteousness in a society,,fairness;righteousness;morality,injustice;tyranny,,36,36,3,BroadcastText;ItemSparse;JournalEncounterSection,justice:36,39.6109,1.0,False,
betrayal,betrayal,betrayal,,betrayal,betrayal,base,betrayal,,,law_oath_crime,,the act of betraying or deceiving someone,,deceit;treachery;disloyalty,,,28,27,3,BroadcastText;ItemSparse;JournalEncounter,betrayal:28,39.3673,1.0,False,
traitor,traitor,traitor,,traitor,traitor,base,traitor,,,law_oath_crime,,"a person who betrays their country, organization, or group",,betrayer;defector;renegade,,,20,20,3,BroadcastText;ItemSparse;JournalEncounter,traitor:20,39.0445,1.0,False,
ordered,order,ordered,,order,order,inflected_form,ordered,,,law_oath_crime,,given instructions or commands to do something,,command;instruction;directive,,,15,15,3,BroadcastText;ItemSparse;JournalEncounter,ordered:15,38.7726,1.0,False,
sworn,sworn,sworn,,sworn,sworn,base,sworn,,,law_oath_crime,,"given a promise or oath, especially in a formal way",,vowed;pledged;promised,,,12,12,3,BroadcastText;ItemSparse;JournalEncounter,sworn:12,38.5649,1.0,False,
condemned,condemn,condemned,,condemn,condemn,inflected_form,condemned,,,law_oath_crime,,officially declared to be guilty or punishable,,guilty;punishable;culpable,,,5,5,3,BroadcastText;ItemSparse;JournalEncounter,condemned:5,37.7918,1.0,False,
exiled,exile,exiled,,exile,exile,inflected_form,exiled,,,law_oath_crime,,forced to leave one's country or home,,banished;outcast;estranged,,,5,5,3,BroadcastText;ItemSparse;JournalEncounter,exiled:5,37.7918,1.0,False,
crime,crime,crime,,crime,crime,base,crime,,,law_oath_crime,,an act or omission that constitutes an offense against the law,,offense;transgression;violation,,,4,4,3,BroadcastText;ItemSparse;JournalEncounter,crime:4,37.6094,1.0,False,
vow,vow,vow,,vow,vow,base,vow,,,law_oath_crime,,a promise or pledge to do something,,oath;pledge;promise,betrayal;deceit;treachery,,3,3,1,BroadcastText,vow:3,33.3863,0.7,True,low_confidence
guilty,guilty,guilty,,guilty,guilty,base,guilty,,,law_oath_crime,,having committed a crime or offense,,culpable;responsible;accountable,innocent;blameless;exonerated,,1,1,1,JournalEncounter,guilty:1,32.6931,0.8,False,
self-destruct,self-destruct,self-destruct,,self-destruct,self-destruct,compound,self-destruct,,self-destruct,law_oath_crime,,"Self-Destruct, law and crime",,sequence;ship,,,8,8,2,BroadcastText;JournalEncounterSection,self-destruct:8,31.1972,1.0,False,
oath-bound,oath-bound,oath-bound,,oath-bound,oath-bound,compound,oath-bound,,oath-bound,law_oath_crime,,bound or obligated by a promise or oath,,promise;obligated;bound,,,3,3,2,BroadcastText;JournalEncounterSection,oath-bound:3,30.3863,0.9,False,
oath-breakers,oath-breaker,oath-breakers,,oath-breaker,oath-breaker,compound,oath-breakers,,oath-breakers,law_oath_crime,,people who break or violate a promise or oath,,promise;violate;break,,,3,3,2,BroadcastText;JournalEncounterSection,oath-breakers:3,30.3863,0.8,False,
closely-guarded,closely-guard,closely-guarded,,closely-guard,closely-guard,compound,closely-guarded,,closely-guarded,law_oath_crime,,"protected, defended from harm or danger",,guarded;protected,exposed;vulnerable,,2,2,2,ItemSparse;JournalEncounter,closely-guarded:2,30.0986,0.7,True,low_confidence
y-yes,y-ye,y-yes,,y-ye,y-ye,compound,y-yes,,y-yes,law_oath_crime,,an expression of agreement or confirmation,,affirmative;agreement;confirmation,no;negative;refusal,,3,3,1,BroadcastText,y-yes:3,28.3863,0.9,False,
necessary--to,necessary--to,necessary--to,,necessary--to,necessary--to,compound,necessary--to,,necessary--to,law_oath_crime,,required or essential for something to happen or be done,,need;requirement;essential,,,2,2,1,JournalEncounter,necessary--to:2,28.0986,0.7,True,low_confidence
re-establish,re-establish,re-establish,,re-establish,re-establish,compound,re-establish,,re-establish,law_oath_crime,,to establish again,,establish;settle;confirm,disrupt;interrupt;undermine,,2,2,1,JournalEncounterSection,re-establish:2,28.0986,0.9,False,
thirty-seven,thirty-seven,thirty-seven,,thirty-seven,thirty-seven,compound,thirty-seven,,thirty-seven,law_oath_crime,,the number thirty-seven,,percent;efficiency;protection,low;inefficient,,2,2,1,BroadcastText,thirty-seven:2,28.0986,0.6,True,low_confidence
co-signer,co-signer,co-signer,,co-signer,co-signer,compound,co-signer,,co-signer,law_oath_crime,,a person who signs a document or agreement with another,,partner;collaborator;associate,individual;independent,,1,1,1,ItemSparse,co-signer:1,27.6931,0.9,False,
crudely-written,crudely-written,crudely-written,,crudely-written,crudely-written,compound,crudely-written,,crudely-written,law_oath_crime,,"written in a rough or unskilled way, often indicating a lack of education or intelligence",,written;rough,,,1,1,1,ItemSparse,crudely-written:1,27.6931,0.9,False,
death--or,death--or,death--or,,death--or,death--or,compound,death--or,,death--or,law_oath_crime,,a choice between death and something else,,choice;decision;consequence,,,1,1,1,JournalEncounter,death--or:1,27.6931,0.5,True,low_confidence
edicts--and,edicts--and,edicts--and,,edicts--and,edicts--and,compound,edicts--and,,edicts--and,law_oath_crime,,laws or decrees issued by a ruler or authority,,law;decrees;regulations,freedom;liberty,,1,1,1,BroadcastText,edicts--and:1,27.6931,0.1,True,low_confidence
edicts--forever,edicts--forever,edicts--forever,,edicts--forever,edicts--forever,compound,edicts--forever,,edicts--forever,law_oath_crime,,laws or decrees that are permanent or eternal,,eternal;permanent;lasting,temporary;transient,,1,1,1,BroadcastText,edicts--forever:1,27.6931,0.1,True,low_confidence
far-fetched,far-fetch,far-fetched,,far-fetch,far-fetch,compound,far-fetched,,far-fetched,law_oath_crime,,unlikely or improbable,,implausible;unbelievable;fantastical,likely;probable;plausible,,1,1,1,ItemSparse,far-fetched:1,27.6931,0.8,False,
ill-gotten,ill-gotten,ill-gotten,,ill-gotten,ill-gotten,compound,ill-gotten,,ill-gotten,law_oath_crime,,obtained or gained in an unfair or dishonest way,,gotten;obtained;acquired,,,1,1,1,ItemSparse,ill-gotten:1,27.6931,1.0,False,
khadgar--what,khadgar--what,khadgar--what,,khadgar--what,khadgar--what,compound,khadgar--what,,khadgar--what,law_oath_crime,,a question or inquiry about a legal matter,,question;inquiry;legal,ignorance;oblivion,,1,1,1,BroadcastText,khadgar--what:1,27.6931,0.7,True,low_confidence
legacy--is,legacy--i,legacy--is,,legacy--i,legacy--i,compound,legacy--is,,legacy--is,law_oath_crime,,a reference to a legacy or inheritance in the context of law or crime,,legacy;inheritance;law,ignorance;oblivion,,1,1,1,BroadcastText,legacy--is:1,27.6931,0.7,True,low_confidence
n-no,n-no,n-no,,n-no,n-no,compound,n-no,,n-no,law_oath_crime,,a negative or refusal response,,negative;refusal;response,positive;affirmative,,1,1,1,BroadcastText,n-no:1,27.6931,0.7,True,low_confidence
oath-breaker,oath-breaker,oath-breaker,,oath-breaker,oath-breaker,compound,oath-breaker,,oath-breaker,law_oath_crime;war_conflict,,one who breaks an oath,,oath;crime;betrayal,loyal;faithful,,1,1,1,BroadcastText,oath-breaker:1,27.6931,1.0,False,
opportunity--to,opportunity--to,opportunity--to,,opportunity--to,opportunity--to,compound,opportunity--to,,opportunity--to,law_oath_crime;emotion_morality,,a chance or possibility to do something,,chance;possibility;opportune,obstacle;hindrance;barrier,,1,1,1,BroadcastText,opportunity--to:1,27.6931,0.7,True,low_confidence
otherwise--get,otherwise--get,otherwise--get,,otherwise--get,otherwise--get,compound,otherwise--get,,otherwise--get,law_oath_crime;emotion_morality,,a warning to leave or depart,,warning;departure;exit,encouragement;welcome;invitation,,1,1,1,BroadcastText,otherwise--get:1,27.6931,0.7,True,low_confidence
purpose--but,purpose--but,purpose--but,,purpose--but,purpose--but,compound,purpose--but,,purpose--but,law_oath_crime,,"a purpose, but not specified",,goal;objective;intention,,,1,1,1,BroadcastText,purpose--but:1,27.6931,1.0,False,
purpose--no,purpose--no,purpose--no,,purpose--no,purpose--no,compound,purpose--no,,purpose--no,law_oath_crime,,"a purpose, but not clear or specified",,goal;objective;intention,,,1,1,1,BroadcastText,purpose--no:1,27.6931,1.0,False,
sacrifices--will,sacrifices--will,sacrifices--will,,sacrifices--will,sacrifices--will,compound,sacrifices--will,,sacrifices--will,law_oath_crime,,"a sacrifice or offering, possibly in a context related to law or morality",,sacrifice;offer,,,1,1,1,BroadcastText,sacrifices--will:1,27.6931,0.9,False,
saved--if,saved--if,saved--if,,saved--if,saved--if,compound,saved--if,,saved--if,law_oath_crime,,condition of being saved or redeemed,,redemption;atonement;salvation,,,1,1,1,JournalEncounter,saved--if:1,27.6931,0.7,True,low_confidence
self-appointed,self-appoint,self-appointed,,self-appoint,self-appoint,compound,self-appointed,,self-appointed,law_oath_crime,,"given a position or task by oneself, without authority",,volunteer;appointed;designated,officially appointed;legitimately chosen;authorized,,1,1,1,JournalEncounter,self-appointed:1,27.6931,0.8,False,
top-secret,top-secret,top-secret,,top-secret,top-secret,compound,top-secret,,top-secret,law_oath_crime,,"a secret known only to a few people, especially those in a position of power",,classified;confidential,,,1,1,1,JournalEncounter,top-secret:1,27.6931,0.8,False,
true--the,true--the,true--the,,true--the,true--the,compound,true--the,,true--the,law_oath_crime,,"a phrase used to express agreement or confirmation, especially in a formal or official context",,agreement;confirmation,,,1,1,1,BroadcastText,true--the:1,27.6931,0.7,True,low_confidence
zero-sum,zero-sum,zero-sum,,zero-sum,zero-sum,compound,zero-sum,,zero-sum,law_oath_crime,,a situation where one side's gain is another's loss,,zero;sum,,,1,1,1,JournalEncounterSection,zero-sum:1,27.6931,1.0,False,
forbidden,forbidden,forbidden,,forbidden,forbidden,base,forbidden,,,law_oath_crime,,not allowed or permitted,,prohibited;taboo;interdicted,,,109,108,5,BroadcastText;ItemNameDescription;ItemSparse;JournalEncounter;JournalEncounterSection,forbidden:109,14.7005,0.6,True,low_confidence
jailer,jailer,jailer,,jailer,jailer,base,jailer,,,law_oath_crime,,a person who is responsible for keeping prisoners in a jail or prison,,guard;warden,,,90,80,5,BroadcastText;ItemNameDescription;ItemSparse;JournalEncounter;JournalEncounterSection,jailer:90,14.5109,1.0,False,
hallowed,hallow,hallowed,,hallow,hallow,related_concept,hallowed,,,light_holy,,"considered sacred or holy, revered",,consecrated;sanctified;blessed,profane;blasphemous;unholy,,6,6,4,BroadcastText;ItemSparse;JournalEncounter;JournalEncounterSection,hallowed:6,119.9459,0.9,False,
consecrated,consecrate,consecrated,,consecrate,consecrate,inflected_form,consecrated,,,light_holy,,"dedicated or set apart for a sacred purpose, often used to describe a place or object that is considered holy",,hallowed;sanctified;blessed,profane;blasphemous;unholy,,7,6,2,ItemSparse;JournalEncounterSection,consecrated:7,86.0794,0.9,False,
sanctified,sanctify,sanctified,,sanctify,sanctify,inflected_form,sanctified,,,light_holy,,"made or considered holy, often used to describe a place or object that is dedicated to a sacred purpose",,hallowed;consecrated;blessed,profane;blasphemous;unholy,,4,4,2,ItemSparse;JournalEncounterSection,sanctified:4,85.6094,0.9,False,
righteous,righteou,righteous,,righteou,righteou,inflected_form,righteous,,,light_holy,,"just and fair, especially in a way that is considered morally good",,good;virtuous;noble,wicked;evil;cruel,,25,24,4,BroadcastText;ItemNameDescription;ItemSparse;JournalEncounterSection,righteous:25,41.2581,0.9,False,
redemption,redemption,redemption,,redemption,redemption,base,redemption,,,light_holy,,"the act of being forgiven or saved from a bad situation, especially one that is considered morally wrong",,forgiveness;salvation;atonement,punishment;penalty;retribution,,16,15,4,BroadcastText;ItemSparse;JournalEncounter;JournalEncounterSection,redemption:16,40.8332,0.9,False,
ancestor,ancestor,ancestor,,ancestor,ancestor,base,ancestor,,,light_holy,,a person from whom one is descended,,family;kin;bloodline,,,6,6,3,BroadcastText;ItemSparse;JournalEncounter,ancestor:6,37.9459,1.0,False,
whispering,whisper,whispering,,whisper,whisper,inflected_form,whispering,,,light_holy,,making soft murmuring sounds,,hushed;murmur;gentle,loud;boisterous,,11,11,2,BroadcastText;ItemSparse,whispering:11,36.4849,0.8,False,
hallow,hallow,hallow,,hallow,hallow,base,hallow,,,light_holy,,to make or declare something sacred,,bless;sanctify;consecrate,profane;desecrate,,10,10,1,ItemSparse,hallow:10,34.3979,0.8,False,
resplendent,resplendent,resplendent,,resplendent,resplendent,base,resplendent,,,light_holy,,shining brightly and beautifully,,radiant;glowing;luminous,dull;dim,,10,10,1,ItemSparse,resplendent:10,34.3979,0.9,False,
would-be,would-be,would-be,,would-be,would-be,compound,would-be,,would-be,light_holy,,intending to be or do something,,potential;aspiring;ambitious,unwilling;reluctant;averse,,11,11,3,ItemSparse;JournalEncounter;JournalEncounterSection,would-be:11,33.4849,0.8,False,
non-invasive,non-invasive,non-invasive,,non-invasive,non-invasive,compound,non-invasive,,non-invasive,light_holy,,not causing harm or disturbance,,,,,4,4,1,ItemSparse,non-invasive:4,28.6094,0.8,False,
pain-free,pain-free,pain-free,,pain-free,pain-free,compound,pain-free,,pain-free,light_holy,,causing no pain or discomfort,,,,,4,4,1,ItemSparse,pain-free:4,28.6094,0.9,False,
sweet-smelling,sweet-smell,sweet-smelling,,sweet-smell,sweet-smell,compound,sweet-smelling,,sweet-smelling,light_holy,,having a pleasant smell,,fragrant;aromatic;scented,stinky;smelly;odorous,,3,3,1,ItemSparse,sweet-smelling:3,28.3863,0.8,False,
well-loved,well-lov,well-loved,,well-lov,well-lov,compound,well-loved,,well-loved,light_holy,,liked or cherished by many people,,beloved;cherished;adored,unloved;hated;detested,,3,3,1,ItemSparse,well-loved:3,28.3863,0.7,True,low_confidence
wh-what,wh-what,wh-what,,wh-what,wh-what,compound,wh-what,,wh-what,light_holy,,a question,,question;inquiry;query,,,2,2,1,BroadcastText,wh-what:2,28.0986,0.8,False,
a-game,a-game,a-game,,a-game,a-game,compound,a-game,,a-game,light_holy,,best effort or skill,,effort;skill;game,,,1,1,1,ItemSparse,a-game:1,27.6931,0.8,False,
a-me,a-me,a-me,,a-me,a-me,compound,a-me,,a-me,light_holy,,"me, myself",,me;myself;I,,,1,1,1,ItemSparse,a-me:1,27.6931,0.7,True,low_confidence
a-mei-zing,a-mei-z,a-mei-zing,,a-mei-z,a-mei-z,compound,a-mei-zing,,a-mei-zing,light_holy,,"amazing, wonderful",,amazing;wonderful;great,,,1,1,1,ItemSparse,a-mei-zing:1,27.6931,0.9,False,
aelric--power,aelric--power,aelric--power,,aelric--power,aelric--power,compound,aelric--power,,aelric--power,light_holy,,power of Aelric,,Aelric;power;holy,,,1,1,1,BroadcastText,aelric--power:1,27.6931,0.5,True,low_confidence
airy-die-matic,airy-die-matic,airy-die-matic,,airy-die-matic,airy-die-matic,compound,airy-die-matic,,airy-die-matic,light_holy,,"air, die, magic",,air;die;magic,,,1,1,1,ItemSparse,airy-die-matic:1,27.6931,0.4,True,low_confidence
alike--into,alike--into,alike--into,,alike--into,alike--into,compound,alike--into,,alike--into,light_holy,,"like, into, transition",,like;into;transition,,,1,1,1,JournalEncounter,alike--into:1,27.6931,0.4,True,low_confidence
battle-filled,battle-fill,battle-filled,,battle-fill,battle-fill,compound,battle-filled,,battle-filled,light_holy,,filled with battle,,war;fighting;conflict,peaceful;calm,,1,1,1,JournalEncounter,battle-filled:1,27.6931,0.8,False,
battle-mages,battle-mage,battle-mages,,battle-mage,battle-mage,compound,battle-mages,,battle-mages,light_holy,,magicians who fight in battle,,magic;warfare;combat,pacifist;non-violent,,1,1,1,JournalEncounterSection,battle-mages:1,27.6931,0.9,False,
battle-mender,battle-mender,battle-mender,,battle-mender,battle-mender,compound,battle-mender,,battle-mender,light_holy,,healer who fights in battle,,medicine;warfare;combat,harmful;detrimental,,1,1,1,JournalEncounterSection,battle-mender:1,27.6931,0.8,False,
battle-ready,battle-ready,battle-ready,,battle-ready,battle-ready,compound,battle-ready,,battle-ready,light_holy,,prepared for battle,,warfare;combat;preparation,unprepared;unready,,1,1,1,ItemSparse,battle-ready:1,27.6931,0.9,False,
battle-training,battle-train,battle-training,,battle-train,battle-train,compound,battle-training,,battle-training,light_holy,,training for battle,,warfare;combat;exercise,untrained;ineffective,,1,1,1,ItemSparse,battle-training:1,27.6931,0.8,False,
battle-weary,battle-weary,battle-weary,,battle-weary,battle-weary,compound,battle-weary,,battle-weary,light_holy,,tired from battle,,warfare;combat;fatigue,energized;refreshed,,1,1,1,JournalEncounter,battle-weary:1,27.6931,0.9,False,
battlefield-the,battlefield-the,battlefield-the,,battlefield-the,battlefield-the,compound,battlefield-the,,battlefield-the,light_holy,,the field of battle,,warfare;combat;terrain,peaceful;calm,,1,1,1,JournalEncounter,battlefield-the:1,27.6931,0.8,False,
beach-combing,beach-comb,beach-combing,,beach-comb,beach-comb,compound,beach-combing,,beach-combing,light_holy,,searching for treasures on the beach,,treasure;coastal;exploration,landlocked;unexplored,,1,1,1,ItemSparse,beach-combing:1,27.6931,0.7,True,low_confidence
beak-bite,beak-bite,beak-bite,,beak-bite,beak-bite,compound,beak-bite,,beak-bite,light_holy,,a bite from a bird's beak,,bird;injury;pain,healing;soothing,,1,1,1,ItemSparse,beak-bite:1,27.6931,0.6,True,low_confidence
bear-creature,bear-creature,bear-creature,,bear-creature,bear-creature,compound,bear-creature,,bear-creature,light_holy,,a creature that resembles a bear,,animal;monster;fantasy,human;civilized,,1,1,1,BroadcastText,bear-creature:1,27.6931,0.8,False,
beard-basted,beard-bast,beard-basted,,beard-bast,beard-bast,compound,beard-basted,,beard-basted,light_holy,,covered in a beard-like substance,,hair;fur;covering,bald;smooth,,1,1,1,ItemSparse,beard-basted:1,27.6931,0.5,True,low_confidence
beauty--and,beauty--and,beauty--and,,beauty--and,beauty--and,compound,beauty--and,,beauty--and,light_holy,,a quality of beauty and also something else,,attractiveness;charm;appeal,ugliness;repulsiveness,,1,1,1,JournalEncounter,beauty--and:1,27.6931,0.7,True,low_confidence
beginning--as,beginning--a,beginning--as,,beginning--a,beginning--a,compound,beginning--as,,beginning--as,light_holy,,"the start of something, as in the beginning",,start;initiation;commencement,end;termination,,1,1,1,BroadcastText,beginning--as:1,27.6931,0.8,False,
being--a,being--a,being--a,,being--a,being--a,compound,being--a,,being--a,light_holy,,integral part of something,,,,,1,1,1,ItemSparse,being--a:1,27.6931,0.5,True,low_confidence
bel'ameth--the,bel'ameth--the,bel'ameth--the,,bel'ameth--the,bel'ameth--the,compound,bel'ameth--the,,bel'ameth--the,light_holy,,arms of the goddess,,,,,1,1,1,BroadcastText,bel'ameth--the:1,27.6931,0.5,True,low_confidence
brena--and,brena--and,brena--and,,brena--and,brena--and,compound,brena--and,,brena--and,light_holy,,a holy person or place,,holy;sacred,profane;unholy,,1,1,1,BroadcastText,brena--and:1,27.6931,0.8,False,
bright-eye,bright-eye,bright-eye,,bright-eye,bright-eye,compound,bright-eye,,bright-eye,light_holy,,a person or thing that shines brightly,,bright;shining,dark;dim,,1,1,1,ItemSparse,bright-eye:1,27.6931,0.9,False,
brightly-colored,brightly-color,brightly-colored,,brightly-color,brightly-color,compound,brightly-colored,,brightly-colored,light_holy,,having a bright and vivid color,,colorful;vibrant,dull;drab,,1,1,1,ItemSparse,brightly-colored:1,27.6931,0.8,False,
but--have,but--have,but--have,,but--have,but--have,compound,but--have,,but--have,light_holy,,a phrase used to express a contrast or exception,,contrast;exception,always;never,,1,1,1,BroadcastText,but--have:1,27.6931,0.8,False,
can--and,can--and,can--and,,can--and,can--and,compound,can--and,,can--and,light_holy,,a phrase used to express a possibility or ability,,possibility;ability,impossible;incapable,,1,1,1,BroadcastText,can--and:1,27.6931,0.9,False,
carefully-guarded,carefully-guard,carefully-guarded,,carefully-guard,carefully-guard,compound,carefully-guarded,,carefully-guarded,light_holy,,something that is protected or kept safe with great care and attention,,guarded;protected,neglected;abandoned,,1,1,1,ItemSparse,carefully-guarded:1,27.6931,0.9,False,
cause--in,cause--in,cause--in,,cause--in,cause--in,compound,cause--in,,cause--in,light_holy,,a reason or motivation for something to happen,,reason;motivation,no reason;no cause,,1,1,1,BroadcastText,cause--in:1,27.6931,0.9,False,
dat-dat,dat-dat,dat-dat,,dat-dat,dat-dat,compound,dat-dat,,dat-dat,light_holy,,a type of reading material,,book;literature;reading,,,1,1,1,ItemSparse,dat-dat:1,27.6931,0.8,False,
eye-opening,eye-open,eye-opening,,eye-open,eye-open,compound,eye-opening,,eye-opening,light_holy,,an experience that opens one's eyes to new things,,enlightening;revealing;inspiring,blinding;obscuring;darkening,,1,1,1,BroadcastText,eye-opening:1,27.6931,0.8,False,
forget-me-not,forget-me-not,forget-me-not,,forget-me-not,forget-me-not,compound,forget-me-not,,forget-me-not,light_holy,,a type of flower,,violet;sprout,,,1,1,1,ItemSparse,forget-me-not:1,27.6931,0.8,False,
hand-delivered,hand-deliver,hand-delivered,,hand-deliver,hand-deliver,compound,hand-delivered,,hand-delivered,light_holy,,"delivered by hand, often with care or attention to detail",,hand-grown;hand-marked,,,1,1,1,ItemSparse,hand-delivered:1,27.6931,0.8,False,
hand-grown,hand-grown,hand-grown,,hand-grown,hand-grown,compound,hand-grown,,hand-grown,light_holy,,"grown by hand, often with care or attention to detail",,hand-delivered;hand-marked,,,1,1,1,BroadcastText,hand-grown:1,27.6931,0.8,False,
hand-marked,hand-mark,hand-marked,,hand-mark,hand-mark,compound,hand-marked,,hand-marked,light_holy,,"marked or labeled by hand, often with care or attention to detail",,hand-delivered;hand-grown,,,1,1,1,ItemSparse,hand-marked:1,27.6931,0.8,False,
hand-picked,hand-pick,hand-picked,,hand-pick,hand-pick,compound,hand-picked,,hand-picked,light_holy,,"picked or selected by hand, often with care or attention to detail",,,,,1,1,1,BroadcastText,hand-picked:1,27.6931,0.8,False,
hand-pounded,hand-pound,hand-pounded,,hand-pound,hand-pound,compound,hand-pounded,,hand-pounded,light_holy,,"pounded or crushed by hand, often with care or attention to detail",,,,,1,1,1,ItemSparse,hand-pounded:1,27.6931,0.8,False,
hand-scorched,hand-scorch,hand-scorched,,hand-scorch,hand-scorch,compound,hand-scorched,,hand-scorched,light_holy,,"scorched or burned by hand, often with care or attention to detail",,,,,1,1,1,ItemSparse,hand-scorched:1,27.6931,0.8,False,
hand-scrawled,hand-scrawl,hand-scrawled,,hand-scrawl,hand-scrawl,compound,hand-scrawled,,hand-scrawled,light_holy,,"scrawled or written by hand, often with care or attention to detail",,,,,1,1,1,ItemSparse,hand-scrawled:1,27.6931,0.8,False,
hand-squeezed,hand-squeez,hand-squeezed,,hand-squeez,hand-squeez,compound,hand-squeezed,,hand-squeezed,light_holy,,"squeezed or pressed by hand, often with care or attention to detail",,,,,1,1,1,ItemSparse,hand-squeezed:1,27.6931,0.8,False,
hand-washed,hand-wash,hand-washed,,hand-wash,hand-wash,compound,hand-washed,,hand-washed,light_holy,,"washed by hand, often with care or attention to detail",,,,,1,1,1,ItemSparse,hand-washed:1,27.6931,0.8,False,
hand-written,hand-written,hand-written,,hand-written,hand-written,compound,hand-written,,hand-written,light_holy,,"written by hand, often with care or attention to detail",,,,,1,1,1,ItemSparse,hand-written:1,27.6931,0.8,False,
health-conscious,health-consciou,health-conscious,,health-consciou,health-consciou,compound,health-conscious,,health-conscious,light_holy,,"concerned with or promoting health, often in a way that is mindful of physical or mental well-being",,,,,1,1,1,ItemSparse,health-conscious:1,27.6931,0.8,False,
healthy-looking,healthy-look,healthy-looking,,healthy-look,healthy-look,compound,healthy-looking,,healthy-looking,light_holy,,"appearing to be healthy or in good condition, often due to physical characteristics or appearance",,,,,1,1,1,ItemSparse,healthy-looking:1,27.6931,0.8,False,
healthy-sized,healthy-siz,healthy-sized,,healthy-siz,healthy-siz,compound,healthy-sized,,healthy-sized,light_holy,,"of a size that is considered healthy or normal, often in relation to physical characteristics or appearance",,,,,1,1,1,ItemSparse,healthy-sized:1,27.6931,0.8,False,
heart-shaped,heart-shap,heart-shaped,,heart-shap,heart-shap,compound,heart-shaped,,heart-shaped,light_holy,,"shaped like a heart, often in a way that is symbolic or sentimental",,,,,1,1,1,ItemSparse,heart-shaped:1,27.6931,0.8,False,
mana-rich,mana-rich,mana-rich,,mana-rich,mana-rich,compound,mana-rich,,mana-rich,light_holy,,having or producing a lot of mana,,magical;powerful;energetic,mana-poor,,1,1,1,ItemSparse,mana-rich:1,27.6931,0.8,False,
mana-using,mana-us,mana-using,,mana-us,mana-us,compound,mana-using,,mana-using,light_holy,,using or consuming mana,,magical;powerful;energetic,mana-conserving,,1,1,1,JournalEncounterSection,mana-using:1,27.6931,0.7,True,low_confidence
mana-wrapped,mana-wrapp,mana-wrapped,,mana-wrapp,mana-wrapp,compound,mana-wrapped,,mana-wrapped,light_holy,,wrapped or preserved with mana,,magical;powerful;energetic,non-magical;ordinary,,1,1,1,ItemSparse,mana-wrapped:1,27.6931,0.6,True,low_confidence
mistaken--this,mistaken--thi,mistaken--this,,mistaken--thi,mistaken--thi,compound,mistaken--this,,mistaken--this,light_holy,,wrong or incorrect,,error;mistake;incorrect,correct;right,,1,1,1,BroadcastText,mistaken--this:1,27.6931,0.8,False,
naaru--a,naaru--a,naaru--a,,naaru--a,naaru--a,compound,naaru--a,,naaru--a,light_holy,,"a being of pure Light, a Naaru",,being;pure;Light,dark;evil,,1,1,1,BroadcastText,naaru--a:1,27.6931,0.9,False,
naturally-camouflaged,naturally-camouflag,naturally-camouflaged,,naturally-camouflag,naturally-camouflag,compound,naturally-camouflaged,,naturally-camouflaged,light_holy,,well-hidden or disguised,,camouflage;hidden;disguised,visible;obvious,,1,1,1,ItemSparse,naturally-camouflaged:1,27.6931,0.8,False,
niffen-sized,niffen-siz,niffen-sized,,niffen-siz,niffen-siz,compound,niffen-sized,,niffen-sized,light_holy,,perfectly sized,,sized;family;words,,,1,1,1,ItemSparse,niffen-sized:1,27.6931,0.8,False,
point-blank,point-blank,point-blank,,point-blank,point-blank,compound,point-blank,,point-blank,light_holy,,directly and without hesitation,,straight;honest;open,indirect;hesitant;deceptive,,1,1,1,JournalEncounterSection,point-blank:1,27.6931,0.8,False,
re-entry,re-entry,re-entry,,re-entry,re-entry,compound,re-entry,,re-entry,light_holy,,returning to a place or state,,entry;exit;return,departure;exit,,1,1,1,ItemSparse,re-entry:1,27.6931,0.8,False,
re-ignite,re-ignite,re-ignite,,re-ignite,re-ignite,compound,re-ignite,,re-ignite,light_holy,,to make something burn or glow again,,ignite;burn;glow,extinguish;douse,,1,1,1,BroadcastText,re-ignite:1,27.6931,0.9,False,
ring-bound,ring-bound,ring-bound,,ring-bound,ring-bound,compound,ring-bound,,ring-bound,light_holy,,"bound by a ring, possibly sacred or holy",,hallowed;consecrated,,,1,1,1,ItemSparse,ring-bound:1,27.6931,0.8,False,
th-this,th-thi,th-this,,th-thi,th-thi,compound,th-this,,th-this,light_holy,,"this or that, used to refer to something",,something;anything;everything,,,1,1,1,BroadcastText,th-this:1,27.6931,0.8,False,
that--it,that--it,that--it,,that--it,that--it,compound,that--it,,that--it,light_holy,,"this or that, used to refer to something",,something;anything;everything,,,1,1,1,BroadcastText,that--it:1,27.6931,0.8,False,
this--this,this--thi,this--this,,this--thi,this--thi,compound,this--this,,this--this,light_holy,,"this or that, used to refer to something",,something;anything;everything,,,1,1,1,BroadcastText,this--this:1,27.6931,0.8,False,
turalyon--your,turalyon--your,turalyon--your,,turalyon--your,turalyon--your,compound,turalyon--your,,turalyon--your,light_holy,,family,,friends;family,,,1,1,1,BroadcastText,turalyon--your:1,27.6931,1.0,False,
any,any,any,,any,any,base,any,,,light_holy,,used to indicate that something is possible or allowed,,possible;allowed;permitted,,,2294,2257,5,BroadcastText;ItemNameDescription;ItemSparse;JournalEncounter;JournalEncounterSection,any:2294,17.7385,0.5,True,low_confidence
within,within,within,,within,within,base,within,,,light_holy,,located or happening inside something,,inside;within;interior,,,1791,1683,5,BroadcastText;ItemNameDescription;ItemSparse;JournalEncounter;JournalEncounterSection,within:1791,17.4911,0.8,False,
house,house,house,,house,house,base,house,,,light_holy,,a building for human habitation,,building;dwelling;residence,,,1281,1216,5,BroadcastText;ItemNameDescription;ItemSparse;JournalEncounter;JournalEncounterSection,house:1281,17.1562,0.9,False,
might,might,might,,might,might,base,might,,,light_holy,,great physical or mental strength,,strength;power;force,,,613,609,5,BroadcastText;ItemNameDescription;ItemSparse;JournalEncounter;JournalEncounterSection,might:613,16.42,0.8,False,
players,player,players,,player,player,inflected_form,players,,,light_holy,,people who play a game or sport,,game;sport;recreation,,,4139,3297,4,BroadcastText;ItemSparse;JournalEncounter;JournalEncounterSection,players:4139,16.3285,0.9,False,
ancient,ancient,ancient,,ancient,ancient,base,ancient,,,light_holy,,existing from a long time ago,,old;antique;vintage,,,551,526,5,BroadcastText;ItemNameDescription;ItemSparse;JournalEncounter;JournalEncounterSection,ancient:551,16.3135,0.8,False,
player,player,player,,player,player,base,player,,,light_holy,,a person who plays a game or sport,,game;sport;recreation,,,1939,1564,4,ItemNameDescription;ItemSparse;JournalEncounter;JournalEncounterSection,player:1939,15.5704,0.9,False,
across,across,across,,across,across,base,across,,,light_holy,,"from one side to the other, often in a horizontal direction",,side;direction;orientation,,,250,249,5,BroadcastText;ItemNameDescription;ItemSparse;JournalEncounter;JournalEncounterSection,across:250,15.5255,0.8,False,
paragon,paragon,paragon,,paragon,paragon,base,paragon,,,light_holy,,a person or thing regarded as a model of excellence,,hero;legend;icon,,,64,57,5,BroadcastText;ItemNameDescription;ItemSparse;JournalEncounter;JournalEncounterSection,paragon:64,14.1744,0.8,False,
bronze,bronze,bronze,,bronze,bronze,base,bronze,,,light_holy,,"a hard, yellowish-brown alloy of copper and tin",,gold;silver;copper,,,63,63,5,BroadcastText;ItemNameDescription;ItemSparse;JournalEncounter;JournalEncounterSection,bronze:63,14.1589,0.7,True,low_confidence
some,some,some,,some,some,base,some,,,light_holy,,a small or unspecified amount of something,,few;many;enough,,,468,457,4,BroadcastText;ItemSparse;JournalEncounter;JournalEncounterSection,some:468,14.1506,0.6,True,low_confidence
ruby,ruby,ruby,,ruby,ruby,base,ruby,,,light_holy,,"a precious stone, typically red in color",,emerald;sapphire;diamond,,,62,61,5,BroadcastText;ItemNameDescription;ItemSparse;JournalEncounter;JournalEncounterSection,ruby:62,14.1431,0.9,False,
protector,protector,protector,,protector,protector,base,protector,,,light_holy,,a person or thing that protects or defends something or someone,,guardian;defender;champion,,,60,53,5,BroadcastText;ItemNameDescription;ItemSparse;JournalEncounter;JournalEncounterSection,protector:60,14.1109,0.9,False,
see,see,see,,see,see,base,see,,,light_holy,,to perceive with the eyes or to understand something,,look;watch;observe,,,438,422,4,BroadcastText;ItemSparse;JournalEncounter;JournalEncounterSection,see:438,14.0845,0.7,True,low_confidence
sunwell,sunwell,sunwell,,sunwell,sunwell,base,sunwell,,,light_holy,,"a source of light or energy, typically a well or spring",,spring;fountain;grotto,,,58,58,5,BroadcastText;ItemNameDescription;ItemSparse;JournalEncounter;JournalEncounterSection,sunwell:58,14.0775,0.8,False,
new,new,new,,new,new,base,new,,,light_holy,,"recently created or introduced, or not previously known or experienced",,fresh;innovative;original,,,426,413,4,BroadcastText;ItemSparse;JournalEncounter;JournalEncounterSection,new:426,14.0568,0.7,True,low_confidence
too,too,too,,too,too,base,too,,,light_holy,,"exceeding or surpassing a limit, or more than is needed or wanted",,also;as well;likewise,,,426,416,4,BroadcastText;ItemSparse;JournalEncounter;JournalEncounterSection,too:426,14.0568,0.6,True,low_confidence
reality,reality,reality,,reality,reality,base,reality,,,light_holy,,"the state of being real or actual, as opposed to imaginary or fictional",,fact;truth;reality,,,56,54,5,BroadcastText;ItemNameDescription;ItemSparse;JournalEncounter;JournalEncounterSection,reality:56,14.0431,0.8,False,
most,most,most,,most,most,base,most,,,light_holy,,"the greatest or largest amount of something, or the best or highest quality",,greatest;largest;best,,,418,409,4,BroadcastText;ItemSparse;JournalEncounter;JournalEncounterSection,most:418,14.0379,0.7,True,low_confidence
those,those,those,,those,those,base,those,,,light_holy,,"used to refer to people or things that are previously mentioned, or to indicate a group of people or things",,they;them;their,,,410,405,4,BroadcastText;ItemSparse;JournalEncounter;JournalEncounterSection,those:410,14.0186,0.6,True,low_confidence
skies,sky,skies,,sky,sky,inflected_form,skies,,,light_holy,,"the region of the atmosphere above the earth's surface, or a place where something is visible in the sky",,heaven;sky;atmosphere,,,54,53,5,BroadcastText;ItemNameDescription;ItemSparse;JournalEncounter;JournalEncounterSection,skies:54,14.0073,0.5,True,low_confidence
blessing,bless,blessing,,bless,bless,inflected_form,blessing,,,light_holy,,"a state of being happy or prosperous, typically due to good fortune or divine favor",,favor;luck;prosperity,,,53,50,5,BroadcastText;ItemNameDescription;ItemSparse;JournalEncounter;JournalEncounterSection,blessing:53,13.989,0.8,False,
echoes,echoe,echoes,,echoe,echoe,inflected_form,echoes,,,light_holy,,a repeated sound or a memory that is recalled from the past,,sound;memory;recollection,,,53,50,5,BroadcastText;ItemNameDescription;ItemSparse;JournalEncounter;JournalEncounterSection,echoes:53,13.989,0.7,True,low_confidence
infused,infuse,infused,,infuse,infuse,inflected_form,infused,,,magic_artifacts_runes,,filled or impregnated with a particular quality or substance,,imbued;attuned;enchanted,unholy;profane;corrupted,,177,168,5,BroadcastText;ItemNameDescription;ItemSparse;JournalEncounter;JournalEncounterSection,infused:177,95.1818,0.9,False,
imbued,imbue,imbued,,imbue,imbue,inflected_form,imbued,,,magic_artifacts_runes,,filled or impregnated with a particular quality or substance,,infused;attuned;enchanted,unholy;profane;corrupted,,154,154,4,BroadcastText;ItemSparse;JournalEncounter;JournalEncounterSection,imbued:154,93.0434,0.9,False,
attuned,attun,attuned,,attun,attun,inflected_form,attuned,,,magic_artifacts_runes,,adjusted or tuned to a particular frequency or quality,,infused;imbued;enchanted,unholy;profane;corrupted,,22,22,3,BroadcastText;ItemSparse;JournalEncounterSection,attuned:22,89.1355,0.9,False,
warded,ward,warded,,ward,ward,inflected_form,warded,,,magic_artifacts_runes,,protected or defended against magic,,shield;charm,,,1,1,1,BroadcastText,warded:1,82.6931,0.8,False,
empowered,empower,empowered,,empower,empower,inflected_form,empowered,,,magic_artifacts_runes,,given or having power or authority,,abled;enabled,,,173,166,5,BroadcastText;ItemNameDescription;ItemSparse;JournalEncounter;JournalEncounterSection,empowered:173,45.1591,0.6,True,low_confidence
shard,shard,shard,,shard,shard,base,shard,,,magic_artifacts_runes,,"a small piece or fragment of something, especially a magical object",,piece;fragment,,,111,104,5,BroadcastText;ItemNameDescription;ItemSparse;JournalEncounter;JournalEncounterSection,shard:111,44.7185,0.8,False,
bound,bound,bound,,bound,bound,base,bound,,,magic_artifacts_runes,,"restricted or limited in some way, especially by magic or a spell",,limited;restricted,,,110,110,5,BroadcastText;ItemNameDescription;ItemSparse;JournalEncounter;JournalEncounterSection,bound:110,44.7095,0.7,True,low_confidence
crystal,crystal,crystal,,crystal,crystal,base,crystal,,,magic_artifacts_runes,,"a solid, transparent or translucent substance that is often used in jewelry or decorative objects",,solid;transparent;decorative,opaque; dull,,313,289,4,BroadcastText;ItemSparse;JournalEncounter;JournalEncounterSection,crystal:313,43.7494,0.4,True,low_confidence
rune,rune,rune,,rune,rune,base,rune,,,magic_artifacts_runes,,"a symbol or character that is used in magic or writing, often with special powers or meanings",,symbol;character;magic,ordinary; meaningless,,301,267,4,BroadcastText;ItemNameDescription;ItemSparse;JournalEncounterSection,rune:301,43.7104,0.2,True,low_confidence
enchanted,enchant,enchanted,,enchant,enchant,inflected_form,enchanted,,,magic_artifacts_runes,,having been given magical powers or qualities,,magical;mystical;supernatural,ordinary;mundane,,145,142,4,BroadcastText;ItemSparse;JournalEncounter;JournalEncounterSection,enchanted:145,42.9836,0.3,True,low_confidence
font,font,font,,font,font,base,font,,,magic_artifacts_runes,,a source of power or inspiration,,cauldron;elemental fire,,,70,69,4,BroadcastText;ItemSparse;JournalEncounter;JournalEncounterSection,font:70,42.2627,1.0,False,
conduit,conduit,conduit,,conduit,conduit,base,conduit,,,magic_artifacts_runes,,a channel or passage for energy or power,,elemental conduit,,,66,48,4,ItemNameDescription;ItemSparse;JournalEncounter;JournalEncounterSection,conduit:66,42.2047,1.0,False,
orb,orb,orb,,orb,orb,base,orb,,,magic_artifacts_runes,,"a spherical object, especially one that is used as a tool or talisman in magic or spiritual practices",,sphere;ball;globe,flat;two-dimensional;linear,,168,155,3,BroadcastText;ItemSparse;JournalEncounterSection,orb:168,41.1299,0.9,False,
tome,tome,tome,,tome,tome,base,tome,,,magic_artifacts_runes,,"a book or collection of books, especially one on a particular subject",,volume;opus;compendium,oral;spoken;unwritten,,90,90,3,BroadcastText;ItemSparse;JournalEncounterSection,tome:90,40.5109,0.9,False,
glyph,glyph,glyph,,glyph,glyph,base,glyph,,,magic_artifacts_runes,,"a symbol or character used in writing or magic, often in a way that is considered mysterious or arcane",,sigil; rune;character,plain;simple;unadorned,,333,333,2,ItemSparse;JournalEncounterSection,glyph:333,39.8111,0.8,False,
sigil,sigil,sigil,,sigil,sigil,base,sigil,,,magic_artifacts_runes,,"a symbol or character used in magic, often in a way that is considered mysterious or arcane",,glyph;rune;character,plain;simple;unadorned,,41,41,3,BroadcastText;ItemNameDescription;ItemSparse,sigil:41,39.7377,0.8,False,
runic,runic,runic,,runic,runic,base,runic,,,magic_artifacts_runes,,relating to or resembling runes,,runic;magical;arcane,,,42,40,2,ItemSparse;JournalEncounterSection,runic:42,37.7612,1.0,False,
scroll,scroll,scroll,,scroll,scroll,base,scroll,,,magic_artifacts_runes,,a rolled-up document or parchment,,document;parchment;manuscript,,,93,93,1,ItemSparse,scroll:93,36.5433,1.0,False,
runed,run,runed,,run,run,inflected_form,runed,,,magic_artifacts_runes,,inscribed with magical symbols or runes,,magical;symbols;runes,plain;unadorned,,43,43,1,ItemSparse,runed:43,35.7842,0.9,False,
ley-infused,ley-infus,ley-infused,,ley-infus,ley-infus,compound,ley-infused,,ley-infused,magic_artifacts_runes,,imbued with magical energy or power,,magical;enchanted;empowered,non-magical;unenchanted;powerless,,5,5,3,ItemSparse;JournalEncounter;JournalEncounterSection,ley-infused:5,32.7918,0.8,False,
hexed,hex,hexed,,hex,hex,inflected_form,hexed,,,magic_artifacts_runes,,imbued with magical energy or power,,enchanted;empowered;magical,non-magical;unenchanted;powerless,,1,1,1,ItemSparse,hexed:1,32.6931,0.8,False,
all-seeing,all-see,all-seeing,,all-see,all-see,compound,all-seeing,,all-seeing,magic_artifacts_runes,,"All-seeing crystal, magical artifact",,lodestaff;crystal,,,4,4,3,ItemSparse;JournalEncounter;JournalEncounterSection,all-seeing:4,32.6094,1.0,False,
wrath-scryer,wrath-scryer,wrath-scryer,,wrath-scryer,wrath-scryer,compound,wrath-scryer,,wrath-scryer,magic_artifacts_runes,,a person who uses magic to see the future,,scry;magic;future,,,6,5,2,JournalEncounter;JournalEncounterSection,wrath-scryer:6,30.9459,0.9,False,
mage-lord,mage-lord,mage-lord,,mage-lord,mage-lord,compound,mage-lord,,mage-lord,magic_artifacts_runes,,a powerful magician or ruler,,magician;ruler;powerful,,,4,4,2,JournalEncounter;JournalEncounterSection,mage-lord:4,30.6094,0.8,False,
spell-weaver,spell-weaver,spell-weaver,,spell-weaver,spell-weaver,compound,spell-weaver,,spell-weaver,magic_artifacts_runes,,"magician, sorcerer who weaves spells or magic",,weaver;magician,non-magical; mundane,,2,2,2,ItemSparse;JournalEncounter,spell-weaver:2,30.0986,0.7,True,low_confidence
magic-related,magic-relate,magic-related,,magic-relate,magic-relate,compound,magic-related,,magic-related,magic_artifacts_runes,,connected to or involving magic,,mysterious;enigmatic;arcane,non-magical; mundane; ordinary,,18,18,1,ItemSparse,magic-related:18,29.9444,0.9,False,
light-infused,light-infus,light-infused,,light-infus,light-infus,compound,light-infused,,light-infused,magic_artifacts_runes,,containing or imbued with light,,illuminated;enlightened;radiant,dark;shadowy;obscure,,9,9,1,ItemSparse,light-infused:9,29.3026,0.9,False,
shadow-infused,shadow-infus,shadow-infused,,shadow-infus,shadow-infus,compound,shadow-infused,,shadow-infused,magic_artifacts_runes,,containing or imbued with shadow,,dark;shadowy;obscure,light;illuminated;enlightened,,9,9,1,ItemSparse,shadow-infused:9,29.3026,0.9,False,
techno-magical,techno-magical,techno-magical,,techno-magical,techno-magical,compound,techno-magical,,techno-magical,magic_artifacts_runes,,relating to technology and magic combined,,,,,4,4,1,ItemSparse,techno-magical:4,28.6094,0.7,True,low_confidence
fel-inscribed,fel-inscrib,fel-inscribed,,fel-inscrib,fel-inscrib,compound,fel-inscribed,,fel-inscribed,magic_artifacts_runes,,inscribed or written in a magical language,,,,,3,3,1,ItemSparse,fel-inscribed:3,28.3863,0.8,False,
giga-zap,giga-zap,giga-zap,,giga-zap,giga-zap,compound,giga-zap,,giga-zap,magic_artifacts_runes,,a powerful magical attack,,electricity;shockwave;blast,healing;restoration,,3,3,1,JournalEncounterSection,giga-zap:3,28.3863,0.8,False,
high-pitched,high-pitch,high-pitched,,high-pitch,high-pitch,compound,high-pitched,,high-pitched,magic_artifacts_runes,,a sound or noise that is high in pitch,,loud;shrill;piercing,low-pitched;muted,,3,3,1,ItemSparse,high-pitched:3,28.3863,0.9,False,
lightning-charged,lightning-charg,lightning-charged,,lightning-charg,lightning-charg,compound,lightning-charged,,lightning-charged,magic_artifacts_runes,,carrying or imbued with electrical energy,,electricity;shockwave;blast,grounded;neutralized,,3,3,1,JournalEncounterSection,lightning-charged:3,28.3863,0.8,False,
semi-automagic,semi-automagic,semi-automagic,,semi-automagic,semi-automagic,compound,semi-automagic,,semi-automagic,magic_artifacts_runes,,"partially or somewhat magical, often in a technological context",,technology;device;machine,fully-automatic;magical,,3,3,1,ItemSparse,semi-automagic:3,28.3863,0.9,False,
blink-trigger,blink-trigger,blink-trigger,,blink-trigger,blink-trigger,compound,blink-trigger,,blink-trigger,magic_artifacts_runes,,a device or mechanism that triggers a sudden or instantaneous effect,,trigger;device;mechanism,non-triggering;non-device; non-mechanism,,2,2,1,ItemSparse,blink-trigger:2,28.0986,0.8,False,
rune-covered,rune-cover,rune-covered,,rune-cover,rune-cover,compound,rune-covered,,rune-covered,magic_artifacts_runes,,covered in runes,,runes;symbols;glyphs,blank;empty;bare,,2,2,1,ItemSparse,rune-covered:2,28.0986,0.9,False,
rune-etched,rune-etch,rune-etched,,rune-etch,rune-etch,compound,rune-etched,,rune-etched,magic_artifacts_runes,,having runes etched into it,,runes;symbols;glyphs,plain;simple;unadorned,,2,2,1,ItemSparse,rune-etched:2,28.0986,0.8,False,
spell-casting,spell-cast,spell-casting,,spell-cast,spell-cast,compound,spell-casting,,spell-casting,magic_artifacts_runes,,casting spells,,spells;magic;incantation,non-magical;mundane;secular,,2,2,1,JournalEncounterSection,spell-casting:2,28.0986,0.8,False,
anti-aging,anti-ag,anti-aging,,anti-ag,anti-ag,compound,anti-aging,,anti-aging,magic_artifacts_runes,,preventing or slowing down aging,,,,,1,1,1,ItemSparse,anti-aging:1,27.6931,0.9,False,
arcana-monger,arcana-monger,arcana-monger,,arcana-monger,arcana-monger,compound,arcana-monger,,arcana-monger,magic_artifacts_runes,,relating to or dealing with magical or arcane knowledge or practices,,,,,1,1,1,ItemSparse,arcana-monger:1,27.6931,0.9,False,
arcane-infused,arcane-infus,arcane-infused,,arcane-infus,arcane-infus,compound,arcane-infused,,arcane-infused,magic_artifacts_runes,,relating to or infused with magical or arcane energy,,,,,1,1,1,JournalEncounterSection,arcane-infused:1,27.6931,0.8,False,
arcane-lock,arcane-lock,arcane-lock,,arcane-lock,arcane-lock,compound,arcane-lock,,arcane-lock,magic_artifacts_runes,,relating to or dealing with magical locks or seals,,,,,1,1,1,ItemSparse,arcane-lock:1,27.6931,0.9,False,
arcane-shimmering,arcane-shimmer,arcane-shimmering,,arcane-shimmer,arcane-shimmer,compound,arcane-shimmering,,arcane-shimmering,magic_artifacts_runes,,relating to or dealing with magical or arcane energy that shimmers or glows,,,,,1,1,1,ItemSparse,arcane-shimmering:1,27.6931,0.8,False,
area-of-effect,area-of-effect,area-of-effect,,area-of-effect,area-of-effect,compound,area-of-effect,,area-of-effect,magic_artifacts_runes,,relating to or dealing with magical effects that affect a specific area or region,,,,,1,1,1,JournalEncounterSection,area-of-effect:1,27.6931,0.9,False,
azerite-powered,azerite-power,azerite-powered,,azerite-power,azerite-power,compound,azerite-powered,,azerite-powered,magic_artifacts_runes,,powered by azerite,,azerite;power,,,1,1,1,JournalEncounterSection,azerite-powered:1,27.6931,0.7,True,low_confidence
bi-directional,bi-directional,bi-directional,,bi-directional,bi-directional,compound,bi-directional,,bi-directional,magic_artifacts_runes,,two-way flow of energy or force,,,,,1,1,1,ItemSparse,bi-directional:1,27.6931,0.8,False,
carefully-penned,carefully-penn,carefully-penned,,carefully-penn,carefully-penn,compound,carefully-penned,,carefully-penned,magic_artifacts_runes,,something that has been written or drawn with great care and attention to detail,,penned;written,hasty;careless,,1,1,1,ItemSparse,carefully-penned:1,27.6931,0.8,False,
electro-neural,electro-neural,electro-neural,,electro-neural,electro-neural,compound,electro-neural,,electro-neural,magic_artifacts_runes,,relating to or characteristic of electrical or neural forces or energy,,electricity;energy;force,mechanical;artificial,,1,1,1,ItemSparse,electro-neural:1,27.6931,0.1,True,low_confidence
elegantly-inked,elegantly-ink,elegantly-inked,,elegantly-ink,elegantly-ink,compound,elegantly-inked,,elegantly-inked,magic_artifacts_runes,,having a beautiful and intricate script,,arcane;script;diagrams,,,1,1,1,ItemSparse,elegantly-inked:1,27.6931,1.0,False,
fortune-telling,fortune-tell,fortune-telling,,fortune-tell,fortune-tell,compound,fortune-telling,,fortune-telling,magic_artifacts_runes,,predicting the future using runes,,runes;prediction,,,1,1,1,ItemSparse,fortune-telling:1,27.6931,0.9,False,
freshly-penned,freshly-penn,freshly-penned,,freshly-penn,freshly-penn,compound,freshly-penned,,freshly-penned,magic_artifacts_runes,,recently written or inscribed text,,text;written,,,1,1,1,ItemSparse,freshly-penned:1,27.6931,0.6,True,low_confidence
freshly-siphoned,freshly-siphon,freshly-siphoned,,freshly-siphon,freshly-siphon,compound,freshly-siphoned,,freshly-siphoned,magic_artifacts_runes,,recently drawn or extracted mana,,mana;drawn,,,1,1,1,ItemSparse,freshly-siphoned:1,27.6931,0.8,False,
holo-gogs,holo-gog,holo-gogs,,holo-gog,holo-gog,compound,holo-gogs,,holo-gogs,magic_artifacts_runes,,"a type of magical device, a holographic gadget",,,,,1,1,1,ItemSparse,holo-gogs:1,27.6931,0.5,True,low_confidence
hyper-magnified,hyper-magnify,hyper-magnified,,hyper-magnify,hyper-magnify,compound,hyper-magnified,,hyper-magnified,magic_artifacts_runes,,made to appear larger than normal,,magnify;enlarge;amplify,,,1,1,1,ItemSparse,hyper-magnified:1,27.6931,1.0,False,
hyper-radiant,hyper-radiant,hyper-radiant,,hyper-radiant,hyper-radiant,compound,hyper-radiant,,hyper-radiant,magic_artifacts_runes,,emitting or reflecting a lot of light,,radiate;shine;glow,,,1,1,1,ItemSparse,hyper-radiant:1,27.6931,1.0,False,
hyper-vision,hyper-vision,hyper-vision,,hyper-vision,hyper-vision,compound,hyper-vision,,hyper-vision,magic_artifacts_runes,,seeing or perceiving things that are not normally visible,,vision;sight;perception,,,1,1,1,ItemSparse,hyper-vision:1,27.6931,1.0,False,
infrablue-blocker,infrablue-blocker,infrablue-blocker,,infrablue-blocker,infrablue-blocker,compound,infrablue-blocker,,infrablue-blocker,magic_artifacts_runes,,device or material that blocks or absorbs infrablue light,,block;absorb;filter,,,1,1,1,ItemSparse,infrablue-blocker:1,27.6931,1.0,False,
inter-laced,inter-lac,inter-laced,,inter-lac,inter-lac,compound,inter-laced,,inter-laced,magic_artifacts_runes,,crossed or intertwined with something else,,lace;intertwine;entangle,,,1,1,1,ItemSparse,inter-laced:1,27.6931,1.0,False,
jewel-laden,jewel-laden,jewel-laden,,jewel-laden,jewel-laden,compound,jewel-laden,,jewel-laden,magic_artifacts_runes,,adorned or encrusted with jewels,,,,,1,1,1,ItemSparse,jewel-laden:1,27.6931,1.0,False,
light-based,light-bas,light-based,,light-bas,light-bas,compound,light-based,,light-based,magic_artifacts_runes,,"relating to or based on light, often in the context of magic or technology",,light;magic;technology,darkness;obscuration,,1,1,1,ItemSparse,light-based:1,27.6931,0.8,False,
lightning-infused,lightning-infus,lightning-infused,,lightning-infus,lightning-infus,compound,lightning-infused,,lightning-infused,magic_artifacts_runes,,imbued with lightning energy,,enchanted;empowered;attuned,,,1,1,1,ItemSparse,lightning-infused:1,27.6931,0.9,False,
mage-eye,mage-eye,mage-eye,,mage-eye,mage-eye,compound,mage-eye,,mage-eye,magic_artifacts_runes,,a magical tool for precise vision,,glasses;lenses;vision,,,1,1,1,ItemSparse,mage-eye:1,27.6931,0.9,False,
magic-bound,magic-bound,magic-bound,,magic-bound,magic-bound,compound,magic-bound,,magic-bound,magic_artifacts_runes,,a magical object or being bound to magic,,enchanted;magical;spellbound,,,1,1,1,ItemSparse,magic-bound:1,27.6931,0.8,False,
magically-charged,magically-charg,magically-charged,,magically-charg,magically-charg,compound,magically-charged,,magically-charged,magic_artifacts_runes,,an object or being imbued with magical energy,,enchanted;magical;spellbound,,,1,1,1,ItemSparse,magically-charged:1,27.6931,0.9,False,
magically-ground,magically-ground,magically-ground,,magically-ground,magically-ground,compound,magically-ground,,magically-ground,magic_artifacts_runes,,an object or being with a magical connection to the ground,,grounded;earthbound;terrestrial,,,1,1,1,ItemSparse,magically-ground:1,27.6931,0.7,True,low_confidence
mass-teleportation,mass-teleportation,mass-teleportation,,mass-teleportation,mass-teleportation,compound,mass-teleportation,,mass-teleportation,magic_artifacts_runes,,a type of teleportation or transportation spell,,teleport;transport;spell,immobility;stasis,,1,1,1,ItemSparse,mass-teleportation:1,27.6931,0.8,False,
mecha-bond,mecha-bond,mecha-bond,,mecha-bond,mecha-bond,compound,mecha-bond,,mecha-bond,magic_artifacts_runes,,a type of magical bond,,,,,1,1,1,ItemSparse,mecha-bond:1,27.6931,1.0,False,
micro-defender,micro-defender,micro-defender,,micro-defender,micro-defender,compound,micro-defender,,micro-defender,magic_artifacts_runes,,a type of magical defense mechanism,,,,,1,1,1,ItemSparse,micro-defender:1,27.6931,1.0,False,
negative-charged,negative-charg,negative-charged,,negative-charg,negative-charg,compound,negative-charged,,negative-charged,magic_artifacts_runes,,"having a negative or opposing charge, often related to magical or energetic properties",,charged;negative;opposing,positive;affirming,,1,1,1,ItemSparse,negative-charged:1,27.6931,0.5,True,low_confidence
neuro-reading,neuro-read,neuro-reading,,neuro-read,neuro-read,compound,neuro-reading,,neuro-reading,magic_artifacts_runes,,"the ability to read or interpret neural signals, often related to magical or energetic properties",,neural;signals;magical,ignorant;unaware,,1,1,1,ItemSparse,neuro-reading:1,27.6931,0.1,True,low_confidence
non-light,non-light,non-light,,non-light,non-light,compound,non-light,,non-light,magic_artifacts_runes,,not light,,light;family;words,,,1,1,1,ItemSparse,non-light:1,27.6931,0.8,False,
orb-like,orb-like,orb-like,,orb-like,orb-like,compound,orb-like,,orb-like,magic_artifacts_runes;nature_druid_emerald,,resembling an orb or sphere,,orb;sphere;globe,irregular;asymmetrical;unshapely,,1,1,1,ItemSparse,orb-like:1,27.6931,0.8,False,
orb-shaped,orb-shap,orb-shaped,,orb-shap,orb-shap,compound,orb-shaped,,orb-shaped,magic_artifacts_runes;nature_druid_emerald,,having the shape of an orb or sphere,,shape;form;figure,irregular;asymmetrical;unshapely,,1,1,1,ItemSparse,orb-shaped:1,27.6931,0.8,False,
parchment-dissolving,parchment-dissolv,parchment-dissolving,,parchment-dissolv,parchment-dissolv,compound,parchment-dissolving,,parchment-dissolving,magic_artifacts_runes,,able to dissolve parchment,,,,,1,1,1,ItemSparse,parchment-dissolving:1,27.6931,0.7,True,low_confidence
pitch-perfect,pitch-perfect,pitch-perfect,,pitch-perfect,pitch-perfect,compound,pitch-perfect,,pitch-perfect,magic_artifacts_runes,,"perfectly in tune or pitch, often used to describe music or singing",,,,,1,1,1,ItemSparse,pitch-perfect:1,27.6931,0.9,False,
posi-polarization,posi-polarization,posi-polarization,,posi-polarization,posi-polarization,compound,posi-polarization,,posi-polarization,magic_artifacts_runes,,a type of energy or force that is positive and polarized,,positive;energized;polarized,negative;depleted;unpolarized,,1,1,1,JournalEncounterSection,posi-polarization:1,27.6931,0.9,False,
positively-charged,positively-charg,positively-charged,,positively-charg,positively-charg,compound,positively-charged,,positively-charged,magic_artifacts_runes,,having a positive charge or energy,,positive;energized;charged,negative;depleted;uncharged,,1,1,1,ItemSparse,positively-charged:1,27.6931,0.8,False,
positve-charged,positve-charg,positve-charged,,positve-charg,positve-charg,compound,positve-charged,,positve-charged,magic_artifacts_runes,,having a positive charge or energy,,positive;energized;charged,negative;depleted;uncharged,,1,1,1,ItemSparse,positve-charged:1,27.6931,0.7,True,low_confidence
r-coil,r-coil,r-coil,,r-coil,r-coil,compound,r-coil,,r-coil,magic_artifacts_runes,,a type of coil or winding,,coil;winding;spring,,,1,1,1,ItemSparse,r-coil:1,27.6931,1.0,False,
re-activate,re-activate,re-activate,,re-activate,re-activate,compound,re-activate,,re-activate,magic_artifacts_runes,,to activate or bring back to life,,activate;reactivate;revive,,,1,1,1,ItemSparse,re-activate:1,27.6931,1.0,False,
rune-bound,rune-bound,rune-bound,,rune-bound,rune-bound,compound,rune-bound,,rune-bound,magic_artifacts_runes,,"bound or tied with runes, possibly in a magical or mystical context",,rune;bind,,,1,1,1,ItemSparse,rune-bound:1,27.6931,0.8,False,
rune-carved,rune-carv,rune-carved,,rune-carv,rune-carv,compound,rune-carved,,rune-carved,magic_artifacts_runes,,"carved or inscribed with runes, possibly in a magical or mystical context",,rune;carve,,,1,1,1,ItemSparse,rune-carved:1,27.6931,0.9,False,
rune-prism,rune-prism,rune-prism,,rune-prism,rune-prism,compound,rune-prism,,rune-prism,magic_artifacts_runes,,"a prism or crystal related to runes, possibly in a magical or mystical context",,prism;crystal,,,1,1,1,ItemSparse,rune-prism:1,27.6931,0.8,False,
rune-scripted,rune-script,rune-scripted,,rune-script,rune-script,compound,rune-scripted,,rune-scripted,magic_artifacts_runes,,"written or inscribed with runes, possibly in a magical or mystical context",,rune;script,,,1,1,1,ItemSparse,rune-scripted:1,27.6931,0.9,False,
spell-slinging,spell-sling,spell-slinging,,spell-sling,spell-sling,compound,spell-slinging,,spell-slinging,magic_artifacts_runes,,casting or using magic spells,,cast;use;invoke,resist;block;counter,,1,1,1,JournalEncounterSection,spell-slinging:1,27.6931,0.9,False,
techno-sorcery,techno-sorcery,techno-sorcery,,techno-sorcery,techno-sorcery,compound,techno-sorcery,,techno-sorcery,magic_artifacts_runes,,a type of magic or spell that involves technology,,k'aresh;command,,,1,1,1,ItemSparse,techno-sorcery:1,27.6931,0.9,False,
void-crystal,void-crystal,void-crystal,,void-crystal,void-crystal,compound,void-crystal,,void-crystal,magic_artifacts_runes,,a crystal or object that is connected to the void or emptiness,,crystal;gemstone;jewel,solid;stable;secure,,1,1,1,ItemSparse,void-crystal:1,27.6931,0.8,False,
artifact,artifact,artifact,,artifact,artifact,base,artifact,,,magic_artifacts_runes,,"an object made by humans, often with special powers or significance",,object;thing;item,,,280,278,5,BroadcastText;ItemNameDescription;ItemSparse;JournalEncounter;JournalEncounterSection,artifact:280,15.6384,0.8,False,
artifacts,artifact,artifacts,,artifact,artifact,inflected_form,artifacts,,,magic_artifacts_runes,,"plural of artifact, referring to multiple objects with special powers or significance",,objects;things;items,,,262,261,5,BroadcastText;ItemNameDescription;ItemSparse;JournalEncounter;JournalEncounterSection,artifacts:262,15.5722,0.9,False,
runes,rune,runes,,rune,rune,inflected_form,runes,,,magic_artifacts_runes,,symbols or characters used in magic or divination,,spell;incantation,,,167,167,5,BroadcastText;ItemNameDescription;ItemSparse;JournalEncounter;JournalEncounterSection,runes:167,15.124,0.8,False,
verdant,verdant,verdant,,verdant,verdant,base,verdant,,,nature_druid_emerald,,"green and flourishing, lush and vibrant",,withered;weathered;dormant,withered;weathered;forsaken,,68,66,4,ItemNameDescription;ItemSparse;JournalEncounter;JournalEncounterSection,verdant:68,92.2341,0.8,False,
primal,primal,primal,,primal,primal,base,primal,,,nature_druid_emerald,,relating to the earliest or most basic form of something,,wild;untamed,,,183,168,5,BroadcastText;ItemNameDescription;ItemSparse;JournalEncounter;JournalEncounterSection,primal:183,45.2149,0.7,True,low_confidence
earthen,earthen,earthen,,earthen,earthen,base,earthen,,,nature_druid_emerald,,relating to the earth or soil,,terrestrial;geological,,,130,127,5,BroadcastText;ItemNameDescription;ItemSparse;JournalEncounter;JournalEncounterSection,earthen:130,44.8752,0.2,True,low_confidence
serpent,serpent,serpent,,serpent,serpent,base,serpent,,,nature_druid_emerald,,"a long, snake-like animal or creature",,snake;reptile;animal,mammal;bird,,74,70,4,BroadcastText;ItemSparse;JournalEncounter;JournalEncounterSection,serpent:74,42.3175,0.1,True,low_confidence
aspect,aspect,aspect,,aspect,aspect,base,aspect,,,nature_druid_emerald,,"a particular feature or part of something, especially a natural phenomenon",,side;view;angle,,,40,36,4,BroadcastText;ItemSparse;JournalEncounter;JournalEncounterSection,aspect:40,41.7136,1.0,False,
monastery,monastery,monastery,,monastery,monastery,base,monastery,,,nature_druid_emerald,,a building or place where monks or nuns live and work,,abbey;convent;cloister,secular;worldly;unmonastic,,8,8,4,BroadcastText;ItemNameDescription;ItemSparse;JournalEncounter,monastery:8,40.1972,0.9,False,
overgrown,overgrown,overgrown,,overgrown,overgrown,base,overgrown,,,nature_druid_emerald,,"covered or surrounded by vegetation, often in a way that is considered untidy or neglected",,wild;uncontrolled;untamed,pruned;trimmed;manicured,,7,6,4,BroadcastText;ItemSparse;JournalEncounter;JournalEncounterSection,overgrown:7,40.0794,0.8,False,
grove,grove,grove,,grove,grove,base,grove,,,nature_druid_emerald,,a small group of trees or a wooded area,,woodland;forest;thicket,,,19,19,3,BroadcastText;ItemSparse;JournalEncounter,grove:19,38.9957,1.0,False,
untamed,untam,untamed,,untam,untam,inflected_form,untamed,,,nature_druid_emerald,,not domesticated or controlled by humans,,wild;feral;savage,,,15,15,3,ItemSparse;JournalEncounter;JournalEncounterSection,untamed:15,38.7726,1.0,False,
glade,glade,glade,,glade,glade,base,glade,,,nature_druid_emerald,,"a small, open area of land in a forest or woodland",,clearing;meadow;grove,,,7,7,3,BroadcastText;ItemSparse;JournalEncounter,glade:7,38.0794,1.0,False,
serene,serene,serene,,serene,serene,base,serene,,,nature_druid_emerald,,peaceful and calm,,calm;peaceful;tranquil,,,6,6,3,BroadcastText;ItemSparse;JournalEncounterSection,serene:6,37.9459,1.0,False,
lush,lush,lush,,lush,lush,base,lush,,,nature_druid_emerald,,growing or thriving in a healthy and vigorous way,,green;healthy;thriving,withered;barren,,7,7,2,ItemSparse;JournalEncounter,lush:7,36.0794,0.8,False,
earth-warder,earth-warder,earth-warder,,earth-warder,earth-warder,compound,earth-warder,,earth-warder,nature_druid_emerald,,a person who protects or defends the earth,,protect;defend;earth,harm;damage,,14,14,4,BroadcastText;ItemSparse;JournalEncounter;JournalEncounterSection,earth-warder:14,35.7081,0.8,False,
bough,bough,bough,,bough,bough,base,bough,,,nature_druid_emerald,,a branch or limb of a tree,,branch;limb;tree,trunk;stem,,3,3,2,BroadcastText;ItemSparse,bough:3,35.3863,0.8,False,
briar,briar,briar,,briar,briar,base,briar,,,nature_druid_emerald,,a type of thorny shrub or bush,,thorny;shrub;bush,smooth;hairless,,3,3,2,ItemSparse;JournalEncounterSection,briar:3,35.3863,0.9,False,
bramble,bramble,bramble,,bramble,bramble,base,bramble,,,nature_druid_emerald,,"a type of thorny shrub or bush, often used to describe a tangled or overgrown area",,thorny;shrub;bush,smooth;hairless,,11,9,1,JournalEncounterSection,bramble:11,34.4849,0.8,False,
gnarled,gnarl,gnarled,,gnarl,gnarl,inflected_form,gnarled,,,nature_druid_emerald,,"twisted and knotted, like a tree branch",,withered;rotten;decayed,straight;smooth,,9,9,1,ItemSparse,gnarled:9,34.3026,0.8,False,
blooming,bloom,blooming,,bloom,bloom,inflected_form,blooming,,,nature_druid_emerald,,"growing and flourishing, like a flower",,flourishing;thriving;prosperous,withered;dead,,8,8,1,ItemSparse,blooming:8,34.1972,0.8,False,
craggy,craggy,craggy,,craggy,craggy,base,craggy,,,nature_druid_emerald,,having a rough or rocky surface,,rocky;stony;uneven,smooth;flat;even,,1,1,1,ItemSparse,craggy:1,32.6931,0.9,False,
mossy,mossy,mossy,,mossy,mossy,base,mossy,,,nature_druid_emerald,,covered with moss or lichen,,lichenous;algaceous;verdant,barren;desolate;sterile,,1,1,1,ItemSparse,mossy:1,32.6931,0.8,False,
rootbound,rootbound,rootbound,,rootbound,rootbound,base,rootbound,,,nature_druid_emerald,,having roots that are bound or restricted,,restricted;constrained;limited,unrestricted;free;unfettered,,1,1,1,ItemSparse,rootbound:1,32.6931,0.9,False,
wilted,wilt,wilted,,wilt,wilt,inflected_form,wilted,,,nature_druid_emerald,,having lost strength or vitality,,faded;weakened;debilitated,strong;vital;flourishing,,1,1,1,JournalEncounter,wilted:1,32.6931,0.8,False,
full-grown,full-grown,full-grown,,full-grown,full-grown,compound,full-grown,,full-grown,nature_druid_emerald,,completely developed or mature,,grow;mature;develop,,,5,5,2,ItemSparse;JournalEncounterSection,full-grown:5,30.7918,0.9,False,
tree-shaper,tree-shaper,tree-shaper,,tree-shaper,tree-shaper,compound,tree-shaper,,tree-shaper,nature_druid_emerald,,a person who shapes or controls trees,,tree;shape;control,,,5,5,2,JournalEncounter;JournalEncounterSection,tree-shaper:5,30.7918,0.8,False,
amber-shaper,amber-shaper,amber-shaper,,amber-shaper,amber-shaper,compound,amber-shaper,,amber-shaper,nature_druid_emerald,,a person who shapes or controls amber,,amber;shape;control,,,3,3,2,JournalEncounter;JournalEncounterSection,amber-shaper:3,30.3863,0.8,False,
eco-domes,eco-dome,eco-domes,,eco-dome,eco-dome,compound,eco-domes,,eco-domes,nature_druid_emerald,,a type of structure or building that is related to the environment or ecology,,environment;ecology;structure,,,3,3,2,BroadcastText;ItemSparse,eco-domes:3,30.3863,0.8,False,
crystal-clear,crystal-clear,crystal-clear,,crystal-clear,crystal-clear,compound,crystal-clear,,crystal-clear,nature_druid_emerald,,"clear, transparent like crystal",,clear;transparent,murky;cloudy,,2,2,2,ItemSparse;JournalEncounter,crystal-clear:2,30.0986,0.8,False,
sand-swept,sand-swept,sand-swept,,sand-swept,sand-swept,compound,sand-swept,,sand-swept,nature_druid_emerald,,"covered, swept by sand or dust",,swept;covered,clear;clean,,2,2,2,ItemSparse;JournalEncounter,sand-swept:2,30.0986,0.7,True,low_confidence
slow-moving,slow-mov,slow-moving,,slow-mov,slow-mov,compound,slow-moving,,slow-moving,nature_druid_emerald,,"moving, progressing slowly or at a slow pace",,slow;moving,fast;swift,,2,2,2,ItemSparse;JournalEncounterSection,slow-moving:2,30.0986,0.8,False,
species-specific,species-specific,species-specific,,species-specific,species-specific,compound,species-specific,,species-specific,nature_druid_emerald,,relating to or characteristic of a particular species,,unique;distinctive;specialized,general;common;universal,,15,15,1,ItemSparse,species-specific:15,29.7726,0.7,True,low_confidence
blood-red,blood-r,blood-red,,blood-r,blood-r,compound,blood-red,,blood-red,nature_druid_emerald,,having a red color like blood,,red;color;blood,white;black,,5,5,1,ItemSparse,blood-red:5,28.7918,0.8,False,
ley-line,ley-line,ley-line,,ley-line,ley-line,compound,ley-line,,ley-line,nature_druid_emerald,,a line of spiritual energy,,line;energy,,,5,4,1,JournalEncounterSection,ley-line:5,28.7918,0.8,False,
growth-covered,growth-cover,growth-covered,,growth-cover,growth-cover,compound,growth-covered,,growth-covered,nature_druid_emerald,,covered in growth or vegetation,,growth;vegetation,,,4,4,1,JournalEncounterSection,growth-covered:4,28.6094,0.9,False,
light-gorged,light-gorg,light-gorged,,light-gorg,light-gorg,compound,light-gorged,,light-gorged,nature_druid_emerald,,filled with or surrounded by light,,light;surrounded,,,4,4,1,JournalEncounterSection,light-gorged:4,28.6094,0.9,False,
ara-kara,ara-kara,ara-kara,,ara-kara,ara-kara,compound,ara-kara,,ara-kara,nature_druid_emerald,,a place or location of natural beauty and wonder,,,,,3,2,1,JournalEncounter,ara-kara:3,28.3863,0.7,True,low_confidence
koi-scented,koi-scent,koi-scented,,koi-scent,koi-scent,compound,koi-scented,,koi-scented,nature_druid_emerald,,having a scent or smell reminiscent of koi fish,,fragrance;scent;odor,stinky;unpleasant,,3,3,1,ItemSparse,koi-scented:3,28.3863,0.8,False,
seed-battered,seed-batter,seed-battered,,seed-batter,seed-batter,compound,seed-battered,,seed-battered,nature_druid_emerald,,"covered or coated with seeds, often in a culinary context",,food;cooking;recipe,seedless;bare,,3,3,1,ItemSparse,seed-battered:3,28.3863,0.9,False,
serpentine-shaped,serpentine-shap,serpentine-shaped,,serpentine-shap,serpentine-shap,compound,serpentine-shaped,,serpentine-shaped,nature_druid_emerald,,"having or resembling a serpent's shape, often curved and sinuous",,snake;reptile;animal,straight;linear,,3,3,1,ItemSparse,serpentine-shaped:3,28.3863,0.8,False,
bee-haw,bee-haw,bee-haw,,bee-haw,bee-haw,compound,bee-haw,,bee-haw,nature_druid_emerald,,a type of insect or creature associated with bees or hives,,bee;insect;creature,non-bee;non-insect; non-creature,,2,2,1,JournalEncounterSection,bee-haw:2,28.0986,0.8,False,
bite-sized,bite-siz,bite-sized,,bite-siz,bite-siz,compound,bite-sized,,bite-sized,nature_druid_emerald,,"small or manageable in size, often associated with food or consumption",,small;manageable;consumable,large;unmanageable; non-consumable,,2,2,1,ItemSparse,bite-sized:2,28.0986,0.8,False,
broom-like,broom-like,broom-like,,broom-like,broom-like,compound,broom-like,,broom-like,nature_druid_emerald,,resembling a broom in shape or appearance,,brush;sweep;cleaning,smooth;even;uniform,,2,2,1,ItemSparse,broom-like:2,28.0986,0.6,True,low_confidence
dino-mending,dino-mend,dino-mending,,dino-mend,dino-mend,compound,dino-mending,,dino-mending,nature_druid_emerald,,the act of repairing or healing a dinosaur,,repair;heal;mend,harm;damage;injure,,2,2,1,JournalEncounterSection,dino-mending:2,28.0986,0.7,True,low_confidence
dryad-crafted,dryad-craft,dryad-crafted,,dryad-craft,dryad-craft,compound,dryad-crafted,,dryad-crafted,nature_druid_emerald,,something created or made by a dryad,,craft;make;create,destroy;ruin;demolish,,2,2,1,ItemSparse,dryad-crafted:2,28.0986,0.8,False,
expertly-woven,expertly-woven,expertly-woven,,expertly-woven,expertly-woven,compound,expertly-woven,,expertly-woven,nature_druid_emerald,,something that is skillfully or expertly woven,,weave;skillful;expert,careless;negligent;incompetent,,2,2,1,ItemSparse,expertly-woven:2,28.0986,0.8,False,
fro-grow,fro-grow,fro-grow,,fro-grow,fro-grow,compound,fro-grow,,fro-grow,nature_druid_emerald,,"to grow or develop rapidly, especially in a magical sense",,grow;develop,slow-growth;stunted,,2,2,1,ItemSparse,fro-grow:2,28.0986,0.5,True,low_confidence
frost-laced,frost-lac,frost-laced,,frost-lac,frost-lac,compound,frost-laced,,frost-laced,nature_druid_emerald,,containing or characterized by frost,,laced;characterized,non-frosted;unfrosted,,2,2,1,ItemSparse,frost-laced:2,28.0986,0.8,False,
gale-force,gale-force,gale-force,,gale-force,gale-force,compound,gale-force,,gale-force,nature_druid_emerald,,"extremely strong or powerful, especially in the context of wind or weather",,force;powerful,weak;gentle,,2,2,1,ItemSparse,gale-force:2,28.0986,0.8,False,
growth-accelerating,growth-accelerat,growth-accelerating,,growth-accelerat,growth-accelerat,compound,growth-accelerating,,growth-accelerating,nature_druid_emerald,,"causing or promoting rapid growth, especially in a magical sense",,accelerating;promoting,slow-growth;stunted,,2,2,1,ItemSparse,growth-accelerating:2,28.0986,0.5,True,low_confidence
head-like,head-like,head-like,,head-like,head-like,compound,head-like,,head-like,nature_druid_emerald,,"resembling or having the characteristics of a head, possibly in a symbolic or metaphorical sense",,like;resembling,non-head-like;uncharacteristic,,2,2,1,ItemSparse,head-like:2,28.0986,0.5,True,low_confidence
multi-legged,multi-legg,multi-legged,,multi-legg,multi-legg,compound,multi-legged,,multi-legged,nature_druid_emerald,,"having many legs, often used to describe insects or arachnids",,leg;insect;arachnid,,,2,2,1,ItemSparse,multi-legged:2,28.0986,0.9,False,
plant-like,plant-like,plant-like,,plant-like,plant-like,compound,plant-like,,plant-like,nature_druid_emerald,,"resembling or similar to plants, often used to describe objects or creatures",,plant;creature;object,,,2,2,1,ItemSparse,plant-like:2,28.0986,0.9,False,
rose-colored,rose-color,rose-colored,,rose-color,rose-color,compound,rose-colored,,rose-colored,nature_druid_emerald,,having a pinkish color,,color;hue;tint,drab;dull;bleak,,2,2,1,ItemSparse,rose-colored:2,28.0986,0.8,False,
salt-baked,salt-bak,salt-baked,,salt-bak,salt-bak,compound,salt-baked,,salt-baked,nature_druid_emerald,,baked in salt,,bake;cook;prepare,raw;uncooked;underdone,,2,2,1,ItemSparse,salt-baked:2,28.0986,0.7,True,low_confidence
star-shaped,star-shap,star-shaped,,star-shap,star-shap,compound,star-shaped,,star-shaped,nature_druid_emerald,,having a star-like shape,,shape;form;appearance,round;circular;oval,,2,2,1,ItemSparse,star-shaped:2,28.0986,0.7,True,low_confidence
sun-baked,sun-bak,sun-baked,,sun-bak,sun-bak,compound,sun-baked,,sun-baked,nature_druid_emerald,,baked in the sun,,bake;cook;prepare,raw;uncooked;underdone,,2,2,1,ItemSparse,sun-baked:2,28.0986,0.7,True,low_confidence
sun-drenched,sun-drench,sun-drenched,,sun-drench,sun-drench,compound,sun-drenched,,sun-drenched,nature_druid_emerald,,drenched in sunlight,,sunlight;sun;weather,shaded;shadowed;overcast,,2,2,1,ItemSparse,sun-drenched:2,28.0986,0.8,False,
wave-like,wave-like,wave-like,,wave-like,wave-like,compound,wave-like,,wave-like,nature_druid_emerald,,resembling a wave or having a wavy motion,,blades;water;flowing,still;static,,2,2,1,ItemSparse,wave-like:2,28.0986,0.8,False,
age-fermented,age-ferment,age-fermented,,age-ferment,age-ferment,compound,age-fermented,,age-fermented,nature_druid_emerald,,"fermented over time, aged",,age;fermented;time,,,1,1,1,ItemSparse,age-fermented:1,27.6931,0.7,True,low_confidence
amber-encased,amber-encas,amber-encased,,amber-encas,amber-encas,compound,amber-encased,,amber-encased,nature_druid_emerald,,"encased in amber, preserved",,amber;encased;preserved,,,1,1,1,JournalEncounterSection,amber-encased:1,27.6931,0.8,False,
amber-like,amber-like,amber-like,,amber-like,amber-like,compound,amber-like,,amber-like,nature_druid_emerald,,"like amber, resinous",,amber;resinous;like,,,1,1,1,ItemSparse,amber-like:1,27.6931,0.7,True,low_confidence
animals--not,animals--not,animals--not,,animals--not,animals--not,compound,animals--not,,animals--not,nature_druid_emerald,,excluding animals or not referring to them,,,,,1,1,1,ItemSparse,animals--not:1,27.6931,0.7,True,low_confidence
ape-shaped,ape-shap,ape-shaped,,ape-shap,ape-shap,compound,ape-shaped,,ape-shaped,nature_druid_emerald,,having a shape or form similar to that of an ape,,,,,1,1,1,ItemSparse,ape-shaped:1,27.6931,0.8,False,
bark-like,bark-like,bark-like,,bark-like,bark-like,compound,bark-like,,bark-like,nature_druid_emerald,,"resembling bark, possibly related to nature or the outdoors",,bark;scroll,,,1,1,1,ItemSparse,bark-like:1,27.6931,0.8,False,
blue-tinted,blue-tint,blue-tinted,,blue-tint,blue-tint,compound,blue-tinted,,blue-tinted,nature_druid_emerald,,having a blue or bluish coloration,,,,,1,1,1,ItemSparse,blue-tinted:1,27.6931,0.7,True,low_confidence
bluish-white,bluish-white,bluish-white,,bluish-white,bluish-white,compound,bluish-white,,bluish-white,nature_druid_emerald,,having a bluish or whitish coloration,,,,,1,1,1,ItemSparse,bluish-white:1,27.6931,0.6,True,low_confidence
bone-white,bone-white,bone-white,,bone-white,bone-white,compound,bone-white,,bone-white,nature_druid_emerald,,having a whitish or bone-like coloration,,,,,1,1,1,ItemSparse,bone-white:1,27.6931,0.6,True,low_confidence
bowl-shaped,bowl-shap,bowl-shaped,,bowl-shap,bowl-shap,compound,bowl-shaped,,bowl-shaped,nature_druid_emerald,,having a bowl-like or rounded shape,,,,,1,1,1,ItemSparse,bowl-shaped:1,27.6931,0.6,True,low_confidence
claw-like,claw-like,claw-like,,claw-like,claw-like,compound,claw-like,,claw-like,nature_druid_emerald,,resembling a claw or talon,,fierce;deadly;sharp,gentle;soft,,1,1,1,ItemSparse,claw-like:1,27.6931,0.7,True,low_confidence
coccoon-like,coccoon-like,coccoon-like,,coccoon-like,coccoon-like,compound,coccoon-like,,coccoon-like,nature_druid_emerald,,resembling a cocoon or protective covering,,safe;protected;enclosed,exposed;vulnerable,,1,1,1,ItemSparse,coccoon-like:1,27.6931,0.7,True,low_confidence
constantly-shifting,constantly-shift,constantly-shifting,,constantly-shift,constantly-shift,compound,constantly-shifting,,constantly-shifting,nature_druid_emerald,,always changing or in motion,,dynamic;fluid;unstable,static;stable,,1,1,1,ItemSparse,constantly-shifting:1,27.6931,0.7,True,low_confidence
cross-section,cross-section,cross-section,,cross-section,cross-section,compound,cross-section,,cross-section,nature_druid_emerald,,a section cut through something to show its internal structure,,section;cut,,,1,1,1,ItemSparse,cross-section:1,27.6931,0.8,False,
deep-red,deep-r,deep-red,,deep-r,deep-r,compound,deep-red,,deep-red,nature_druid_emerald,,related to deep red color or nature,,red;color;nature,light;blue,,1,1,1,ItemSparse,deep-red:1,27.6931,0.9,False,
deeply-colored,deeply-color,deeply-colored,,deeply-color,deeply-color,compound,deeply-colored,,deeply-colored,nature_druid_emerald,,having a rich and vibrant color,,vivid;bright,pale;faded,,1,1,1,ItemSparse,deeply-colored:1,27.6931,0.7,True,low_confidence
ever-shifting,ever-shift,ever-shifting,,ever-shift,ever-shift,compound,ever-shifting,,ever-shifting,nature_druid_emerald,,"continuously changing or adapting, often in a fluid or dynamic way",,shift;change;dynamic,,,1,1,1,ItemSparse,ever-shifting:1,27.6931,1.0,False,
forest-tenders,forest-tender,forest-tenders,,forest-tender,forest-tender,compound,forest-tenders,,forest-tenders,nature_druid_emerald,,people who care for or tend to the forest and its plants,,,,,1,1,1,JournalEncounter,forest-tenders:1,27.6931,0.7,True,low_confidence
fresh-cut,fresh-cut,fresh-cut,,fresh-cut,fresh-cut,compound,fresh-cut,,fresh-cut,nature_druid_emerald,,recently cut or trimmed plants,,plants;trimmed,,,1,1,1,ItemSparse,fresh-cut:1,27.6931,0.7,True,low_confidence
freshly-collected,freshly-collect,freshly-collected,,freshly-collect,freshly-collect,compound,freshly-collected,,freshly-collected,nature_druid_emerald,,recently gathered or picked plants,,plants;gathered,,,1,1,1,ItemSparse,freshly-collected:1,27.6931,0.5,True,low_confidence
freshly-plucked,freshly-pluck,freshly-plucked,,freshly-pluck,freshly-pluck,compound,freshly-plucked,,freshly-plucked,nature_druid_emerald,,recently picked or gathered plants,,plants;picked,,,1,1,1,ItemSparse,freshly-plucked:1,27.6931,0.5,True,low_confidence
gel-like,gel-like,gel-like,,gel-like,gel-like,compound,gel-like,,gel-like,nature_druid_emerald,,having a gelatinous or jelly-like consistency,,spider;sac;incubate,,,1,1,1,ItemSparse,gel-like:1,27.6931,0.9,False,
green-skinned,green-skinn,green-skinned,,green-skinn,green-skinn,compound,green-skinned,,green-skinned,nature_druid_emerald,,having green skin,,verdant;lush;primal,pale;withered;desiccated,,1,1,1,JournalEncounter,green-skinned:1,27.6931,0.7,True,low_confidence
half-giant,half-giant,half-giant,,half-giant,half-giant,compound,half-giant,,half-giant,nature_druid_emerald,,a creature that is half-human and half-giant,,giant;humanoid;hybrid,full-grown;mature;adult,,1,1,1,ItemNameDescription,half-giant:1,27.6931,0.7,True,low_confidence
half-hatched,half-hatch,half-hatched,,half-hatch,half-hatch,compound,half-hatched,,half-hatched,nature_druid_emerald,,partially developed or emerged from an egg,,hatched;developed;emerged,fully-formed;mature;adult,,1,1,1,ItemSparse,half-hatched:1,27.6931,0.8,False,
high-altitude,high-altitude,high-altitude,,high-altitude,high-altitude,compound,high-altitude,,high-altitude,nature_druid_emerald,,"at a high elevation, in the mountains",,,,,1,1,1,ItemSparse,high-altitude:1,27.6931,0.6,True,low_confidence
horn-like,horn-like,horn-like,,horn-like,horn-like,compound,horn-like,,horn-like,nature_druid_emerald,,"having a horn, like an animal's horn",,,,,1,1,1,ItemSparse,horn-like:1,27.6931,0.6,True,low_confidence
horse-like,horse-like,horse-like,,horse-like,horse-like,compound,horse-like,,horse-like,nature_druid_emerald,,"like a horse, having the characteristics of a horse",,,,,1,1,1,ItemSparse,horse-like:1,27.6931,0.4,True,low_confidence
ice-cold,ice-cold,ice-cold,,ice-cold,ice-cold,compound,ice-cold,,ice-cold,nature_druid_emerald,,extremely cold,,cold;frosty;icy,,,1,1,1,ItemSparse,ice-cold:1,27.6931,1.0,False,
ice-like,ice-like,ice-like,,ice-like,ice-like,compound,ice-like,,ice-like,nature_druid_emerald,,resembling ice in appearance or texture,,ice;frosty;icy,,,1,1,1,ItemSparse,ice-like:1,27.6931,1.0,False,
jungle-style,jungle-style,jungle-style,,jungle-style,jungle-style,compound,jungle-style,,jungle-style,nature_druid_emerald,,"in the style of a jungle or tropical environment, often referring to music or art",,,,,1,1,1,ItemSparse,jungle-style:1,27.6931,1.0,False,
kelp-wrapped,kelp-wrapp,kelp-wrapped,,kelp-wrapp,kelp-wrapp,compound,kelp-wrapped,,kelp-wrapped,nature_druid_emerald,,"wrapped or covered in kelp, often referring to a plant or object",,,,,1,1,1,JournalEncounterSection,kelp-wrapped:1,27.6931,1.0,False,
leather-skinned,leather-skinn,leather-skinned,,leather-skinn,leather-skinn,compound,leather-skinned,,leather-skinned,nature_druid_emerald,,having skin that is covered in leather or resembling leather,,leather;skin;resembling,smooth;hairless,,1,1,1,ItemSparse,leather-skinned:1,27.6931,0.7,True,low_confidence
light-as-air,light-as-air,light-as-air,,light-as-air,light-as-air,compound,light-as-air,,light-as-air,nature_druid_emerald,,"having a light or airy texture, often in the context of materials or fabrics",,light;airy;texture,heavy;dense,,1,1,1,ItemSparse,light-as-air:1,27.6931,0.7,True,low_confidence
lime-green,lime-green,lime-green,,lime-green,lime-green,compound,lime-green,,lime-green,nature_druid_emerald,,greenish-yellow in color,,verdant;lush;emerald,,,1,1,1,ItemSparse,lime-green:1,27.6931,0.6,True,low_confidence
long-lived,long-liv,long-lived,,long-liv,long-liv,compound,long-lived,,long-lived,nature_druid_emerald,,living for a long time,,ancient;eternal;immortal,,,1,1,1,ItemSparse,long-lived:1,27.6931,0.2,True,low_confidence
low-hanging,low-hang,low-hanging,,low-hang,low-hang,compound,low-hanging,,low-hanging,nature_druid_emerald,,hanging low or close to the ground,,near;adjacent;proximate,,,1,1,1,ItemSparse,low-hanging:1,27.6931,0.5,True,low_confidence
maple-like,maple-like,maple-like,,maple-like,maple-like,compound,maple-like,,maple-like,nature_druid_emerald,,resembling maple leaves or trees,,maple;leafy;green,barren;desolate,,1,1,1,ItemSparse,maple-like:1,27.6931,0.7,True,low_confidence
mechano-pup,mechano-pup,mechano-pup,,mechano-pup,mechano-pup,compound,mechano-pup,,mechano-pup,nature_druid_emerald,,a type of mechanical device inspired by nature,,,,,1,1,1,BroadcastText,mechano-pup:1,27.6931,1.0,False,
mineral-rich,mineral-rich,mineral-rich,,mineral-rich,mineral-rich,compound,mineral-rich,,mineral-rich,nature_druid_emerald,,containing a high concentration of minerals,,,,,1,1,1,ItemSparse,mineral-rich:1,27.6931,1.0,False,
moist-ish,moist-ish,moist-ish,,moist-ish,moist-ish,compound,moist-ish,,moist-ish,nature_druid_emerald,,slightly damp or humid,,damp;humid;wet,dry;arid,,1,1,1,ItemSparse,moist-ish:1,27.6931,0.7,True,low_confidence
moss-covered,moss-cover,moss-covered,,moss-cover,moss-cover,compound,moss-covered,,moss-covered,nature_druid_emerald,,covered in moss or lichen,,moss;lichen;covered,bare;exposed,,1,1,1,ItemSparse,moss-covered:1,27.6931,0.7,True,low_confidence
mud-crusted,mud-crust,mud-crusted,,mud-crust,mud-crust,compound,mud-crusted,,mud-crusted,nature_druid_emerald,,covered in mud or dirt,,mud;dirt;crusted,clean;spotless,,1,1,1,ItemSparse,mud-crusted:1,27.6931,0.7,True,low_confidence
mud-lined,mud-lin,mud-lined,,mud-lin,mud-lin,compound,mud-lined,,mud-lined,nature_druid_emerald,,lined or covered with mud or dirt,,mud;dirt;lined,dry;clean,,1,1,1,ItemSparse,mud-lined:1,27.6931,0.8,False,
musky-smelling,musky-smell,musky-smelling,,musky-smell,musky-smell,compound,musky-smelling,,musky-smelling,nature_druid_emerald,,having a strong or unpleasant smell,,smell;strong;unpleasant,fragrant;pleasant,,1,1,1,ItemSparse,musky-smelling:1,27.6931,0.7,True,low_confidence
never-wilting,never-wilt,never-wilting,,never-wilt,never-wilt,compound,never-wilting,,never-wilting,nature_druid_emerald,,"remaining fresh or vibrant, never wilting or fading",,wilting;fading;fresh,wilted;faded,,1,1,1,ItemSparse,never-wilting:1,27.6931,0.7,True,low_confidence
non-fungal,non-fungal,non-fungal,,non-fungal,non-fungal,compound,non-fungal,,non-fungal,nature_druid_emerald,,not fungal,,fungal;family;words,,,1,1,1,ItemSparse,non-fungal:1,27.6931,0.2,True,low_confidence
non-fungarians,non-fungarian,non-fungarians,,non-fungarian,non-fungarian,compound,non-fungarians,,non-fungarians,nature_druid_emerald,,not fungarians,,fungarians;family;words,,,1,1,1,ItemSparse,non-fungarians:1,27.6931,0.1,True,low_confidence
not-so-dainty,not-so-dainty,not-so-dainty,,not-so-dainty,not-so-dainty,compound,not-so-dainty,,not-so-dainty,nature_druid_emerald,,not dainty,,dainty;family;words,,,1,1,1,ItemSparse,not-so-dainty:1,27.6931,0.7,True,low_confidence
ogre-sized,ogre-siz,ogre-sized,,ogre-siz,ogre-siz,compound,ogre-sized,,ogre-sized,nature_druid_emerald;travel_places,,very large or enormous in size,,size;large;enormous,small;tiny,,1,1,1,ItemSparse,ogre-sized:1,27.6931,1.0,False,
old-and-yellow,old-and-yellow,old-and-yellow,,old-and-yellow,old-and-yellow,compound,old-and-yellow,,old-and-yellow,nature_druid_emerald;travel_places,,having a yellow color and being old or aged,,color;yellow;age,new;fresh,,1,1,1,ItemSparse,old-and-yellow:1,27.6931,1.0,False,
old-looking,old-look,old-looking,,old-look,old-look,compound,old-looking,,old-looking,nature_druid_emerald;travel_places,,having an appearance that suggests age or antiquity,,appearance;age;antiquity,new;modern,,1,1,1,ItemSparse,old-looking:1,27.6931,1.0,False,
olive-green,olive-green,olive-green,,olive-green,olive-green,compound,olive-green,,olive-green,nature_druid_emerald;travel_places,,having a green color similar to that of olives,,color;green;olive,blue;red,,1,1,1,ItemSparse,olive-green:1,27.6931,1.0,False,
once-beautiful,once-beautiful,once-beautiful,,once-beautiful,once-beautiful,compound,once-beautiful,,once-beautiful,nature_druid_emerald;travel_places,,"having been beautiful in the past, but no longer so",,beauty;past;no longer,beautiful;lovely,,1,1,1,ItemSparse,once-beautiful:1,27.6931,1.0,False,
once-bright,once-bright,once-bright,,once-bright,once-bright,compound,once-bright,,once-bright,nature_druid_emerald;travel_places,,"having been bright in the past, but no longer so",,brightness;past;no longer,bright;shining,,1,1,1,ItemSparse,once-bright:1,27.6931,1.0,False,
once-fiery,once-fiery,once-fiery,,once-fiery,once-fiery,compound,once-fiery,,once-fiery,nature_druid_emerald;travel_places,,"having been fiery or passionate in the past, but no longer so",,fire;passion;past,fiery;passionate,,1,1,1,ItemSparse,once-fiery:1,27.6931,1.0,False,
once-majestic,once-majestic,once-majestic,,once-majestic,once-majestic,compound,once-majestic,,once-majestic,nature_druid_emerald;travel_places,,"having been majestic or impressive in the past, but no longer so",,majesty;past;no longer,majestic;impressive,,1,1,1,ItemSparse,once-majestic:1,27.6931,1.0,False,
once-raging,once-rag,once-raging,,once-rag,once-rag,compound,once-raging,,once-raging,nature_druid_emerald;travel_places,,"having been raging or intense in the past, but no longer so",,rage;past;no longer,raging;intense,,1,1,1,ItemSparse,once-raging:1,27.6931,1.0,False,
pale-green,pale-green,pale-green,,pale-green,pale-green,compound,pale-green,,pale-green,nature_druid_emerald;trade_crafting,,having a pale or light green color,,color;green;pale,vibrant;bright;vivid,,1,1,1,ItemSparse,pale-green:1,27.6931,0.7,True,low_confidence
palm-sized,palm-siz,palm-sized,,palm-siz,palm-siz,compound,palm-sized,,palm-sized,nature_druid_emerald,,small enough to hold in one's palm,,,,,1,1,1,ItemSparse,palm-sized:1,27.6931,0.8,False,
pine-scented,pine-scent,pine-scented,,pine-scent,pine-scent,compound,pine-scented,,pine-scented,nature_druid_emerald,,"having a scent or fragrance reminiscent of pine, often used to describe a type of air freshener or cleaning product",,,,,1,1,1,ItemSparse,pine-scented:1,27.6931,0.9,False,
plant-based,plant-bas,plant-based,,plant-bas,plant-bas,compound,plant-based,,plant-based,nature_druid_emerald,,"based on or derived from plants, often used to describe a type of food or product",,,,,1,1,1,ItemSparse,plant-based:1,27.6931,0.9,False,
plant-eaters,plant-eater,plant-eaters,,plant-eater,plant-eater,compound,plant-eaters,,plant-eaters,nature_druid_emerald,,"animals that eat plants, often used to describe a type of herbivore or omnivore",,,,,1,1,1,ItemSparse,plant-eaters:1,27.6931,0.8,False,
primal-attuned,primal-attun,primal-attuned,,primal-attun,primal-attun,compound,primal-attuned,,primal-attuned,nature_druid_emerald,,something that is attuned to or in harmony with nature and the primal forces,,natural;primal;harmonious,artificial;synthetic;discordant,,1,1,1,ItemSparse,primal-attuned:1,27.6931,0.1,True,low_confidence
primalist-allied,primalist-ally,primalist-allied,,primalist-ally,primalist-ally,compound,primalist-allied,,primalist-allied,nature_druid_emerald,,something that is allied with or supported by the primal forces and nature,,allied;supported;harmonious,opposed;antagonistic;discordant,,1,1,1,ItemSparse,primalist-allied:1,27.6931,0.1,True,low_confidence
pure-air,pure-air,pure-air,,pure-air,pure-air,compound,pure-air,,pure-air,nature_druid_emerald,,clean air,,fresh;clear;breeze,polluted;toxic,,1,1,1,ItemSparse,pure-air:1,27.6931,1.0,False,
purity--perfect,purity--perfect,purity--perfect,,purity--perfect,purity--perfect,compound,purity--perfect,,purity--perfect,nature_druid_emerald,,complete purity,,spotless;flawless;immaculate,impure;tainted,,1,1,1,ItemSparse,purity--perfect:1,27.6931,1.0,False,
purple-hued,purple-hue,purple-hued,,purple-hue,purple-hue,compound,purple-hued,,purple-hued,nature_druid_emerald,,having a purple color,,violet;lavender;lilac,colorless;gray,,1,1,1,ItemSparse,purple-hued:1,27.6931,1.0,False,
red-hued,red-hue,red-hued,,red-hue,red-hue,compound,red-hued,,red-hued,nature_druid_emerald,,"having a reddish or pinkish color, often due to the presence of certain pigments or dyes",,color;hue;pigment,colorless;white,,1,1,1,ItemSparse,red-hued:1,27.6931,0.7,True,low_confidence
reddish-green,reddish-green,reddish-green,,reddish-green,reddish-green,compound,reddish-green,,reddish-green,nature_druid_emerald,,"having a reddish or greenish color, often due to the presence of certain pigments or dyes",,color;hue;pigment,colorless;white,,1,1,1,ItemSparse,reddish-green:1,27.6931,0.6,True,low_confidence
rose-infused,rose-infus,rose-infused,,rose-infus,rose-infus,compound,rose-infused,,rose-infused,nature_druid_emerald,,"infused with the essence or spirit of roses, possibly in a natural or mystical context",,rose;essence,,,1,1,1,ItemSparse,rose-infused:1,27.6931,0.7,True,low_confidence
sandy-colored,sandy-color,sandy-colored,,sandy-color,sandy-color,compound,sandy-colored,,sandy-colored,nature_druid_emerald,,"colored like sand, possibly in a natural or mystical context",,sand;color,,,1,1,1,ItemSparse,sandy-colored:1,27.6931,0.9,False,
sap-covered,sap-cover,sap-covered,,sap-cover,sap-cover,compound,sap-covered,,sap-covered,nature_druid_emerald,,covered in sap,,sticky;resinous;plant,,,1,1,1,ItemSparse,sap-covered:1,27.6931,0.9,False,
sea-dwelling,sea-dwell,sea-dwelling,,sea-dwell,sea-dwell,compound,sea-dwelling,,sea-dwelling,nature_druid_emerald,,living in the sea,,marine;aquatic;oceanic,terrestrial;land-dwelling;desert-dwelling,,1,1,1,ItemSparse,sea-dwelling:1,27.6931,0.9,False,
snake-like,snake-like,snake-like,,snake-like,snake-like,compound,snake-like,,snake-like,nature_druid_emerald,,resembling a snake in shape or movement,,serpent;reptile;slithering,bird-like;flying;winged,,1,1,1,JournalEncounter,snake-like:1,27.6931,0.7,True,low_confidence
snow-white,snow-white,snow-white,,snow-white,snow-white,compound,snow-white,,snow-white,nature_druid_emerald,,"completely white, like snow",,white;pure;clean,dark;dirty;tainted,,1,1,1,ItemSparse,snow-white:1,27.6931,0.9,False,
soul-enriched,soul-enrich,soul-enriched,,soul-enrich,soul-enrich,compound,soul-enriched,,soul-enriched,nature_druid_emerald,,enriched or improved by the soul,,enrich;improve;enhance,degrade;deteriorate;weaken,,1,1,1,ItemSparse,soul-enriched:1,27.6931,0.6,True,low_confidence
sour-tasting,sour-tast,sour-tasting,,sour-tast,sour-tast,compound,sour-tasting,,sour-tasting,nature_druid_emerald,,having a sour or unpleasant taste,,taste;flavor;palate,sweet;pleasant;delicious,,1,1,1,ItemSparse,sour-tasting:1,27.6931,0.8,False,
spore-coated,spore-coate,spore-coated,,spore-coate,spore-coate,compound,spore-coated,,spore-coated,nature_druid_emerald,,covered or coated with spores,,spore;cover;coat,bare;exposed;unprotected,,1,1,1,ItemSparse,spore-coated:1,27.6931,0.9,False,
spore-laden,spore-laden,spore-laden,,spore-laden,spore-laden,compound,spore-laden,,spore-laden,nature_druid_emerald,,carrying or bearing spores,,carry;bear;transport,empty;barren;unfruitful,,1,1,1,ItemSparse,spore-laden:1,27.6931,0.7,True,low_confidence
spriggan-sized,spriggan-siz,spriggan-sized,,spriggan-siz,spriggan-siz,compound,spriggan-sized,,spriggan-sized,nature_druid_emerald,,of a size or scale similar to that of a spriggan,,size;scale;proportion,tiny;small;minuscule,,1,1,1,ItemSparse,spriggan-sized:1,27.6931,0.8,False,
stable--despite,stable--despite,stable--despite,,stable--despite,stable--despite,compound,stable--despite,,stable--despite,nature_druid_emerald,,remaining stable or steady despite difficulties,,stable;steady;firm,unstable;shaky;wobbly,,1,1,1,ItemSparse,stable--despite:1,27.6931,0.8,False,
staff--along,staff--along,staff--along,,staff--along,staff--along,compound,staff--along,,staff--along,nature_druid_emerald,,accompanying or following with a staff,,accompany;follow;escort,abandon;leave;desert,,1,1,1,JournalEncounter,staff--along:1,27.6931,0.9,False,
sun-golden,sun-golden,sun-golden,,sun-golden,sun-golden,compound,sun-golden,,sun-golden,nature_druid_emerald,,golden or shining like the sun,,,,,1,1,1,ItemSparse,sun-golden:1,27.6931,0.8,False,
surged--it,surged--it,surged--it,,surged--it,surged--it,compound,surged--it,,surged--it,nature_druid_emerald,,a sudden increase in energy or power,,sunwell;lightbloom,,,1,1,1,BroadcastText,surged--it:1,27.6931,0.6,True,low_confidence
teal-colored,teal-color,teal-colored,,teal-color,teal-color,compound,teal-colored,,teal-colored,nature_druid_emerald,,a type of color or hue that is greenish-blue,,crystal;light,,,1,1,1,ItemSparse,teal-colored:1,27.6931,0.8,False,
thorn-backed,thorn-back,thorn-backed,,thorn-back,thorn-back,compound,thorn-backed,,thorn-backed,nature_druid_emerald,,having a thorn or prickly structure on the back,,thorn;prickly;back,,,1,1,1,ItemSparse,thorn-backed:1,27.6931,0.9,False,
thriving--but,thriving--but,thriving--but,,thriving--but,thriving--but,compound,thriving--but,,thriving--but,nature_druid_emerald,,"relating to something that is thriving or flourishing, but also has some issues",,thrive;flourish;issues,,,1,1,1,BroadcastText,thriving--but:1,27.6931,0.7,True,low_confidence
thunder--and,thunder--and,thunder--and,,thunder--and,thunder--and,compound,thunder--and,,thunder--and,nature_druid_emerald,,"relating to thunder or a storm, possibly accompanied by something else",,thunder;storm;something,,,1,1,1,BroadcastText,thunder--and:1,27.6931,0.7,True,low_confidence
tiger-skin,tiger-skin,tiger-skin,,tiger-skin,tiger-skin,compound,tiger-skin,,tiger-skin,nature_druid_emerald,,"relating to the skin of a tiger, possibly used as a material or decoration",,skin;tiger;material,,,1,1,1,ItemSparse,tiger-skin:1,27.6931,0.9,False,
two-legged,two-legg,two-legged,,two-legg,two-legg,compound,two-legged,,two-legged,nature_druid_emerald,, creature with two legs,,leg;creature,,,1,1,1,ItemSparse,two-legged:1,27.6931,1.0,False,
vegetable-based,vegetable-bas,vegetable-based,,vegetable-bas,vegetable-bas,compound,vegetable-based,,vegetable-based,nature_druid_emerald,,"relating to or derived from plants, especially in a dietary sense",,plant;dietary;natural,meat-based;animal-derived,,1,1,1,ItemSparse,vegetable-based:1,27.6931,0.8,False,
violet-colored,violet-color,violet-colored,,violet-color,violet-color,compound,violet-colored,,violet-colored,nature_druid_emerald,,having a purple or lavender color,,purple;lavender;lilac,colorless;white;black,,1,1,1,ItemSparse,violet-colored:1,27.6931,0.6,True,low_confidence
normal,normal,normal,,normal,normal,base,normal,,,nature_druid_emerald,,conforming to the standard or average,,usual;ordinary,,,204,199,5,BroadcastText;ItemNameDescription;ItemSparse;JournalEncounter;JournalEncounterSection,normal:204,15.323,0.7,True,low_confidence
rare,rare,rare,,rare,rare,base,rare,,,nature_druid_emerald,,happening or done only a few times,,uncommon;scarce,,,193,193,5,BroadcastText;ItemNameDescription;ItemSparse;JournalEncounter;JournalEncounterSection,rare:193,15.2679,0.8,False,
better,better,better,,better,better,base,better,,,nature_druid_emerald,,more good or improved,,good;improved,,,188,184,5,BroadcastText;ItemNameDescription;ItemSparse;JournalEncounter;JournalEncounterSection,better:188,15.2417,0.8,False,
every,every,every,,every,every,base,every,,,nature_druid_emerald,,happening or done for each person or thing in a group,,each;all,,,1149,1086,4,BroadcastText;ItemSparse;JournalEncounter;JournalEncounterSection,every:1149,15.0475,0.8,False,
eyes,eye,eyes,,eye,eye,inflected_form,eyes,,,nature_druid_emerald,,the organs of sight in the head,,sight;vision,,,149,143,5,BroadcastText;ItemNameDescription;ItemSparse;JournalEncounter;JournalEncounterSection,eyes:149,15.0106,0.9,False,
eternal,eternal,eternal,,eternal,eternal,base,eternal,,,nature_druid_emerald,,lasting forever or without end,,everlasting;immortal;timeless,,,130,130,5,BroadcastText;ItemNameDescription;ItemSparse;JournalEncounter;JournalEncounterSection,eternal:130,14.8752,0.4,True,low_confidence
physical,physical,physical,,physical,physical,base,physical,,,nature_druid_emerald,,relating to the body or material world,,material;bodily;corporeal,,,796,750,4,BroadcastText;ItemSparse;JournalEncounter;JournalEncounterSection,physical:796,14.6809,0.5,True,low_confidence
wild,wild,wild,,wild,wild,base,wild,,,nature_druid_emerald,,not domesticated or cultivated,,untamed;fierce,,,97,95,5,BroadcastText;ItemNameDescription;ItemSparse;JournalEncounter;JournalEncounterSection,wild:97,14.585,1.0,False,
endless,endless,endless,,endless,endless,base,endless,,,nature_druid_emerald,,having no end or limit,,infinite;boundless,,,83,81,5,BroadcastText;ItemNameDescription;ItemSparse;JournalEncounter;JournalEncounterSection,endless:83,14.4308,1.0,False,
small,small,small,,small,small,base,small,,,nature_druid_emerald,,not large or big in size,,tiny;miniature,,,499,497,4,BroadcastText;ItemSparse;JournalEncounter;JournalEncounterSection,small:499,14.2146,0.7,True,low_confidence
king,king,king,,king,king,base,king,,,nobility_titles_power,,a monarch or ruler,,queen;lord,,,380,340,5,BroadcastText;ItemNameDescription;ItemSparse;JournalEncounter;JournalEncounterSection,king:380,45.9428,0.5,True,low_confidence
queen,queen,queen,,queen,queen,base,queen,,,nobility_titles_power,,a female monarch or ruler,,king;lord,,,189,182,5,BroadcastText;ItemNameDescription;ItemSparse;JournalEncounter;JournalEncounterSection,queen:189,45.247,0.8,False,
lord,lord,lord,,lord,lord,base,lord,,,nobility_titles_power,,"a person of high social status or authority, often with power over others",,person;status;authority,servant;subject,,381,356,4,BroadcastText;ItemSparse;JournalEncounter;JournalEncounterSection,lord:381,43.9454,0.9,False,
noble,noble,noble,,noble,noble,base,noble,,,nobility_titles_power,,"having or showing high moral standards, often in a way that is admirable or respected",,moral;admirable;respected,base;unworthy,,42,42,5,BroadcastText;ItemNameDescription;ItemSparse;JournalEncounter;JournalEncounterSection,noble:42,43.7612,0.5,True,low_confidence
court,court,court,,court,court,base,court,,,nobility_titles_power,,"a group of people who are in charge or have authority, often in a formal or official way",,group;authority;official,chaos;disorder,,40,38,5,BroadcastText;ItemNameDescription;ItemSparse;JournalEncounter;JournalEncounterSection,court:40,43.7136,0.3,True,low_confidence
reign,reign,reign,,reign,reign,base,reign,,,nobility_titles_power,,"a period of time when someone is in charge or has authority, often in a formal or official way",,period;authority;official,chaos;disorder,,27,27,5,BroadcastText;ItemNameDescription;ItemSparse;JournalEncounter;JournalEncounterSection,reign:27,43.3322,0.7,True,low_confidence
lady,lady,lady,,lady,lady,base,lady,,,nobility_titles_power,,a woman of high social status or rank,,woman;female;noble,commoner;peasant,,141,133,4,BroadcastText;ItemSparse;JournalEncounter;JournalEncounterSection,lady:141,42.9558,0.1,True,low_confidence
prince,prince,prince,,prince,prince,base,prince,,,nobility_titles_power,,a male member of a royal family or nobility,,male;royal;noble,commoner;peasant,,101,92,4,BroadcastText;ItemSparse;JournalEncounter;JournalEncounterSection,prince:101,42.625,0.1,True,low_confidence
crown,crown,crown,,crown,crown,base,crown,,,nobility_titles_power,,"a symbol of royal or noble status, often worn on the head",,symbol;status;rank,commoner;peasant,,75,75,4,BroadcastText;ItemSparse;JournalEncounter;JournalEncounterSection,crown:75,42.3307,0.1,True,low_confidence
princess,princess,princess,,princess,princess,base,princess,,,nobility_titles_power,,the daughter of a king or queen,,king;queen,,,51,45,4,BroadcastText;ItemSparse;JournalEncounter;JournalEncounterSection,princess:51,41.9512,1.0,False,
throne,throne,throne,,throne,throne,base,throne,,,nobility_titles_power,,"a chair or seat of state, especially one used by a king or queen",,chair;seat;stool,,,41,41,4,BroadcastText;ItemSparse;JournalEncounter;JournalEncounterSection,throne:41,41.7377,1.0,False,
baron,baron,baron,,baron,baron,base,baron,,,nobility_titles_power,,"a nobleman of high rank, typically ranking below a count or earl",,lord;noble;gentleman,,,33,26,4,BroadcastText;ItemSparse;JournalEncounter;JournalEncounterSection,baron:33,41.5264,1.0,False,
kingdom,kingdom,kingdom,,kingdom,kingdom,base,kingdom,,,nobility_titles_power,,a country or territory ruled by a king or queen,,country;territory;monarchy,,,34,34,3,BroadcastText;ItemSparse;JournalEncounter,kingdom:34,39.5553,1.0,False,
chieftain,chieftain,chieftain,,chieftain,chieftain,base,chieftain,,,nobility_titles_power,,a leader or chief of a tribe or group,,leader;chief;tribal,,,29,29,3,BroadcastText;ItemSparse;JournalEncounter,chieftain:29,39.4012,1.0,False,
ruler,ruler,ruler,,ruler,ruler,base,ruler,,,nobility_titles_power,,"a person who has authority or control over a country, organization, or group",,leader;chief;monarch,,,19,19,3,BroadcastText;ItemSparse;JournalEncounter,ruler:19,38.9957,1.0,False,
sovereign,sovereign,sovereign,,sovereign,sovereign,base,sovereign,,,nobility_titles_power,,having supreme power or authority,,powerful;authoritative;regal,,,12,12,2,ItemSparse;JournalEncounterSection,sovereign:12,36.5649,1.0,False,
heir,heir,heir,,heir,heir,base,heir,,,nobility_titles_power,,a person who inherits property or title,,inherit;title;property,outsider;stranger,,7,7,2,BroadcastText;ItemSparse,heir:7,36.0794,0.9,False,
duke,duke,duke,,duke,duke,base,duke,,,nobility_titles_power,,a high-ranking nobleman or aristocrat,,noble;aristocrat;title,commoner;peasant,,6,6,2,ItemSparse;JournalEncounter,duke:6,35.9459,0.8,False,
blood-princess,blood-princess,blood-princess,,blood-princess,blood-princess,compound,blood-princess,,blood-princess,nobility_titles_power,,"Blood-Princess, nobility and titles",,Thal'ena;San'layn Queen,,,7,6,2,JournalEncounter;JournalEncounterSection,blood-princess:7,31.0794,1.0,False,
god-king,god-k,god-king,,god-k,god-k,compound,god-king,,god-king,nobility_titles_power,,a ruler or leader who is considered to be divine or god-like,,ruler;leader;divine,,,3,3,2,JournalEncounter;JournalEncounterSection,god-king:3,30.3863,0.8,False,
ranger-general,ranger-general,ranger-general,,ranger-general,ranger-general,compound,ranger-general,,ranger-general,nobility_titles_power,,"high-ranking military officer, leader of rangers",,general;commander,private;soldier,,3,3,2,ItemSparse;JournalEncounter,ranger-general:3,30.3863,0.9,False,
high-ranking,high-rank,high-ranking,,high-rank,high-rank,compound,high-ranking,,high-ranking,nobility_titles_power,,having a high position or status,,important;influential;prestigious,low-ranking;unimportant;insignificant,,13,13,1,ItemSparse,high-ranking:13,29.6391,0.9,False,
kirin-tor,kirin-tor,kirin-tor,,kirin-tor,kirin-tor,compound,kirin-tor,,kirin-tor,nobility_titles_power,,a title or rank of nobility,,title;rank;nobility,,,4,4,1,BroadcastText,kirin-tor:4,28.6094,0.9,False,
lok-tar,lok-tar,lok-tar,,lok-tar,lok-tar,compound,lok-tar,,lok-tar,nobility_titles_power,,a title or phrase used by the ogres,,title;phrase;ogres,,,4,4,1,BroadcastText,lok-tar:4,28.6094,0.8,False,
standard-issue,standard-issue,standard-issue,,standard-issue,standard-issue,compound,standard-issue,,standard-issue,nobility_titles_power,,a standard or usual item issued to everyone,,,,,4,4,1,ItemSparse,standard-issue:4,28.6094,0.8,False,
highest-ranking,highest-rank,highest-ranking,,highest-rank,highest-rank,compound,highest-ranking,,highest-ranking,nobility_titles_power,,holding the highest position or rank,,,,,2,2,1,JournalEncounter,highest-ranking:2,28.0986,0.8,False,
kray-tan,kray-tan,kray-tan,,kray-tan,kray-tan,compound,kray-tan,,kray-tan,nobility_titles_power,,a person or title associated with strength and leadership,,,,,2,2,1,ItemSparse,kray-tan:2,28.0986,0.6,True,low_confidence
low-ranking,low-rank,low-ranking,,low-rank,low-rank,compound,low-ranking,,low-ranking,nobility_titles_power,,holding a low position or rank,,,,,2,2,1,ItemSparse,low-ranking:2,28.0986,0.8,False,
nexus-kings,nexus-king,nexus-kings,,nexus-king,nexus-king,compound,nexus-kings,,nexus-kings,nobility_titles_power,,"rulers or leaders of a group or organization, often with great power or influence",,king;ruler;leader,,,2,2,1,ItemSparse,nexus-kings:2,28.0986,0.9,False,
sorcerer-thane,sorcerer-thane,sorcerer-thane,,sorcerer-thane,sorcerer-thane,compound,sorcerer-thane,,sorcerer-thane,nobility_titles_power,,a sorcerer who is also a noble,,sorcerer;noble;title,commoner;peasant;vassal,,2,2,1,JournalEncounter,sorcerer-thane:2,28.0986,0.9,False,
alliance--a,alliance--a,alliance--a,,alliance--a,alliance--a,compound,alliance--a,,alliance--a,nobility_titles_power,,"coalition, alliance, power",,coalition;alliance;power,,,1,1,1,BroadcastText,alliance--a:1,27.6931,0.7,True,low_confidence
alliance--and,alliance--and,alliance--and,,alliance--and,alliance--and,compound,alliance--and,,alliance--and,nobility_titles_power,,"coalition, alliance, and power",,coalition;alliance;power,,,1,1,1,BroadcastText,alliance--and:1,27.6931,0.6,True,low_confidence
and-and,and-and,and-and,,and-and,and-and,compound,and-and,,and-and,nobility_titles_power,,"coalition, alliance, and power",,coalition;alliance;power,,,1,1,1,BroadcastText,and-and:1,27.6931,0.4,True,low_confidence
boy-king,boy-k,boy-king,,boy-k,boy-k,compound,boy-king,,boy-king,nobility_titles_power,,"a young or inexperienced king, possibly used in a humorous or ironic manner",,,,,1,1,1,BroadcastText,boy-king:1,27.6931,0.5,True,low_confidence
domain--and,domain--and,domain--and,,domain--and,domain--and,compound,domain--and,,domain--and,nobility_titles_power,,a territory or area of control over which a ruler has authority,,territory;control;ruler,,,1,1,1,JournalEncounter,domain--and:1,27.6931,0.2,True,low_confidence
duty-bound,duty-bound,duty-bound,,duty-bound,duty-bound,compound,duty-bound,,duty-bound,nobility_titles_power,,obligated or committed to a duty or responsibility,,duty;responsibility;commitment,free;unencumbered,,1,1,1,ItemNameDescription,duty-bound:1,27.6931,0.1,True,low_confidence
eitrigg--your,eitrigg--your,eitrigg--your,,eitrigg--your,eitrigg--your,compound,eitrigg--your,,eitrigg--your,nobility_titles_power,,"a title or honor bestowed upon someone, especially a noble or dignitary",,title;honor;dignity,humiliation;shame,,1,1,1,BroadcastText,eitrigg--your:1,27.6931,0.1,True,low_confidence
generals--they,generals--they,generals--they,,generals--they,generals--they,compound,generals--they,,generals--they,nobility_titles_power,,high-ranking military officers or leaders,,heralds;keepers;absence,,,1,1,1,BroadcastText,generals--they:1,27.6931,0.7,True,low_confidence
it--your,it--your,it--your,,it--your,it--your,compound,it--your,,it--your,nobility_titles_power,,referring to one's own face or appearance,,,,,1,1,1,BroadcastText,it--your:1,27.6931,1.0,False,
knight-commander,knight-commander,knight-commander,,knight-commander,knight-commander,compound,knight-commander,,knight-commander,nobility_titles_power,,a high-ranking military officer or commander,,military;officer;commander,commoner;peasant,,1,1,1,ItemSparse,knight-commander:1,27.6931,0.8,False,
knight-lord,knight-lord,knight-lord,,knight-lord,knight-lord,compound,knight-lord,,knight-lord,nobility_titles_power,,a noble or lordly title associated with knighthood,,noble;lordly;knighthood,commoner;vassal,,1,1,1,ItemSparse,knight-lord:1,27.6931,0.7,True,low_confidence
lich-lord,lich-lord,lich-lord,,lich-lord,lich-lord,compound,lich-lord,,lich-lord,nobility_titles_power,,"a title or rank associated with lichdom, often in the context of power or authority",,title;rank;power,commoner;vassal,,1,1,1,ItemSparse,lich-lord:1,27.6931,0.8,False,
lok-regar,lok-regar,lok-regar,,lok-regar,lok-regar,compound,lok-regar,,lok-regar,nobility_titles_power,,a title of nobility,,lord;regent;sovereign,,,1,1,1,BroadcastText,lok-regar:1,27.6931,0.8,False,
lord-regent,lord-regent,lord-regent,,lord-regent,lord-regent,compound,lord-regent,,lord-regent,nobility_titles_power,,a title of nobility,,lord;regent;sovereign,,,1,1,1,BroadcastText,lord-regent:1,27.6931,0.7,True,low_confidence
patron--bwonsamdi,patron--bwonsamdi,patron--bwonsamdi,,patron--bwonsamdi,patron--bwonsamdi,compound,patron--bwonsamdi,,patron--bwonsamdi,nobility_titles_power,,"a patron or supporter, specifically Bwonsamdi",,,,,1,1,1,JournalEncounter,patron--bwonsamdi:1,27.6931,0.9,False,
second-in-command,second-in-command,second-in-command,,second-in-command,second-in-command,compound,second-in-command,,second-in-command,nobility_titles_power,,a person who is next in rank to a leader,,deputy;assistant;lieutenant,leader;commander;chief,,1,1,1,ItemSparse,second-in-command:1,27.6931,0.9,False,
self-proclaimed,self-proclaim,self-proclaimed,,self-proclaim,self-proclaim,compound,self-proclaimed,,self-proclaimed,nobility_titles_power,,claiming or declaring oneself to be something,,declare;assert;profess,deny;reject;refute,,1,1,1,JournalEncounter,self-proclaimed:1,27.6931,0.3,True,low_confidence
standard-bearer,standard-bearer,standard-bearer,,standard-bearer,standard-bearer,compound,standard-bearer,,standard-bearer,nobility_titles_power,,a person who carries a standard or flag,,,,,1,1,1,BroadcastText,standard-bearer:1,27.6931,0.9,False,
stone-crown,stone-crown,stone-crown,,stone-crown,stone-crown,compound,stone-crown,,stone-crown,nobility_titles_power,,a crown made of stone,,,,,1,1,1,ItemSparse,stone-crown:1,27.6931,0.8,False,
tal-galan,tal-galan,tal-galan,,tal-galan,tal-galan,compound,tal-galan,,tal-galan,nobility_titles_power,,a title or name of a noble person,,keeper;secrets,,,1,1,1,BroadcastText,tal-galan:1,27.6931,0.9,False,
tal-inara,tal-inara,tal-inara,,tal-inara,tal-inara,compound,tal-inara,,tal-inara,nobility_titles_power,,a title or name of a noble person,,gate;connection,,,1,1,1,BroadcastText,tal-inara:1,27.6931,0.8,False,
throm-ka,throm-ka,throm-ka,,throm-ka,throm-ka,compound,throm-ka,,throm-ka,nobility_titles_power,,"a title or name, possibly related to Throm-Ka",,title;name;Throm-Ka,,,1,1,1,BroadcastText,throm-ka:1,27.6931,0.9,False,
trade-prince,trade-prince,trade-prince,,trade-prince,trade-prince,compound,trade-prince,,trade-prince,nobility_titles_power,,a person who trades or negotiates on behalf of a prince or other noble,,merchant;trader,,,1,1,1,ItemSparse,trade-prince:1,27.6931,0.8,False,
honor,honor,honor,,honor,honor,base,honor,,,nobility_titles_power,,a feeling of pride or respect for someone's achievements or qualities,,pride;respect,,,159,158,5,BroadcastText;ItemNameDescription;ItemSparse;JournalEncounter;JournalEncounterSection,honor:159,15.0752,0.9,False,
empire,empire,empire,,empire,empire,base,empire,,,nobility_titles_power,,a large and powerful state or organization,,state;organization;realm,,,106,105,5,BroadcastText;ItemNameDescription;ItemSparse;JournalEncounter;JournalEncounterSection,empire:106,14.6728,0.3,True,low_confidence
emperor,emperor,emperor,,emperor,emperor,base,emperor,,,nobility_titles_power,,a ruler or leader of a country or empire,,ruler;leader,,,79,68,5,BroadcastText;ItemNameDescription;ItemSparse;JournalEncounter;JournalEncounterSection,emperor:79,14.382,1.0,False,
elite,elite,elite,,elite,elite,base,elite,,,nobility_titles_power,,a group of people who are considered to be the best or most skilled at something,,select;excellent,,,65,65,5,BroadcastText;ItemNameDescription;ItemSparse;JournalEncounter;JournalEncounterSection,elite:65,14.1897,0.8,False,
jade,jade,jade,,jade,jade,base,jade,,,pandaria_mists_celestials,,"a type of green or white stone, often used in jewelry or decorative objects",,stone;green;white,jagged; rough,,81,77,5,BroadcastText;ItemNameDescription;ItemSparse;JournalEncounter;JournalEncounterSection,jade:81,44.4067,0.5,True,low_confidence
celestial,celestial,celestial,,celestial,celestial,base,celestial,,,pandaria_mists_celestials,,"relating to the sky or heavens, often in a way that is beautiful or awe-inspiring",,sky;heavens;beautiful,terrestrial; mundane,,39,33,5,BroadcastText;ItemNameDescription;ItemSparse;JournalEncounter;JournalEncounterSection,celestial:39,43.6889,0.1,True,low_confidence
sha,sha,sha,,sha,sha,base,sha,,,pandaria_mists_celestials,,"a type of evil or malevolent spirit, often associated with darkness or chaos",,evil;malevolent;darkness,good; benevolent,,224,183,4,BroadcastText;ItemSparse;JournalEncounter;JournalEncounterSection,sha:224,43.4161,0.9,False,
mist,mist,mist,,mist,mist,base,mist,,,pandaria_mists_celestials,,"a cloud or fog that hangs in the air, often near water",,fog;cloud,,,42,39,4,BroadcastText;ItemSparse;JournalEncounter;JournalEncounterSection,mist:42,41.7612,1.0,False,
lotus,lotu,lotus,,lotu,lotu,inflected_form,lotus,,,pandaria_mists_celestials,,"a type of aquatic plant that is native to Asia, especially one that has large, showy flowers",,flower;plant;vegetation,dead;dying;withered,,18,17,4,BroadcastText;ItemSparse;JournalEncounter;JournalEncounterSection,lotus:18,40.9444,0.7,True,low_confidence
crane,crane,crane,,crane,crane,base,crane,,,pandaria_mists_celestials,,"a type of bird that is known for its long neck and legs, especially one that is native to Asia",,bird;fowl;waterfowl,domesticated;tame;docile,,16,14,4,BroadcastText;ItemSparse;JournalEncounter;JournalEncounterSection,crane:16,40.8332,0.7,True,low_confidence
chi-ji,chi-ji,chi-ji,,chi-ji,chi-ji,compound,chi-ji,,chi-ji,pandaria_mists_celestials,,a person or thing associated with the Red Crane,,crane;red;celestial,earthly;mundane,,25,21,3,ItemSparse;JournalEncounter;JournalEncounterSection,chi-ji:25,34.2581,0.9,False,
shado-pan,shado-pan,shado-pan,,shado-pan,shado-pan,compound,shado-pan,,shado-pan,pandaria_mists_celestials,,a person or thing associated with the Shado-Pan,,Shado-Pan;monastery;mystic,secular;mundane,,19,19,3,BroadcastText;ItemSparse;JournalEncounter,shado-pan:19,33.9957,0.9,False,
azj-kahet,azj-kahet,azj-kahet,,azj-kahet,azj-kahet,compound,azj-kahet,,azj-kahet,pandaria_mists_celestials,,a person or thing associated with Azj-Kahet,,Azj-Kahet;city;threads,secular;mundane,,14,13,3,BroadcastText;ItemSparse;JournalEncounter,azj-kahet:14,33.7081,0.9,False,
nexus-prince,nexus-prince,nexus-prince,,nexus-prince,nexus-prince,compound,nexus-prince,,nexus-prince,pandaria_mists_celestials,,a person or thing associated with the Nexus-Prince,,Nexus-Prince;Shaffar;magic,secular;mundane,,12,12,3,ItemSparse;JournalEncounter;JournalEncounterSection,nexus-prince:12,33.5649,0.9,False,
kun-lai,kun-lai,kun-lai,,kun-lai,kun-lai,compound,kun-lai,,kun-lai,pandaria_mists_celestials,,a person or thing associated with Kun-Lai Summit,,Kun-Lai;summit;mountain,flat;level,,11,10,3,BroadcastText;ItemSparse;JournalEncounter,kun-lai:11,33.4849,0.9,False,
locus-walker,locus-walker,locus-walker,,locus-walker,locus-walker,compound,locus-walker,,locus-walker,pandaria_mists_celestials,,"Locus-Walker, Pandaria and mists",,ethereals;K'aresh,,,13,13,2,BroadcastText;ItemSparse,locus-walker:13,31.6391,1.0,False,
sha-touched,sha-touch,sha-touched,,sha-touch,sha-touch,compound,sha-touched,,sha-touched,pandaria_mists_celestials,,"influenced, affected by sha energy",,touched;affected,untouched;unaffected,,27,27,1,ItemSparse,sha-touched:27,30.3322,0.6,True,low_confidence
roh-senara,roh-senara,roh-senara,,roh-senara,roh-senara,compound,roh-senara,,roh-senara,pandaria_mists_celestials,,a mysterious or enigmatic staff,,,,,4,4,1,ItemSparse,roh-senara:4,28.6094,0.5,True,low_confidence
shen-zin,shen-zin,shen-zin,,shen-zin,shen-zin,compound,shen-zin,,shen-zin,pandaria_mists_celestials,,"related to or characteristic of Shen-zin Su, a location in the game",,location;place;setting,unknown;unfamiliar,,3,3,1,BroadcastText,shen-zin:3,28.3863,0.9,False,
shao-tien,shao-tien,shao-tien,,shao-tien,shao-tien,compound,shao-tien,,shao-tien,pandaria_mists_celestials,,related to the Shao-Tien people,,Shao-Tien;people;culture,foreign;alien;strange,,2,2,1,JournalEncounterSection,shao-tien:2,28.0986,0.7,True,low_confidence
arathi-inspired,arathi-inspir,arathi-inspired,,arathi-inspir,arathi-inspir,compound,arathi-inspired,,arathi-inspired,pandaria_mists_celestials,,relating to or inspired by the Arathi region or culture,,,,,1,1,1,ItemSparse,arathi-inspired:1,27.6931,0.7,True,low_confidence
darkmoon-related,darkmoon-relate,darkmoon-related,,darkmoon-relate,darkmoon-relate,compound,darkmoon-related,,darkmoon-related,pandaria_mists_celestials,,something that is connected to or associated with the Darkmoon,,Darkmoon;related;associated,,,1,1,1,ItemSparse,darkmoon-related:1,27.6931,0.4,True,low_confidence
e-le-men-tal,e-le-men-tal,e-le-men-tal,,e-le-men-tal,e-le-men-tal,compound,e-le-men-tal,,e-le-men-tal,pandaria_mists_celestials,,relating to or characteristic of the elements or elemental forces,,element;force;nature,artificial;man-made,,1,1,1,BroadcastText,e-le-men-tal:1,27.6931,0.1,True,low_confidence
elune-adore,elune-adore,elune-adore,,elune-adore,elune-adore,compound,elune-adore,,elune-adore,pandaria_mists_celestials,,"a term of endearment for Elune, the moon goddess",,Elune;goddess;moon,,,1,1,1,BroadcastText,elune-adore:1,27.6931,1.0,False,
gnome-'improved,gnome-'improv,gnome-'improved,,gnome-'improv,gnome-'improv,compound,gnome-'improved,,gnome-'improved,pandaria_mists_celestials,,a type of gnome,,gnome;celestial,,,1,1,1,ItemSparse,gnome-'improved:1,27.6931,0.8,False,
jade-colored,jade-color,jade-colored,,jade-color,jade-color,compound,jade-colored,,jade-colored,pandaria_mists_celestials,,"having a greenish-blue color, like jade",,,,,1,1,1,ItemSparse,jade-colored:1,27.6931,1.0,False,
jade-infused,jade-infus,jade-infused,,jade-infus,jade-infus,compound,jade-infused,,jade-infused,pandaria_mists_celestials,,"containing or imbued with jade, often in a spiritual sense",,,,,1,1,1,ItemSparse,jade-infused:1,27.6931,1.0,False,
kun-da,kun-da,kun-da,,kun-da,kun-da,compound,kun-da,,kun-da,pandaria_mists_celestials,,"a reference to the Kun-Da, a mystical or spiritual concept",,mystical;spiritual;Kun-Da,material;physical,,1,1,1,JournalEncounterSection,kun-da:1,27.6931,0.8,False,
loa-infused,loa-infus,loa-infused,,loa-infus,loa-infus,compound,loa-infused,,loa-infused,pandaria_mists_celestials,,imbued with loa energy,,august;celestial;sha,,,1,1,1,JournalEncounter,loa-infused:1,27.6931,0.2,True,low_confidence
loa-sigils,loa-sigil,loa-sigils,,loa-sigil,loa-sigil,compound,loa-sigils,,loa-sigils,pandaria_mists_celestials,,symbols of loa power,,ancient;eternal;mystical,,,1,1,1,ItemSparse,loa-sigils:1,27.6931,0.1,True,low_confidence
mecha-civilization,mecha-civilization,mecha-civilization,,mecha-civilization,mecha-civilization,compound,mecha-civilization,,mecha-civilization,pandaria_mists_celestials,,a type of advanced civilization,,,,,1,1,1,ItemSparse,mecha-civilization:1,27.6931,1.0,False,
mist-shrouded,mist-shroud,mist-shrouded,,mist-shroud,mist-shroud,compound,mist-shrouded,,mist-shrouded,pandaria_mists_celestials,,covered in mist or fog,,,,,1,1,1,ItemSparse,mist-shrouded:1,27.6931,1.0,False,
thalassian-based,thalassian-bas,thalassian-based,,thalassian-bas,thalassian-bas,compound,thalassian-based,,thalassian-based,pandaria_mists_celestials,,"relating to Thalassia, a region in Pandaria",,Thalassia;Pandaria;region,,,1,1,1,ItemSparse,thalassian-based:1,27.6931,0.9,False,
xiang-lin,xiang-lin,xiang-lin,,xiang-lin,xiang-lin,compound,xiang-lin,,xiang-lin,pandaria_mists_celestials,,a person or place related to Xiang-Lin,,Xiang-Lin;person;place,,,1,1,1,JournalEncounterSection,xiang-lin:1,27.6931,1.0,False,
emerald,emerald,emerald,,emerald,emerald,base,emerald,,,pandaria_mists_celestials,,a green gemstone or a place of great beauty,,green;gemstone;beauty,,,113,112,5,BroadcastText;ItemNameDescription;ItemSparse;JournalEncounter;JournalEncounterSection,emerald:113,14.7362,0.9,False,
pandaria,pandaria,pandaria,,pandaria,pandaria,base,pandaria,,,pandaria_mists_celestials,,a region or land in the World of Warcraft universe,,region;land,,,77,77,5,BroadcastText;ItemNameDescription;ItemSparse;JournalEncounter;JournalEncounterSection,pandaria:77,14.3567,1.0,False,
azure,azure,azure,,azure,azure,base,azure,,,pandaria_mists_celestials,,a bright blue color or a place associated with the sky and water,,blue;skyward,,,68,67,5,BroadcastText;ItemNameDescription;ItemSparse;JournalEncounter;JournalEncounterSection,azure:68,14.2341,0.7,True,low_confidence
sky,sky,sky,,sky,sky,base,sky,,,pandaria_mists_celestials,,the atmosphere or the heavens above the earth,,heaven;atmosphere,,,68,67,5,BroadcastText;ItemNameDescription;ItemSparse;JournalEncounter;JournalEncounterSection,sky:68,14.2341,0.8,False,
unholy,unholy,unholy,,unholy,unholy,base,unholy,,,profane / unholy / blasphemous,,"not holy or sacred, often in a way that is considered wrong or immoral",,impious;irreverent;blasphemous,holy;sacred;sanctified,,63,63,3,ItemSparse;JournalEncounter;JournalEncounterSection,unholy:63,40.1589,0.9,False,
ritual,ritual,ritual,,ritual,ritual,base,ritual,,,ritual_religion,,a ceremony or practice with spiritual significance,,ceremony;practice,,,143,138,5,BroadcastText;ItemNameDescription;ItemSparse;JournalEncounter;JournalEncounterSection,ritual:143,44.9698,0.5,True,low_confidence
sacrifice,sacrifice,sacrifice,,sacrifice,sacrifice,base,sacrifice,,,ritual_religion,,"the act of giving up something valuable or important, often for the benefit of others",,give;offer;dedicate,selfishness;greed,,59,59,5,BroadcastText;ItemNameDescription;ItemSparse;JournalEncounter;JournalEncounterSection,sacrifice:59,44.0943,0.1,True,low_confidence
temple,temple,temple,,temple,temple,base,temple,,,ritual_religion,,a building or structure used for religious worship or ritual,,building;structure;place of worship,secular;profane,,92,89,4,BroadcastText;ItemSparse;JournalEncounter;JournalEncounterSection,temple:92,42.5326,0.1,True,low_confidence
altar,altar,altar,,altar,altar,base,altar,,,ritual_religion,,"a structure or object used for worship, typically one that is dedicated to a particular deity or spirit",,shrine;temple;sanctuary,,,30,26,4,BroadcastText;ItemSparse;JournalEncounter;JournalEncounterSection,altar:30,41.434,1.0,False,
rite,rite,rite,,rite,rite,base,rite,,,ritual_religion,,"a ritual or ceremony, especially one with a specific purpose or meaning",,ceremony;ritual;custom,irregular;unusual;unconventional,,11,10,4,BroadcastText;ItemSparse;JournalEncounter;JournalEncounterSection,rite:11,40.4849,0.8,False,
shrine,shrine,shrine,,shrine,shrine,base,shrine,,,ritual_religion,,a small building or structure used for worship or as a memorial,,temple;sanctuary;memorial,,,21,21,3,BroadcastText;ItemSparse;JournalEncounter,shrine:21,39.091,1.0,False,
offering,offer,offering,,offer,offer,inflected_form,offering,,,ritual_religion,,a gift or sacrifice made to a deity or as a sign of respect,,gift;sacrifice;tribute,,,20,20,3,BroadcastText;ItemSparse;JournalEncounterSection,offering:20,39.0445,1.0,False,
prayer,prayer,prayer,,prayer,prayer,base,prayer,,,ritual_religion,,"a request or expression of thanks to a higher power, often in a formal way",,petition;supplication;invocation,,,9,9,3,BroadcastText;ItemSparse;JournalEncounterSection,prayer:9,38.3026,1.0,False,
pious,piou,pious,,piou,piou,inflected_form,pious,,,ritual_religion,,having or showing a strong sense of devotion to a deity or higher power,,devotion;deity;higher power,irreverent;blasphemous,,2,2,2,BroadcastText;ItemNameDescription,pious:2,35.0986,0.9,False,
temple-like,temple-like,temple-like,,temple-like,temple-like,compound,temple-like,,temple-like,ritual_religion,,resembling a temple,,holy;sacred;sanctuary,profane;unholy,,2,2,1,ItemSparse,temple-like:2,28.0986,0.8,False,
cut-scene,cut-scene,cut-scene,,cut-scene,cut-scene,compound,cut-scene,,cut-scene,ritual_religion,,a scene in a movie or game that is not part of the main action,,scene;movie;game,,,1,1,1,BroadcastText,cut-scene:1,27.6931,0.8,False,
flame-blessed,flame-bless,flame-blessed,,flame-bless,flame-bless,compound,flame-blessed,,flame-blessed,ritual_religion,,blessed or sanctified by flame,,,,,1,1,1,ItemSparse,flame-blessed:1,27.6931,0.8,False,
history--our,history--our,history--our,,history--our,history--our,compound,history--our,,history--our,ritual_religion,,"our history, our culture is important",,,,,1,1,1,BroadcastText,history--our:1,27.6931,0.8,False,
light--and,light--and,light--and,,light--and,light--and,compound,light--and,,light--and,ritual_religion,,"a reference to light or illumination, often in the context of spirituality or worship",,light;illumination;spirituality,darkness;obscuration,,1,1,1,BroadcastText,light--and:1,27.6931,0.8,False,
light-blessed,light-bless,light-blessed,,light-bless,light-bless,compound,light-blessed,,light-blessed,ritual_religion,,"blessed or sanctified by light, often in the context of spirituality or worship",,blessed;sanctified;spirituality,cursed;defiled,,1,1,1,BroadcastText,light-blessed:1,27.6931,0.7,True,low_confidence
magic-cleansing,magic-cleans,magic-cleansing,,magic-cleans,magic-cleans,compound,magic-cleansing,,magic-cleansing,ritual_religion,,a magical ritual for purification or cleansing,,purification;cleansing;ritual,,,1,1,1,JournalEncounterSection,magic-cleansing:1,27.6931,0.9,False,
mark--just,mark--just,mark--just,,mark--just,mark--just,compound,mark--just,,mark--just,ritual_religion,,a mark or symbol of justice or righteousness,,justice;righteousness;holy,sin;evil,,1,1,1,BroadcastText,mark--just:1,27.6931,0.6,True,low_confidence
feast,feast,feast,,feast,feast,base,feast,,,ritual_religion,,a large meal or celebration,,banquet;revelry,,,73,65,5,BroadcastText;ItemNameDescription;ItemSparse;JournalEncounter;JournalEncounterSection,feast:73,14.3041,0.7,True,low_confidence
priestess,priestess,priestess,,priestess,priestess,base,priestess,,,ritual_religion,,a woman who serves as a spiritual leader or mediator,,cleric;shaman,,,69,64,5,BroadcastText;ItemNameDescription;ItemSparse;JournalEncounter;JournalEncounterSection,priestess:69,14.2485,0.8,False,
spirit,spirit,spirit,,spirit,spirit,base,spirit,,,shadowlands_soul_afterlife,,a non-physical entity or being,,ghost;soul,,,361,317,5,BroadcastText;ItemNameDescription;ItemSparse;JournalEncounter;JournalEncounterSection,spirit:361,45.8916,0.3,True,low_confidence
anima,anima,anima,,anima,anima,base,anima,,,shadowlands_soul_afterlife,,a vital energy or essence,,soul;spirit,,,272,217,5,BroadcastText;ItemNameDescription;ItemSparse;JournalEncounter;JournalEncounterSection,anima:272,45.6095,0.2,True,low_confidence
ascended,ascend,ascended,,ascend,ascend,inflected_form,ascended,,,shadowlands_soul_afterlife,,having reached a higher level or state of being,,advanced;progressed;elevated,descended;degraded,,22,22,5,BroadcastText;ItemNameDescription;ItemSparse;JournalEncounter;JournalEncounterSection,ascended:22,43.1355,0.6,True,low_confidence
covenant,covenant,covenant,,covenant,covenant,base,covenant,,,shadowlands_soul_afterlife,,a formal agreement or promise between two or more parties,,agreement;promise;contract,,,27,27,3,BroadcastText;ItemSparse;JournalEncounterSection,covenant:27,39.3322,1.0,False,
soulbind,soulbind,soulbind,,soulbind,soulbind,base,soulbind,,,shadowlands_soul_afterlife,,to bind or tie a soul to something,,soul;spirit;reanimated,free;unbound,,7,7,1,JournalEncounterSection,soulbind:7,34.0794,0.9,False,
soul-scribe,soul-scribe,soul-scribe,,soul-scribe,soul-scribe,compound,soul-scribe,,soul-scribe,shadowlands_soul_afterlife,,"Soul-Scribe, Shadowlands and soul",,Taah'bat;will done,,,12,9,2,JournalEncounter;JournalEncounterSection,soul-scribe:12,31.5649,1.0,False,
anima-infused,anima-infus,anima-infused,,anima-infus,anima-infus,compound,anima-infused,,anima-infused,shadowlands_soul_afterlife,,"imbued, filled with anima energy",,infused;imbued,empty;void,,2,2,2,ItemSparse;JournalEncounter,anima-infused:2,30.0986,0.7,True,low_confidence
mana-wraith,mana-wraith,mana-wraith,,mana-wraith,mana-wraith,compound,mana-wraith,,mana-wraith,shadowlands_soul_afterlife,,a type of spirit or entity that is connected to mana,,spirit;entity;mana,,,4,4,1,JournalEncounterSection,mana-wraith:4,28.6094,0.8,False,
non-dreaming,non-dream,non-dreaming,,non-dream,non-dream,compound,non-dreaming,,non-dreaming,shadowlands_soul_afterlife,,not experiencing or participating in the dream state,,awake;conscious;alert,dreaming;asleep,,3,3,1,JournalEncounterSection,non-dreaming:3,28.3863,0.9,False,
time-displaced,time-displac,time-displaced,,time-displac,time-displac,compound,time-displaced,,time-displaced,shadowlands_soul_afterlife,,displaced or out of place in time,,rift;portal;travel,in-time;on-schedule,,2,2,1,JournalEncounterSection,time-displaced:2,28.0986,0.9,False,
time-twisted,time-twist,time-twisted,,time-twist,time-twist,compound,time-twisted,,time-twisted,shadowlands_soul_afterlife,,twisted or distorted in time,,fragment;shattered;timeways,untwisted;unscathed,,2,2,1,JournalEncounter,time-twisted:2,28.0986,0.8,False,
anima-ted,anima-t,anima-ted,,anima-t,anima-t,compound,anima-ted,,anima-ted,shadowlands_soul_afterlife,,relating to the soul or spirit,,,,,1,1,1,ItemSparse,anima-ted:1,27.6931,0.9,False,
exist--in,exist--in,exist--in,,exist--in,exist--in,compound,exist--in,,exist--in,shadowlands_soul_afterlife,,a term expressing the idea that something or someone exists within a particular realm or dimension,,exist;realm;dimension,,,1,1,1,BroadcastText,exist--in:1,27.6931,1.0,False,
existence--they,existence--they,existence--they,,existence--they,existence--they,compound,existence--they,,existence--they,shadowlands_soul_afterlife,,a term expressing the idea that something or someone exists in a particular state or condition,,exist;state;condition,,,1,1,1,BroadcastText,existence--they:1,27.6931,1.0,False,
future--together,future--together,future--together,,future--together,future--together,compound,future--together,,future--together,shadowlands_soul_afterlife,,working or building together towards a common future,,future;building,,,1,1,1,BroadcastText,future--together:1,27.6931,0.5,True,low_confidence
life--into,life--into,life--into,,life--into,life--into,compound,life--into,,life--into,shadowlands_soul_afterlife,,"a reference to the transition or passage from life into death, often in the context of mortality or the afterlife",,life;death;mortality;afterlife,immortality;eternal,,1,1,1,JournalEncounter,life--into:1,27.6931,0.7,True,low_confidence
life-essence,life-essence,life-essence,,life-essence,life-essence,compound,life-essence,,life-essence,shadowlands_soul_afterlife,,"the vital or spiritual energy associated with life, often in the context of mortality or the afterlife",,vital;spiritual;energy,death;extinction,,1,1,1,BroadcastText,life-essence:1,27.6931,0.8,False,
must--walk,must--walk,must--walk,,must--walk,must--walk,compound,must--walk,,must--walk,shadowlands_soul_afterlife,,a necessity or requirement to walk or move,,necessity;requirement;walk,choice;option,,1,1,1,BroadcastText,must--walk:1,27.6931,0.8,False,
newly-awakened,newly-awaken,newly-awakened,,newly-awaken,newly-awaken,compound,newly-awakened,,newly-awakened,shadowlands_soul_afterlife,,recently or newly awakened to a new state of consciousness or awareness,,awakened;consciousness;awareness,asleep;unconscious,,1,1,1,JournalEncounter,newly-awakened:1,27.6931,0.6,True,low_confidence
re-emergence,re-emergence,re-emergence,,re-emergence,re-emergence,compound,re-emergence,,re-emergence,shadowlands_soul_afterlife,,the act of emerging or coming back to life,,emerge;comeback;resurgence,,,1,1,1,JournalEncounter,re-emergence:1,27.6931,1.0,False,
re-emerging,re-emerg,re-emerging,,re-emerg,re-emerg,compound,re-emerging,,re-emerging,shadowlands_soul_afterlife,,the act of emerging or coming back to life,,emerge;comeback;resurgence,,,1,1,1,JournalEncounterSection,re-emerging:1,27.6931,1.0,False,
soul--you,soul--you,soul--you,,soul--you,soul--you,compound,soul--you,,soul--you,shadowlands_soul_afterlife,,"your soul, or a person's soul",,soul;spirit;essence,body;flesh;material,,1,1,1,BroadcastText,soul--you:1,27.6931,0.9,False,
soul-trader,soul-trader,soul-trader,,soul-trader,soul-trader,compound,soul-trader,,soul-trader,shadowlands_soul_afterlife,,a person or being that trades in souls,,trade;exchange;barter,give away;lose;squander,,1,1,1,ItemSparse,soul-trader:1,27.6931,0.7,True,low_confidence
time-attuned,time-attun,time-attuned,,time-attun,time-attun,compound,time-attuned,,time-attuned,shadowlands_soul_afterlife,,relating to something that is attuned or synchronized with time,,time;attune;synchronize,,,1,1,1,ItemSparse,time-attuned:1,27.6931,0.8,False,
vault,vault,vault,,vault,vault,base,vault,,,titan_order_machinery,,"a room or structure used to store valuable or important things, often in a secure location",,room;structure;storage,open;exposed,,71,59,5,BroadcastText;ItemNameDescription;ItemSparse;JournalEncounter;JournalEncounterSection,vault:71,44.2767,0.2,True,low_confidence
forge,forge,forge,,forge,forge,base,forge,,,titan_order_machinery,,a place where metal is heated and shaped,,smithy;workshop;factory,destroy;demolish,,153,153,4,BroadcastText;ItemSparse;JournalEncounter;JournalEncounterSection,forge:153,43.037,0.4,True,low_confidence
construct,construct,construct,,construct,construct,base,construct,,,titan_order_machinery,,to build or create something through a process of assembly or combination,,build;create;assemble,destroy;demolish,,115,99,4,BroadcastText;ItemSparse;JournalEncounter;JournalEncounterSection,construct:115,42.7536,0.1,True,low_confidence
keeper,keeper,keeper,,keeper,keeper,base,keeper,,,titan_order_machinery,,a person or thing that guards or preserves something,,Ra-den;master,,,64,61,4,BroadcastText;ItemSparse;JournalEncounter;JournalEncounterSection,keeper:64,42.1744,1.0,False,
matrix,matrix,matrix,,matrix,matrix,base,matrix,,,titan_order_machinery,,a substance or environment in which something develops or is embedded,,grid;lattice;network,,,40,38,4,BroadcastText;ItemSparse;JournalEncounter;JournalEncounterSection,matrix:40,41.7136,1.0,False,
titanic,titanic,titanic,,titanic,titanic,base,titanic,,,titan_order_machinery,,"relating to or characteristic of the Titans, a group of powerful beings in Greek mythology",,gigantic;enormous;colossal,,,35,31,4,BroadcastText;ItemSparse;JournalEncounter;JournalEncounterSection,titanic:35,41.5835,1.0,False,
prime,prime,prime,,prime,prime,base,prime,,,titan_order_machinery,,"being in the best or most favorable state, typically due to youth or good health",,optimal;ideal;perfect,,,31,29,4,BroadcastText;ItemSparse;JournalEncounter;JournalEncounterSection,prime:31,41.4657,1.0,False,
protocol,protocol,protocol,,protocol,protocol,base,protocol,,,titan_order_machinery,,a set of rules or procedures for a particular activity,,rules;procedures;regulations,,,29,28,2,BroadcastText;JournalEncounterSection,protocol:29,37.4012,1.0,False,
reorigination,reorigination,reorigination,,reorigination,reorigination,base,reorigination,,,titan_order_machinery,,the act of re-establishing or re-creating something,,re-establish;re-create;renew,,,18,11,2,BroadcastText;JournalEncounterSection,reorigination:18,36.9444,1.0,False,
mechano-lord,mechano-lord,mechano-lord,,mechano-lord,mechano-lord,compound,mechano-lord,,mechano-lord,titan_order_machinery,,"Mechano-Lord, Titan and machinery",,Capacitus;Stamina,,,6,6,2,JournalEncounter;JournalEncounterSection,mechano-lord:6,30.9459,1.0,False,
state-of-the-art,state-of-the-art,state-of-the-art,,state-of-the-art,state-of-the-art,compound,state-of-the-art,,state-of-the-art,titan_order_machinery,,"latest, most advanced technology or innovation",,advanced;innovative,outdated;obsolete,,2,2,2,ItemSparse;JournalEncounter,state-of-the-art:2,30.0986,0.8,False,
proto-material,proto-material,proto-material,,proto-material,proto-material,compound,proto-material,,proto-material,titan_order_machinery,,a basic or primitive material,,primary;fundamental;elemental,advanced;sophisticated;refined,,10,10,1,ItemSparse,proto-material:10,29.3979,0.8,False,
n-d,n-d,n-d,,n-d,n-d,compound,n-d,,n-d,titan_order_machinery,,a type of device or machine with an unknown or unclear meaning,,device;machine;apparatus,clear;obvious;understood,,8,8,1,ItemSparse,n-d:8,29.1972,0.7,True,low_confidence
titan-forged,titan-forg,titan-forged,,titan-forg,titan-forg,compound,titan-forged,,titan-forged,titan_order_machinery,,something that has been created or forged by the titans,,titan;forged;created,natural;organic,,6,6,1,JournalEncounter,titan-forged:6,28.9459,0.9,False,
pre-fabricated,pre-fabricate,pre-fabricated,,pre-fabricate,pre-fabricate,compound,pre-fabricated,,pre-fabricated,titan_order_machinery,,already made or prepared in advance,,,,,4,4,1,JournalEncounterSection,pre-fabricated:4,28.6094,0.8,False,
legion-made,legion-made,legion-made,,legion-made,legion-made,compound,legion-made,,legion-made,titan_order_machinery,,created or manufactured by the Legion,,machine;device;technology,handmade;artisanal,,3,3,1,ItemSparse,legion-made:3,28.3863,0.9,False,
r-module,r-module,r-module,,r-module,r-module,compound,r-module,,r-module,titan_order_machinery,,a module or component related to the R-Module technology,,technology;device;machine,ancient;primitive,,3,3,1,ItemSparse,r-module:3,28.3863,0.9,False,
over-engineered,over-engineer,over-engineered,,over-engineer,over-engineer,compound,over-engineered,,over-engineered,titan_order_machinery,,"being or seeming to be over-designed or overly complex, often used to describe machines or devices",,engineer;machine;device,,,2,2,1,ItemSparse,over-engineered:2,28.0986,0.8,False,
power-source,power-source,power-source,,power-source,power-source,compound,power-source,,power-source,titan_order_machinery,,"a source or origin of power, often used to describe machines or devices",,power;machine;device,,,2,2,1,ItemSparse,power-source:2,28.0986,0.9,False,
titan-crafted,titan-craft,titan-crafted,,titan-craft,titan-craft,compound,titan-crafted,,titan-crafted,titan_order_machinery,,crafted or created by the Titans,,power-source;core;techno-magical,human-made;artisanal,,2,2,1,ItemSparse,titan-crafted:2,28.0986,0.9,False,
artificer-in-training,artificer-in-train,artificer-in-training,,artificer-in-train,artificer-in-train,compound,artificer-in-training,,artificer-in-training,titan_order_machinery,,relating to or dealing with the training or education of artificers or inventors,,,,,1,1,1,ItemSparse,artificer-in-training:1,27.6931,0.8,False,
code-named,code-nam,code-named,,code-nam,code-nam,compound,code-named,,code-named,titan_order_machinery,,given a secret or coded name,,classified;confidential;secretive,public;open,,1,1,1,JournalEncounter,code-named:1,27.6931,0.8,False,
cogs-and-bolts-o-meter,cogs-and-bolts-o-meter,cogs-and-bolts-o-meter,,cogs-and-bolts-o-meter,cogs-and-bolts-o-meter,compound,cogs-and-bolts-o-meter,,cogs-and-bolts-o-meter,titan_order_machinery,,a device or tool measuring mechanical parts or components,,mechanical;industrial;technical,organic;natural,,1,1,1,ItemSparse,cogs-and-bolts-o-meter:1,27.6931,0.9,False,
dual-mode,dual-mode,dual-mode,,dual-mode,dual-mode,compound,dual-mode,,dual-mode,titan_order_machinery,,"having two modes or functions, such as a dual-purpose device",,mode;function;device,single-mode;monofunctional,,1,1,1,ItemSparse,dual-mode:1,27.6931,0.2,True,low_confidence
forge-tap,forge-tap,forge-tap,,forge-tap,forge-tap,compound,forge-tap,,forge-tap,titan_order_machinery,,a device or tool used for tapping or shaping metal in a forge,,,,,1,1,1,ItemSparse,forge-tap:1,27.6931,0.8,False,
forge-temples,forge-temple,forge-temples,,forge-temple,forge-temple,compound,forge-temples,,forge-temples,titan_order_machinery,,buildings or structures used for forging or shaping metal,,,,,1,1,1,ItemSparse,forge-temples:1,27.6931,0.8,False,
foundation--to,foundation--to,foundation--to,,foundation--to,foundation--to,compound,foundation--to,,foundation--to,titan_order_machinery,,the base or starting point of something,,base;starting,,,1,1,1,BroadcastText,foundation--to:1,27.6931,0.6,True,low_confidence
fused-together,fused-together,fused-together,,fused-together,fused-together,compound,fused-together,,fused-together,titan_order_machinery,,combined or joined together,,combined;joined,,,1,1,1,ItemSparse,fused-together:1,27.6931,0.6,True,low_confidence
goblin-'improved,goblin-'improv,goblin-'improved,,goblin-'improv,goblin-'improv,compound,goblin-'improved,,goblin-'improved,titan_order_machinery,,Goblin-made or improved item,,goblin;made;improved,,,1,1,1,ItemSparse,goblin-'improved:1,27.6931,0.8,False,
goblin-made,goblin-made,goblin-made,,goblin-made,goblin-made,compound,goblin-made,,goblin-made,titan_order_machinery,,Made by goblins,,goblin;made,,,1,1,1,ItemSparse,goblin-made:1,27.6931,0.9,False,
goblin-manufactured,goblin-manufactur,goblin-manufactured,,goblin-manufactur,goblin-manufactur,compound,goblin-manufactured,,goblin-manufactured,titan_order_machinery,,Manufactured by goblins,,goblin;manufactured,,,1,1,1,ItemSparse,goblin-manufactured:1,27.6931,0.9,False,
intra-dalaran,intra-dalaran,intra-dalaran,,intra-dalaran,intra-dalaran,compound,intra-dalaran,,intra-dalaran,titan_order_machinery,,relating to or within the city of Dalaran,,Dalaran;city;within,,,1,1,1,ItemSparse,intra-dalaran:1,27.6931,1.0,False,
load-bearing,load-bear,load-bearing,,load-bear,load-bear,compound,load-bearing,,load-bearing,titan_order_machinery,,capable of supporting a load,,stable;secure;reliable,,,1,1,1,ItemSparse,load-bearing:1,27.6931,0.9,False,
manifold--a,manifold--a,manifold--a,,manifold--a,manifold--a,compound,manifold--a,,manifold--a,titan_order_machinery,,a complex system or network of machines,,mechanical;technological;advanced,simple;primitive,,1,1,1,BroadcastText,manifold--a:1,27.6931,0.9,False,
mech-dowel,mech-dowel,mech-dowel,,mech-dowel,mech-dowel,compound,mech-dowel,,mech-dowel,titan_order_machinery,,a type of mechanical device,,,,,1,1,1,ItemSparse,mech-dowel:1,27.6931,1.0,False,
mecha-perfection,mecha-perfection,mecha-perfection,,mecha-perfection,mecha-perfection,compound,mecha-perfection,,mecha-perfection,titan_order_machinery,,a type of advanced technology,,,,,1,1,1,ItemSparse,mecha-perfection:1,27.6931,1.0,False,
mechano-tank,mechano-tank,mechano-tank,,mechano-tank,mechano-tank,compound,mechano-tank,,mechano-tank,titan_order_machinery,,a type of mechanical device,,,,,1,1,1,JournalEncounter,mechano-tank:1,27.6931,1.0,False,
micro-adjustor,micro-adjustor,micro-adjustor,,micro-adjustor,micro-adjustor,compound,micro-adjustor,,micro-adjustor,titan_order_machinery,,a type of mechanical device for fine-tuning,,,,,1,1,1,ItemSparse,micro-adjustor:1,27.6931,1.0,False,
newly-constructed,newly-construct,newly-constructed,,newly-construct,newly-construct,compound,newly-constructed,,newly-constructed,titan_order_machinery,,"recently or newly built or constructed, often in a context of engineering or architecture",,constructed;built;engineered,old;antique,,1,1,1,ItemSparse,newly-constructed:1,27.6931,0.5,True,low_confidence
poly-alloy,poly-alloy,poly-alloy,,poly-alloy,poly-alloy,compound,poly-alloy,,poly-alloy,titan_order_machinery,,a type of alloy made from multiple metals,,composite;hybrid;synthetic,pure;single;homogeneous,,1,1,1,ItemSparse,poly-alloy:1,27.6931,0.7,True,low_confidence
pre-loaded,pre-load,pre-loaded,,pre-load,pre-load,compound,pre-loaded,,pre-loaded,titan_order_machinery,,something that is already loaded or prepared for use,,prepared;ready;initialized,unloaded;unprepared;inoperative,,1,1,1,ItemSparse,pre-loaded:1,27.6931,0.1,True,low_confidence
re-origination,re-origination,re-origination,,re-origination,re-origination,compound,re-origination,,re-origination,titan_order_machinery,,the act of creating or bringing something into existence again,,origin;create;bring,destruction;annihilation,,1,1,1,JournalEncounter,re-origination:1,27.6931,0.5,True,low_confidence
temporally-synchronized,temporally-synchroniz,temporally-synchronized,,temporally-synchroniz,temporally-synchroniz,compound,temporally-synchronized,,temporally-synchronized,titan_order_machinery,,something that is synchronized or coordinated in time,,chronosmith;ironormu,,,1,1,1,ItemSparse,temporally-synchronized:1,27.6931,0.8,False,
three-part,three-part,three-part,,three-part,three-part,compound,three-part,,three-part,titan_order_machinery,,relating to something that is divided into three parts,,part;division;three,,,1,1,1,ItemSparse,three-part:1,27.6931,0.8,False,
titan-keeper,titan-keeper,titan-keeper,,titan-keeper,titan-keeper,compound,titan-keeper,,titan-keeper,titan_order_machinery,,a person who takes care of a titan,,watcher;keeper,,,1,1,1,JournalEncounter,titan-keeper:1,27.6931,0.8,False,
order,order,order,,order,order,base,order,,,titan_order_machinery,,a system of rules and regulations,,command;direction,,,225,208,5,BroadcastText;ItemNameDescription;ItemSparse;JournalEncounter;JournalEncounterSection,order:225,15.4205,0.8,False,
core,core,core,,core,core,base,core,,,titan_order_machinery,,the central or most important part of something,,center;middle,,,155,146,5,BroadcastText;ItemNameDescription;ItemSparse;JournalEncounter;JournalEncounterSection,core:155,15.0499,0.9,False,
helm,helm,helm,,helm,helm,base,helm,,,titan_order_machinery,,a device or structure that controls something,,device;structure;mechanism,,,102,102,5,BroadcastText;ItemNameDescription;ItemSparse;JournalEncounter;JournalEncounterSection,helm:102,14.6347,0.8,False,
prototype,prototype,prototype,,prototype,prototype,base,prototype,,,titan_order_machinery,,a model or example of something that is being developed or tested,,model;specimen,,,69,54,5,BroadcastText;ItemNameDescription;ItemSparse;JournalEncounter;JournalEncounterSection,prototype:69,14.2485,0.7,True,low_confidence
craft,craft,craft,,craft,craft,base,craft,,,trade_crafting,,to create or make something by hand,,forge;skilled,,,2769,2769,4,BroadcastText;ItemSparse;JournalEncounter;JournalEncounterSection,craft:2769,45.9266,0.4,True,low_confidence
supplies,supply,supplies,,supply,supply,inflected_form,supplies,,,trade_crafting,,materials or resources needed for a task or activity,,resources;equipment,,,141,141,5,BroadcastText;ItemNameDescription;ItemSparse;JournalEncounter;JournalEncounterSection,supplies:141,44.9558,0.3,True,low_confidence
crafted,craft,crafted,,craft,craft,inflected_form,crafted,,,trade_crafting,,"made or created with skill and care, often using special techniques or materials",,made;created;skilled,unskilled; careless,,372,370,4,BroadcastText;ItemNameDescription;ItemSparse;JournalEncounter,crafted:372,43.9216,0.8,False,
ore,ore,ore,,ore,ore,base,ore,,,trade_crafting,,a mineral or rock containing valuable substances,,mineral;rock;substance,waste;garbage,,160,154,4,BroadcastText;ItemSparse;JournalEncounter;JournalEncounterSection,ore:160,43.0814,0.5,True,low_confidence
vessel,vessel,vessel,,vessel,vessel,base,vessel,,,trade_crafting,,a container or vehicle used for carrying or transporting things,,container;vehicle;means of transport,empty;unoccupied,,78,78,4,BroadcastText;ItemSparse;JournalEncounter;JournalEncounterSection,vessel:78,42.3694,0.1,True,low_confidence
coin,coin,coin,,coin,coin,base,coin,,,trade_crafting,,"a small, flat piece of metal used as money or currency",,money;currency;payment,debt;owe,,70,65,4,BroadcastText;ItemSparse;JournalEncounter;JournalEncounterSection,coin:70,42.2627,0.1,True,low_confidence
bargain,bargain,bargain,,bargain,bargain,base,bargain,,,trade_crafting,,a deal or agreement between two or more parties,,deal;agreement;contract,,,24,24,3,BroadcastText;JournalEncounter;JournalEncounterSection,bargain:24,39.2189,1.0,False,
cloth,cloth,cloth,,cloth,cloth,base,cloth,,,trade_crafting,,"a material made from fibers, especially one used for clothing or textiles",,fabric;textile;material,,,138,137,2,BroadcastText;ItemSparse,cloth:138,38.9345,1.0,False,
leather,leather,leather,,leather,leather,base,leather,,,trade_crafting,,"a tough, flexible material made from animal skin",,material;skin;hide,,,235,233,1,ItemSparse,leather:235,37.4638,1.0,False,
shipment,shipment,shipment,,shipment,shipment,base,shipment,,,trade_crafting,,a consignment of goods sent for delivery or sale,,goods;delivery;sale,,,24,24,2,ItemSparse;JournalEncounterSection,shipment:24,37.2189,1.0,False,
merchant,merchant,merchant,,merchant,merchant,base,merchant,,,trade_crafting,,"a person who buys and sells goods, often in a market or store",,buy;sell;market,farmer;artisan,,25,25,1,ItemSparse,merchant:25,35.2581,0.8,False,
trader,trader,trader,,trader,trader,base,trader,,,trade_crafting,,"a person who buys and sells goods, often in a market or exchange",,merchant;seller;buyer,producer;manufacturer,,4,4,1,ItemSparse,trader:4,33.6094,0.8,False,
wares,ware,wares,,ware,ware,inflected_form,wares,,,trade_crafting,,goods or products for sale,,merchandise;commodities;products,waste;discard;unwanted,,2,2,1,ItemSparse,wares:2,33.0986,0.9,False,
day-to-day,day-to-day,day-to-day,,day-to-day,day-to-day,compound,day-to-day,,day-to-day,trade_crafting,,concerned with or related to everyday activities or tasks,,day;task;activity,,,3,3,2,ItemSparse;JournalEncounter,day-to-day:3,30.3863,0.9,False,
in-game,in-game,in-game,,in-game,in-game,compound,in-game,,in-game,trade_crafting,,"within or related to a game, especially a video game",,game;video;inside,,,3,3,2,ItemNameDescription;ItemSparse,in-game:3,30.3863,0.8,False,
commonly-issued,commonly-issue,commonly-issued,,commonly-issue,commonly-issue,compound,commonly-issued,,commonly-issued,trade_crafting,,widely distributed or available to the public,,public;general;universal,rare;scarce;exclusive,,8,8,1,ItemSparse,commonly-issued:8,29.1972,0.8,False,
high-quality,high-quality,high-quality,,high-quality,high-quality,compound,high-quality,,high-quality,trade_crafting,,of high standard or excellence,,quality;excellent;superior,low-quality;inferior,,7,7,1,ItemSparse,high-quality:7,29.0794,0.9,False,
two-pack,two-pack,two-pack,,two-pack,two-pack,compound,two-pack,,two-pack,trade_crafting,,a package or container that holds two items,,pack;container;item,single;one,,7,7,1,ItemSparse,two-pack:7,29.0794,0.8,False,
higher-quality,higher-quality,higher-quality,,higher-quality,higher-quality,compound,higher-quality,,higher-quality,trade_crafting,,of higher standard or excellence than usual,,quality;excellent;superior,lower-quality;inferior,,6,6,1,ItemSparse,higher-quality:6,28.9459,0.9,False,
cartel-approved,cartel-approv,cartel-approved,,cartel-approv,cartel-approv,compound,cartel-approved,,cartel-approved,trade_crafting,,something that has been approved or sanctioned by a cartel,,approved;sanctioned;cartel,disapproved;rejected,,5,5,1,ItemSparse,cartel-approved:5,28.7918,0.8,False,
mid-quality,mid-quality,mid-quality,,mid-quality,mid-quality,compound,mid-quality,,mid-quality,trade_crafting,,of average or moderate quality,,quality;average,,,4,4,1,ItemSparse,mid-quality:4,28.6094,0.9,False,
pay-line,pay-line,pay-line,,pay-line,pay-line,compound,pay-line,,pay-line,trade_crafting,,a line or amount to be paid,,,,,4,4,1,JournalEncounterSection,pay-line:4,28.6094,0.6,True,low_confidence
tune-up,tune-up,tune-up,,tune-up,tune-up,compound,tune-up,,tune-up,trade_crafting,,a maintenance or repair operation for a machine,,,,,4,4,1,JournalEncounterSection,tune-up:4,28.6094,0.6,True,low_confidence
deep-fried,deep-fry,deep-fried,,deep-fry,deep-fry,compound,deep-fried,,deep-fried,trade_crafting,,cooked or prepared in a deep fryer,,,,,3,3,1,ItemSparse,deep-fried:3,28.3863,0.7,True,low_confidence
drogbar-style,drogbar-style,drogbar-style,,drogbar-style,drogbar-style,compound,drogbar-style,,drogbar-style,trade_crafting,,a style or method of cooking or preparation,,,,,3,3,1,ItemSparse,drogbar-style:3,28.3863,0.6,True,low_confidence
extra-large,extra-large,extra-large,,extra-large,extra-large,compound,extra-large,,extra-large,trade_crafting,,larger than usual or expected,,,,,3,3,1,ItemSparse,extra-large:3,28.3863,0.7,True,low_confidence
short-term,short-term,short-term,,short-term,short-term,compound,short-term,,short-term,trade_crafting,,"lasting or occurring for a short period of time, often in a business or economic context",,contract;agreement;deal,long-term;permanent,,3,3,1,ItemSparse,short-term:3,28.3863,0.8,False,
well-suited,well-suit,well-suited,,well-suit,well-suit,compound,well-suited,,well-suited,trade_crafting,,suitable or appropriate for a particular purpose or situation,,apt;fit;proper,unsuitable;inappropriate;unfit,,3,3,1,ItemSparse,well-suited:3,28.3863,0.7,True,low_confidence
alcohol-free,alcohol-free,alcohol-free,,alcohol-free,alcohol-free,compound,alcohol-free,,alcohol-free,trade_crafting,,containing no alcohol,,non-alcoholic;dry;sober,alcoholic;intoxicating;drunken,,2,2,1,ItemSparse,alcohol-free:2,28.0986,0.9,False,
auto-building,auto-build,auto-building,,auto-build,auto-build,compound,auto-building,,auto-building,trade_crafting,,automatically constructing or assembling something,,automatic;self-constructing; self-assembling,manual;hand-built; labor-intensive,,2,2,1,ItemSparse,auto-building:2,28.0986,0.9,False,
beer-basted,beer-bast,beer-basted,,beer-bast,beer-bast,compound,beer-basted,,beer-basted,trade_crafting,,"cooked or prepared with beer, often in a culinary context",,beer;culinary;cooking,non-beer;non-culinary; non-cooking,,2,2,1,ItemSparse,beer-basted:2,28.0986,0.9,False,
field-issue,field-issue,field-issue,,field-issue,field-issue,compound,field-issue,,field-issue,trade_crafting,,something that is standard or issued for use in a particular field or context,,standard;issue;use,custom;specialized;unique,,2,2,1,ItemSparse,field-issue:2,28.0986,0.8,False,
fresh-caught,fresh-caught,fresh-caught,,fresh-caught,fresh-caught,compound,fresh-caught,,fresh-caught,trade_crafting,,recently caught or obtained,,caught;obtained,stale;old,,2,2,1,ItemSparse,fresh-caught:2,28.0986,0.9,False,
full-bodied,full-body,full-bodied,,full-body,full-body,compound,full-bodied,,full-bodied,trade_crafting,,"having a rich or full flavor, especially in the context of beverages",,bodied;flavored,weak-flavored;watery,,2,2,1,JournalEncounter,full-bodied:2,28.0986,0.9,False,
hand-drawn,hand-drawn,hand-drawn,,hand-drawn,hand-drawn,compound,hand-drawn,,hand-drawn,trade_crafting,,"created or made by hand, especially in the context of art or craftsmanship",,drawn;crafted,machine-made;mass-produced,,2,2,1,ItemSparse,hand-drawn:2,28.0986,0.8,False,
high-value,high-value,high-value,,high-value,high-value,compound,high-value,,high-value,trade_crafting,,of great importance or worth,,,,,2,2,1,ItemSparse,high-value:2,28.0986,0.8,False,
knick-knacks,knick-knack,knick-knacks,,knick-knack,knick-knack,compound,knick-knacks,,knick-knacks,trade_crafting,,"small, unnecessary items or trinkets",,,,,2,2,1,ItemSparse,knick-knacks:2,28.0986,0.8,False,
nicely-shaped,nicely-shap,nicely-shaped,,nicely-shap,nicely-shap,compound,nicely-shaped,,nicely-shaped,trade_crafting,,"having a pleasing or attractive shape, often used to describe objects or items",,shape;form;attractive,,,2,2,1,ItemSparse,nicely-shaped:2,28.0986,0.7,True,low_confidence
ninety-nine,ninety-nine,ninety-nine,,ninety-nine,ninety-nine,compound,ninety-nine,,ninety-nine,trade_crafting,,"the number ninety-nine, often used to describe quantities or amounts",,number;quantity;amount,,,2,2,1,BroadcastText,ninety-nine:2,28.0986,0.6,True,low_confidence
non-alcoholic,non-alcoholic,non-alcoholic,,non-alcoholic,non-alcoholic,compound,non-alcoholic,,non-alcoholic,trade_crafting,,"not containing or producing alcohol, often used to describe drinks or beverages",,alcohol;drink;beverage,,,2,2,1,ItemSparse,non-alcoholic:2,28.0986,0.9,False,
plain-looking,plain-look,plain-looking,,plain-look,plain-look,compound,plain-looking,,plain-looking,trade_crafting,,"having a simple or unattractive shape, often used to describe objects or items",,shape;form;unattractive,,,2,2,1,ItemSparse,plain-looking:2,28.0986,0.7,True,low_confidence
re-use,re-use,re-use,,re-use,re-use,compound,re-use,,re-use,trade_crafting,,to use again,,use;utilize;employ,discard;abandon;waste,,2,2,1,ItemSparse,re-use:2,28.0986,0.7,True,low_confidence
slow-cooked,slow-cook,slow-cooked,,slow-cook,slow-cook,compound,slow-cooked,,slow-cooked,trade_crafting,,cooked slowly over time,,cook;prepare;consume,quickly cooked;rapidly prepared;hastily consumed,,2,2,1,ItemSparse,slow-cooked:2,28.0986,0.7,True,low_confidence
slow-roasted,slow-roast,slow-roasted,,slow-roast,slow-roast,compound,slow-roasted,,slow-roasted,trade_crafting,,roasted slowly over time,,roast;cook;prepare,quickly roasted;rapidly prepared;hastily consumed,,2,2,1,ItemSparse,slow-roasted:2,28.0986,0.7,True,low_confidence
twice-baked,twice-bak,twice-baked,,twice-bak,twice-bak,compound,twice-baked,,twice-baked,trade_crafting,,"baked or cooked twice, for extra flavor or texture",,potato;dish;recipe,single-baked;raw,,2,2,1,ItemSparse,twice-baked:2,28.0986,0.8,False,
up-and-coming,up-and-com,up-and-coming,,up-and-com,up-and-com,compound,up-and-coming,,up-and-coming,trade_crafting,,rising or becoming more popular,,vacation;hot spot;thrill-seeking,downward;declining,,2,2,1,ItemSparse,up-and-coming:2,28.0986,0.7,True,low_confidence
well-aged,well-ag,well-aged,,well-ag,well-ag,compound,well-aged,,well-aged,trade_crafting,,aged or matured to perfection,,cheese;eggs;fabric,immature;raw,,2,2,1,ItemSparse,well-aged:2,28.0986,0.7,True,low_confidence
well-used,well-us,well-used,,well-us,well-us,compound,well-used,,well-used,trade_crafting,,"completely used or utilized, with no waste",,tent;maker's mark;familiar,unused;wasted,,2,2,1,ItemSparse,well-used:2,28.0986,0.7,True,low_confidence
all-natural,all-natural,all-natural,,all-natural,all-natural,compound,all-natural,,all-natural,trade_crafting,,"natural, not artificial",,natural;artificial;product,,,1,1,1,ItemSparse,all-natural:1,27.6931,0.8,False,
all-purpose,all-purpose,all-purpose,,all-purpose,all-purpose,compound,all-purpose,,all-purpose,trade_crafting,,"useful for many purposes, versatile",,purpose;versatile;useful,,,1,1,1,ItemSparse,all-purpose:1,27.6931,0.9,False,
anchor-shaped,anchor-shap,anchor-shaped,,anchor-shap,anchor-shap,compound,anchor-shaped,,anchor-shaped,trade_crafting,,"shaped like an anchor, nautical",,anchor;nautical;shaped,,,1,1,1,ItemSparse,anchor-shaped:1,27.6931,0.8,False,
anti-pest,anti-pest,anti-pest,,anti-pest,anti-pest,compound,anti-pest,,anti-pest,trade_crafting,,relating to the removal or prevention of pests,,,,,1,1,1,ItemSparse,anti-pest:1,27.6931,0.8,False,
appropriately-challenging,appropriately-challeng,appropriately-challenging,,appropriately-challeng,appropriately-challeng,compound,appropriately-challenging,,appropriately-challenging,trade_crafting,,relating to challenges or difficulties that are suitable or fitting for a particular situation,,,,,1,1,1,ItemSparse,appropriately-challenging:1,27.6931,0.8,False,
banana-infused,banana-infus,banana-infused,,banana-infus,banana-infus,compound,banana-infused,,banana-infused,trade_crafting,,infused with banana flavor or essence,,banana;rum,,,1,1,1,ItemSparse,banana-infused:1,27.6931,0.8,False,
bird-fishing,bird-fish,bird-fishing,,bird-fish,bird-fish,compound,bird-fishing,,bird-fishing,trade_crafting,,fishing for birds or using bird-like methods to catch fish,,,,,1,1,1,ItemSparse,bird-fishing:1,27.6931,0.5,True,low_confidence
blood-free,blood-free,blood-free,,blood-free,blood-free,compound,blood-free,,blood-free,trade_crafting,,free from or unaffected by blood,,,,,1,1,1,ItemSparse,blood-free:1,27.6931,0.5,True,low_confidence
bold-print,bold-print,bold-print,,bold-print,bold-print,compound,bold-print,,bold-print,trade_crafting,,having a bold or large font size,,,,,1,1,1,ItemSparse,bold-print:1,27.6931,0.5,True,low_confidence
boot-a-rang,boot-a-rang,boot-a-rang,,boot-a-rang,boot-a-rang,compound,boot-a-rang,,boot-a-rang,trade_crafting,,"a type of footwear or boot, possibly related to a specific material or style",,,,,1,1,1,ItemSparse,boot-a-rang:1,27.6931,0.5,True,low_confidence
chill-filtering,chill-filter,chill-filtering,,chill-filter,chill-filter,compound,chill-filtering,,chill-filtering,trade_crafting,,a process of removing impurities or imperfections from something,,filter;purify,contamination;taint,,1,1,1,ItemSparse,chill-filtering:1,27.6931,0.9,False,
chock-full,chock-full,chock-full,,chock-full,chock-full,compound,chock-full,,chock-full,trade_crafting,,something that is completely filled or packed with something else,,full;packed,empty;bare,,1,1,1,ItemSparse,chock-full:1,27.6931,0.8,False,
clean-up,clean-up,clean-up,,clean-up,clean-up,compound,clean-up,,clean-up,trade_crafting,,removing dirt or debris,,scum;grime;filth,dirty;unclean,,1,1,1,BroadcastText,clean-up:1,27.6931,0.9,False,
cross-referencing,cross-referenc,cross-referencing,,cross-referenc,cross-referenc,compound,cross-referencing,,cross-referencing,trade_crafting,,comparing or relating different sources of information,,research;investigation;analysis,superficial;uninformed,,1,1,1,BroadcastText,cross-referencing:1,27.6931,0.9,False,
crowd-sweeping,crowd-sweep,crowd-sweeping,,crowd-sweep,crowd-sweep,compound,crowd-sweeping,,crowd-sweeping,trade_crafting,,"sweeping away a crowd, often in a humorous or exaggerated way",,crowd;sweep,,,1,1,1,ItemSparse,crowd-sweeping:1,27.6931,0.7,True,low_confidence
ctrl-e,ctrl-e,ctrl-e,,ctrl-e,ctrl-e,compound,ctrl-e,,ctrl-e,trade_crafting,,"a keyboard shortcut used to perform a specific action, often in a game or other interactive environment",,ctrl;e,,,1,1,1,BroadcastText,ctrl-e:1,27.6931,0.6,True,low_confidence
do-it-yourself,do-it-yourself,do-it-yourself,,do-it-yourself,do-it-yourself,compound,do-it-yourself,,do-it-yourself,trade_crafting,,a project or activity that can be done by oneself,,project;activity;craft,,,1,1,1,ItemSparse,do-it-yourself:1,27.6931,0.5,True,low_confidence
domestic-grown,domestic-grown,domestic-grown,,domestic-grown,domestic-grown,compound,domestic-grown,,domestic-grown,trade_crafting,,grown or produced in one's own home or country,,home;country;produce,,,1,1,1,ItemSparse,domestic-grown:1,27.6931,0.1,True,low_confidence
dry-rubbed,dry-rubb,dry-rubbed,,dry-rubb,dry-rubb,compound,dry-rubbed,,dry-rubbed,trade_crafting,,treated or seasoned with a dry rub of spices or herbs,,rub;seasoning;spices,wet;moist,,1,1,1,ItemSparse,dry-rubbed:1,27.6931,0.3,True,low_confidence
duck-stuffed,duck-stuff,duck-stuffed,,duck-stuff,duck-stuff,compound,duck-stuffed,,duck-stuffed,trade_crafting,,filled or stuffed with duck meat or other ingredients,,stuffed;filled;meat,empty;unfilled,,1,1,1,ItemSparse,duck-stuffed:1,27.6931,0.1,True,low_confidence
everything-on-a-stick,everything-on-a-stick,everything-on-a-stick,,everything-on-a-stick,everything-on-a-stick,compound,everything-on-a-stick,,everything-on-a-stick,trade_crafting,,a term referring to a convenient or portable way of carrying or displaying items,,convenient;portable;items,,,1,1,1,ItemSparse,everything-on-a-stick:1,27.6931,1.0,False,
expertly-sewn,expertly-sewn,expertly-sewn,,expertly-sewn,expertly-sewn,compound,expertly-sewn,,expertly-sewn,trade_crafting,,having been sewn or stitched with great skill and attention to detail,,sew;stitch;detail,,,1,1,1,ItemSparse,expertly-sewn:1,27.6931,1.0,False,
extra-comfortable,extra-comfortable,extra-comfortable,,extra-comfortable,extra-comfortable,compound,extra-comfortable,,extra-comfortable,trade_crafting,,providing or offering a high level of comfort and relaxation,,comfort;relaxation;high,,,1,1,1,ItemSparse,extra-comfortable:1,27.6931,1.0,False,
extra-meaty,extra-meaty,extra-meaty,,extra-meaty,extra-meaty,compound,extra-meaty,,extra-meaty,trade_crafting,,having a high amount of meat or protein content,,meat;protein;high,,,1,1,1,ItemSparse,extra-meaty:1,27.6931,1.0,False,
faire-goer,faire-goer,faire-goer,,faire-goer,faire-goer,compound,faire-goer,,faire-goer,trade_crafting,,a person who attends a fair or market,,customer;patron;buyer,seller;vendor;merchant,,1,1,1,ItemSparse,faire-goer:1,27.6931,0.9,False,
fast-roasting,fast-roast,fast-roasting,,fast-roast,fast-roast,compound,fast-roasting,,fast-roasting,trade_crafting,,cooking or roasting quickly,,quick;rapid;swift,slow;sluggish;languid,,1,1,1,ItemSparse,fast-roasting:1,27.6931,0.7,True,low_confidence
fine-print,fine-print,fine-print,,fine-print,fine-print,compound,fine-print,,fine-print,trade_crafting,,"small or fine print, specifically in relation to text or writing",,print;text;writing,large;bold;clear,,1,1,1,ItemSparse,fine-print:1,27.6931,0.9,False,
finest-smelling,finest-smell,finest-smelling,,finest-smell,finest-smell,compound,finest-smelling,,finest-smelling,trade_crafting,,having the finest or most pleasant smell,,smell;scent;fragrance,worst-smelling;most foul;most odious,,1,1,1,ItemSparse,finest-smelling:1,27.6931,0.8,False,
fire-roasted,fire-roast,fire-roasted,,fire-roast,fire-roast,compound,fire-roasted,,fire-roasted,trade_crafting,,cooked or roasted using fire,,,,,1,1,1,ItemSparse,fire-roasted:1,27.6931,0.9,False,
fish-derived,fish-deriv,fish-derived,,fish-deriv,fish-deriv,compound,fish-derived,,fish-derived,trade_crafting,,derived from or related to fish,,,,,1,1,1,ItemSparse,fish-derived:1,27.6931,0.8,False,
flame-baked,flame-bak,flame-baked,,flame-bak,flame-bak,compound,flame-baked,,flame-baked,trade_crafting,,baked or cooked using flame,,,,,1,1,1,ItemSparse,flame-baked:1,27.6931,0.9,False,
fold-out,fold-out,fold-out,,fold-out,fold-out,compound,fold-out,,fold-out,trade_crafting,,a type of paper or document that can be folded out,,,,,1,1,1,ItemSparse,fold-out:1,27.6931,0.8,False,
food-safe,food-safe,food-safe,,food-safe,food-safe,compound,food-safe,,food-safe,trade_crafting,,safe for consumption or eating,,,,,1,1,1,ItemSparse,food-safe:1,27.6931,0.9,False,
foot-long,foot-long,foot-long,,foot-long,foot-long,compound,foot-long,,foot-long,trade_crafting,,one foot in length,,,,,1,1,1,ItemSparse,foot-long:1,27.6931,0.9,False,
fruit-infused,fruit-infus,fruit-infused,,fruit-infus,fruit-infus,compound,fruit-infused,,fruit-infused,trade_crafting,,containing or flavored with fruit,,fruit;flavored,,,1,1,1,ItemSparse,fruit-infused:1,27.6931,0.6,True,low_confidence
fun-size,fun-size,fun-size,,fun-size,fun-size,compound,fun-size,,fun-size,trade_crafting,,small or miniature in size,,size;small,,,1,1,1,ItemSparse,fun-size:1,27.6931,0.8,False,
grade-e,grade-e,grade-e,,grade-e,grade-e,compound,grade-e,,grade-e,trade_crafting,,Grade E quality,,grade;e,,,1,1,1,ItemSparse,grade-e:1,27.6931,0.9,False,
grease-coated,grease-coate,grease-coated,,grease-coate,grease-coate,compound,grease-coated,,grease-coated,trade_crafting,,covered in grease,,oily;slippery;lubricant,dry;dusty;powdered,,1,1,1,ItemSparse,grease-coated:1,27.6931,0.8,False,
ground-up,ground-up,ground-up,,ground-up,ground-up,compound,ground-up,,ground-up,trade_crafting,,crushed or pulverized into a fine powder,,powdered;milled;grinded,whole;intact;unbroken,,1,1,1,ItemSparse,ground-up:1,27.6931,0.9,False,
half-beaten,half-beaten,half-beaten,,half-beaten,half-beaten,compound,half-beaten,,half-beaten,trade_crafting,,partially worn or damaged,,worn;tattered;frayed,new;unused;pristine,,1,1,1,ItemSparse,half-beaten:1,27.6931,0.8,False,
half-eaten,half-eaten,half-eaten,,half-eaten,half-eaten,compound,half-eaten,,half-eaten,trade_crafting,,partially consumed or devoured,,eaten;consumed;devoured,full;whole;intact,,1,1,1,ItemSparse,half-eaten:1,27.6931,0.9,False,
half-filled,half-fill,half-filled,,half-fill,half-fill,compound,half-filled,,half-filled,trade_crafting,,partially filled or completed,,filled;completed;finished,empty;unfilled;incomplete,,1,1,1,ItemSparse,half-filled:1,27.6931,0.8,False,
half-full,half-full,half-full,,half-full,half-full,compound,half-full,,half-full,trade_crafting,,partially filled or completed,,filled;completed;finished,empty;unfilled;incomplete,,1,1,1,ItemSparse,half-full:1,27.6931,0.9,False,
half-price,half-price,half-price,,half-price,half-price,compound,half-price,,half-price,trade_crafting,,at a reduced or discounted price,,discounted;reduced;cheaper,full-price;regular;normal,,1,1,1,ItemSparse,half-price:1,27.6931,0.9,False,
hand--it,hand--it,hand--it,,hand--it,hand--it,compound,hand--it,,hand--it,trade_crafting,,a type of tool or instrument used for crafting or making things by hand,,tool;instrument;crafting,machine;automated;industrial,,1,1,1,ItemSparse,hand--it:1,27.6931,0.8,False,
hand-braided,hand-braid,hand-braided,,hand-braid,hand-braid,compound,hand-braided,,hand-braided,trade_crafting,,"made or crafted by hand, using braiding techniques",,braided;crafted;made,machine-made;mass-produced;industrial,,1,1,1,ItemSparse,hand-braided:1,27.6931,0.9,False,
hand-carved,hand-carv,hand-carved,,hand-carv,hand-carv,compound,hand-carved,,hand-carved,trade_crafting,,"made or crafted by hand, using carving techniques",,carved;crafted;made,machine-made;mass-produced;industrial,,1,1,1,ItemSparse,hand-carved:1,27.6931,0.8,False,
hand-crafted,hand-craft,hand-crafted,,hand-craft,hand-craft,compound,hand-crafted,,hand-crafted,trade_crafting,,"made or crafted by hand, using various techniques and skills",,crafted;made;skilled,machine-made;mass-produced;industrial,,1,1,1,ItemSparse,hand-crafted:1,27.6931,0.9,False,
high-traffic,high-traffic,high-traffic,,high-traffic,high-traffic,compound,high-traffic,,high-traffic,trade_crafting,,a place with a lot of people and activity,,,,,1,1,1,ItemSparse,high-traffic:1,27.6931,0.3,True,low_confidence
highly-prized,highly-priz,highly-prized,,highly-priz,highly-priz,compound,highly-prized,,highly-prized,trade_crafting,,"very valuable, highly sought after",,,,,1,1,1,ItemSparse,highly-prized:1,27.6931,0.2,True,low_confidence
highly-valued,highly-value,highly-valued,,highly-value,highly-value,compound,highly-valued,,highly-valued,trade_crafting,,"very valuable, highly respected",,,,,1,1,1,ItemSparse,highly-valued:1,27.6931,0.1,True,low_confidence
honey-drop,honey-drop,honey-drop,,honey-drop,honey-drop,compound,honey-drop,,honey-drop,trade_crafting,,"a small amount of honey, a sweet drop",,,,,1,1,1,ItemSparse,honey-drop:1,27.6931,0.3,True,low_confidence
honey-extracting,honey-extract,honey-extracting,,honey-extract,honey-extract,compound,honey-extracting,,honey-extracting,trade_crafting,,the process of getting honey from bees,,,,,1,1,1,JournalEncounter,honey-extracting:1,27.6931,0.2,True,low_confidence
honey-glazed,honey-glaz,honey-glazed,,honey-glaz,honey-glaz,compound,honey-glazed,,honey-glazed,trade_crafting,,"covered in a sweet, sticky glaze made from honey",,,,,1,1,1,ItemSparse,honey-glazed:1,27.6931,0.1,True,low_confidence
how-to,how-to,how-to,,how-to,how-to,compound,how-to,,how-to,trade_crafting,,guide to making something,,craft;make;create,,,1,1,1,ItemSparse,how-to:1,27.6931,1.0,False,
jam-packed,jam-pack,jam-packed,,jam-pack,jam-pack,compound,jam-packed,,jam-packed,trade_crafting,,"packed tightly or densely, like jam in a jar",,,,,1,1,1,ItemSparse,jam-packed:1,27.6931,1.0,False,
jibby-jobbler,jibby-jobbler,jibby-jobbler,,jibby-jobbler,jibby-jobbler,compound,jibby-jobbler,,jibby-jobbler,trade_crafting,,"a person or thing that does a specific job, likely referring to a profession or occupation",,,,,1,1,1,ItemSparse,jibby-jobbler:1,27.6931,1.0,False,
jumbo-sized,jumbo-siz,jumbo-sized,,jumbo-siz,jumbo-siz,compound,jumbo-sized,,jumbo-sized,trade_crafting,,"large or oversized, like a jumbo-sized item",,,,,1,1,1,ItemSparse,jumbo-sized:1,27.6931,1.0,False,
jump-start,jump-start,jump-start,,jump-start,jump-start,compound,jump-start,,jump-start,trade_crafting,,"to start or begin something, often with a sudden or energetic motion",,,,,1,1,1,ItemSparse,jump-start:1,27.6931,1.0,False,
just-in-time,just-in-time,just-in-time,,just-in-time,just-in-time,compound,just-in-time,,just-in-time,trade_crafting,,"arriving or happening at the right moment, often referring to supply or logistics",,,,,1,1,1,ItemSparse,just-in-time:1,27.6931,1.0,False,
knick-nacks,knick-nack,knick-nacks,,knick-nack,knick-nack,compound,knick-nacks,,knick-nacks,trade_crafting,,small decorative items or trinkets,,decorative;trinket;ornament,utilitarian;practical,,1,1,1,ItemSparse,knick-nacks:1,27.6931,0.9,False,
latest--and,latest--and,latest--and,,latest--and,latest--and,compound,latest--and,,latest--and,trade_crafting,,a reference to the latest or most advanced technology or innovation,,latest;advanced;innovation,outdated;obsolete,,1,1,1,JournalEncounter,latest--and:1,27.6931,0.8,False,
less-than-ideal,less-than-ideal,less-than-ideal,,less-than-ideal,less-than-ideal,compound,less-than-ideal,,less-than-ideal,trade_crafting,,"not meeting or exceeding expectations, often in the context of quality or performance",,quality;performance;expectations,excellent;superior,,1,1,1,ItemSparse,less-than-ideal:1,27.6931,0.8,False,
lesser-known,lesser-known,lesser-known,,lesser-known,lesser-known,compound,lesser-known,,lesser-known,trade_crafting,,"not well-known or understood, often in the context of knowledge or expertise",,knowledge;expertise;understanding,well-known;familiar,,1,1,1,ItemSparse,lesser-known:1,27.6931,0.7,True,low_confidence
long-term,long-term,long-term,,long-term,long-term,compound,long-term,,long-term,trade_crafting,,relating to long-term plans or projects,,permanent;lasting;enduring,,,1,1,1,ItemSparse,long-term:1,27.6931,0.1,True,low_confidence
loot-a-rang,loot-a-rang,loot-a-rang,,loot-a-rang,loot-a-rang,compound,loot-a-rang,,loot-a-rang,trade_crafting,,a type of loot or treasure,,treasure;booty;spoils,,,1,1,1,ItemSparse,loot-a-rang:1,27.6931,0.8,False,
lost-and-found,lost-and-found,lost-and-found,,lost-and-found,lost-and-found,compound,lost-and-found,,lost-and-found,trade_crafting,,a place where lost items are found,,treasure;booty;spoils,,,1,1,1,ItemSparse,lost-and-found:1,27.6931,0.6,True,low_confidence
low-level,low-level,low-level,,low-level,low-level,compound,low-level,,low-level,trade_crafting,,relating to low-level skills or abilities,,basic;elementary;rudimentary,,,1,1,1,ItemSparse,low-level:1,27.6931,0.4,True,low_confidence
magic-rich,magic-rich,magic-rich,,magic-rich,magic-rich,compound,magic-rich,,magic-rich,trade_crafting,,a substance or material rich in magical properties,,magical;enchanted;spellbound,,,1,1,1,ItemSparse,magic-rich:1,27.6931,0.7,True,low_confidence
make--if,make--if,make--if,,make--if,make--if,compound,make--if,,make--if,trade_crafting,,a conditional statement or instruction for crafting or creation,,craft;create;make,,,1,1,1,BroadcastText,make--if:1,27.6931,0.6,True,low_confidence
mass-produced,mass-produc,mass-produced,,mass-produc,mass-produc,compound,mass-produced,,mass-produced,trade_crafting,,produced in large quantities or numbers,,production;manufacturing;industry,handmade;unique,,1,1,1,ItemSparse,mass-produced:1,27.6931,0.9,False,
mouth-watering,mouth-water,mouth-watering,,mouth-water,mouth-water,compound,mouth-watering,,mouth-watering,trade_crafting,,appealing or appetizing to eat,,appetizing;appealing;food,unappetizing;unappealing,,1,1,1,ItemSparse,mouth-watering:1,27.6931,0.9,False,
mouth-wateringly,mouth-wateringly,mouth-wateringly,,mouth-wateringly,mouth-wateringly,compound,mouth-wateringly,,mouth-wateringly,trade_crafting,,in a way that is appealing or appetizing to eat,,appealing;appetizing;food,unappealing;unappetizing,,1,1,1,ItemSparse,mouth-wateringly:1,27.6931,0.8,False,
mug-fulls,mug-full,mug-fulls,,mug-full,mug-full,compound,mug-fulls,,mug-fulls,trade_crafting,,full mugs or containers,,full;mug;container,empty;hollow,,1,1,1,ItemSparse,mug-fulls:1,27.6931,0.7,True,low_confidence
must-have,must-have,must-have,,must-have,must-have,compound,must-have,,must-have,trade_crafting,,something that is necessary or essential,,necessary;essential;something,optional;unnecessary,,1,1,1,ItemSparse,must-have:1,27.6931,0.9,False,
must-read,must-read,must-read,,must-read,must-read,compound,must-read,,must-read,trade_crafting,,something that is necessary or essential to read,,necessary;essential;read,optional;unimportant,,1,1,1,ItemSparse,must-read:1,27.6931,0.8,False,
near-empty,near-empty,near-empty,,near-empty,near-empty,compound,near-empty,,near-empty,trade_crafting,,almost completely empty or lacking,,empty;lacking;sparse,full;complete,,1,1,1,ItemSparse,near-empty:1,27.6931,0.6,True,low_confidence
neatly-folded,neatly-fold,neatly-folded,,neatly-fold,neatly-fold,compound,neatly-folded,,neatly-folded,trade_crafting,,tidily or neatly arranged or folded,,folded;arranged;tidy,disorganized;messy,,1,1,1,ItemSparse,neatly-folded:1,27.6931,0.1,True,low_confidence
never-utilized,never-utiliz,never-utilized,,never-utiliz,never-utiliz,compound,never-utilized,,never-utilized,trade_crafting,,"never used or employed, often in a context of waste or inefficiency",,utilized;used;employed,productive;efficient,,1,1,1,ItemSparse,never-utilized:1,27.6931,0.8,False,
non-discerning,non-discern,non-discerning,,non-discern,non-discern,compound,non-discerning,,non-discerning,trade_crafting,,not discerning,,discerning;family;words,,,1,1,1,ItemSparse,non-discerning:1,27.6931,0.5,True,low_confidence
non-perishable,non-perishable,non-perishable,,non-perishable,non-perishable,compound,non-perishable,,non-perishable,trade_crafting,,not perishable,,perishable;family;words,,,1,1,1,ItemSparse,non-perishable:1,27.6931,0.5,True,low_confidence
non-perishables,non-perishable,non-perishables,,non-perishable,non-perishable,compound,non-perishables,,non-perishables,trade_crafting,,not perishable things,,perishable;family;words,,,1,1,1,ItemSparse,non-perishables:1,27.6931,0.4,True,low_confidence
non-pets,non-pet,non-pets,,non-pet,non-pet,compound,non-pets,,non-pets,trade_crafting,,not pets,,pets;family;words,,,1,1,1,ItemSparse,non-pets:1,27.6931,0.3,True,low_confidence
oddly-spicy,oddly-spicy,oddly-spicy,,oddly-spicy,oddly-spicy,compound,oddly-spicy,,oddly-spicy,trade_crafting;emotion_morality,,having an unusual or unexpected level of spiciness,,spicy;hot;pungent,mild;bland,,1,1,1,ItemSparse,oddly-spicy:1,27.6931,1.0,False,
odds-and-ends,odds-and-end,odds-and-ends,,odds-and-end,odds-and-end,compound,odds-and-ends,,odds-and-ends,trade_crafting;travel_places,,a collection of miscellaneous items,,miscellaneous;various;hodgepodge,orderly;systematic,,1,1,1,ItemSparse,odds-and-ends:1,27.6931,1.0,False,
off-cuts,off-cut,off-cuts,,off-cut,off-cut,compound,off-cuts,,off-cuts,trade_crafting;death_mourning,,pieces of meat or other materials that are cut off during a process,,cutting;trimming;scrap,prime cuts;choice cuts,,1,1,1,ItemSparse,off-cuts:1,27.6931,1.0,False,
one-hundred,one-hundr,one-hundred,,one-hundr,one-hundr,compound,one-hundred,,one-hundred,trade_crafting;nature_druid_emerald,,the number one hundred,,number;quantity;amount,none;zero;nothing,,1,1,1,ItemSparse,one-hundred:1,27.6931,0.9,False,
one-shot,one-shot,one-shot,,one-shot,one-shot,compound,one-shot,,one-shot,trade_crafting;magic_artifacts_runes,,a single use or application,,single;use;application,multiple;repeated;continuous,,1,1,1,ItemSparse,one-shot:1,27.6931,0.8,False,
one-size-fits-all-gear,one-size-fits-all-gear,one-size-fits-all-gear,,one-size-fits-all-gear,one-size-fits-all-gear,compound,one-size-fits-all-gear,,one-size-fits-all-gear,trade_crafting;forge_weapons_armor,,equipment that fits all sizes or types,,size;fit;equipment,custom-made;tailored;bespoke,,1,1,1,ItemSparse,one-size-fits-all-gear:1,27.6931,0.7,True,low_confidence
ooey-gooey,ooey-gooey,ooey-gooey,,ooey-gooey,ooey-gooey,compound,ooey-gooey,,ooey-gooey,trade_crafting;nature_druid_emerald,,sticky or syrupy in texture,,sticky;syrupy;viscous,dry;crumbly;powdery,,1,1,1,ItemSparse,ooey-gooey:1,27.6931,0.8,False,
ore-n't,ore-n't,ore-n't,,ore-n't,ore-n't,compound,ore-n't,,ore-n't,trade_crafting;nature_druid_emerald,,a contraction of 'or not',,contraction;abbreviation;acronym,affirmative;positive;confident,,1,1,1,ItemSparse,ore-n't:1,27.6931,0.7,True,low_confidence
overnight-boiled,overnight-boile,overnight-boiled,,overnight-boile,overnight-boile,compound,overnight-boiled,,overnight-boiled,trade_crafting;nature_druid_emerald,,cooked or prepared overnight,,cooking;preparation;overnight,raw;unprepared;immediate,,1,1,1,ItemSparse,overnight-boiled:1,27.6931,0.7,True,low_confidence
painful-looking,painful-look,painful-looking,,painful-look,painful-look,compound,painful-looking,,painful-looking,trade_crafting;nature_druid_emerald,,appearing or looking painful,,pain;appearance;look,comfortable;relaxing;soothing,,1,1,1,ItemSparse,painful-looking:1,27.6931,0.7,True,low_confidence
paint-like,paint-like,paint-like,,paint-like,paint-like,compound,paint-like,,paint-like,trade_crafting;nature_druid_emerald,,resembling or having the texture of paint,,paint;texture;appearance,smooth;even;uniform,,1,1,1,ItemSparse,paint-like:1,27.6931,0.7,True,low_confidence
pepper-lined,pepper-lin,pepper-lined,,pepper-lin,pepper-lin,compound,pepper-lined,,pepper-lined,trade_crafting,,"lined or covered with pepper, often used to describe a type of filter or container",,,,,1,1,1,ItemSparse,pepper-lined:1,27.6931,0.8,False,
pitch-soaked,pitch-soak,pitch-soaked,,pitch-soak,pitch-soak,compound,pitch-soaked,,pitch-soaked,trade_crafting,,"soaked or saturated with pitch, often used to describe a type of material or container",,,,,1,1,1,ItemSparse,pitch-soaked:1,27.6931,0.8,False,
pot-making,pot-mak,pot-making,,pot-mak,pot-mak,compound,pot-making,,pot-making,trade_crafting,,the process of making pots or containers,,ceramics;pottery;craftsmanship,machine-made;mass-produced;industrial,,1,1,1,ItemSparse,pot-making:1,27.6931,0.6,True,low_confidence
pour-us,pour-u,pour-us,,pour-u,pour-u,compound,pour-us,,pour-us,trade_crafting,,a phrase or expression used to invite someone to drink,,invitation;toast;celebration,refusal;decline;abstinence,,1,1,1,ItemSparse,pour-us:1,27.6931,0.5,True,low_confidence
pre-inflation,pre-inflation,pre-inflation,,pre-inflation,pre-inflation,compound,pre-inflation,,pre-inflation,trade_crafting,,a period of time before inflation or economic growth,,economic;financial;monetary,inflationary;growth-oriented;prosperous,,1,1,1,ItemSparse,pre-inflation:1,27.6931,0.3,True,low_confidence
pre-tenderized,pre-tenderiz,pre-tenderized,,pre-tenderiz,pre-tenderiz,compound,pre-tenderized,,pre-tenderized,trade_crafting,,something that has already been tenderized or made more palatable,,tender;palatable;edible,raw;uncooked;inedible,,1,1,1,ItemSparse,pre-tenderized:1,27.6931,0.1,True,low_confidence
professions-icon-quality-tier,professions-icon-quality-tier,professions-icon-quality-tier,,professions-icon-quality-tier,professions-icon-quality-tier,compound,professions-icon-quality-tier,,professions-icon-quality-tier,trade_crafting,,a phrase or expression used to describe the quality or level of a profession or skill,,quality;level;skill,low;poor;unskilled,,1,1,1,ItemSparse,professions-icon-quality-tier:1,27.6931,0.1,True,low_confidence
quality-assured,quality-assur,quality-assured,,quality-assur,quality-assur,compound,quality-assured,,quality-assured,trade_crafting,,guaranteed to be of high quality,,certified;verified;authentic,,,1,1,1,ItemSparse,quality-assured:1,27.6931,1.0,False,
re-assemble,re-assemble,re-assemble,,re-assemble,re-assemble,compound,re-assemble,,re-assemble,trade_crafting,,to put together or reassemble something,,assemble;reassemble;rebuild,,,1,1,1,BroadcastText,re-assemble:1,27.6931,1.0,False,
ready-to-eat,ready-to-eat,ready-to-eat,,ready-to-eat,ready-to-eat,compound,ready-to-eat,,ready-to-eat,trade_crafting,,prepared or cooked in a way that is suitable for immediate consumption,,eat;consume;food,uncooked;raw,,1,1,1,ItemSparse,ready-to-eat:1,27.6931,0.8,False,
research--allow,research--allow,research--allow,,research--allow,research--allow,compound,research--allow,,research--allow,trade_crafting,,to study or investigate something in order to gain knowledge or understanding,,research;study;investigate,ignore;dismiss,,1,1,1,BroadcastText,research--allow:1,27.6931,0.6,True,low_confidence
rickshaw-pulling,rickshaw-pull,rickshaw-pulling,,rickshaw-pull,rickshaw-pull,compound,rickshaw-pulling,,rickshaw-pulling,trade_crafting,,"the act of pulling a rickshaw, often as a form of transportation or exercise",,pull;transport;exercise,push;propel,,1,1,1,ItemSparse,rickshaw-pulling:1,27.6931,0.6,True,low_confidence
robo-farmers,robo-farmer,robo-farmers,,robo-farmer,robo-farmer,compound,robo-farmers,,robo-farmers,trade_crafting,,farmers who use robots or mechanical aid,,farmer;robotic,,,1,1,1,ItemSparse,robo-farmers:1,27.6931,0.9,False,
self-baking,self-bak,self-baking,,self-bak,self-bak,compound,self-baking,,self-baking,trade_crafting,,baking something without the aid of others,,homemade;handmade;artisanal,industrial;mass-produced;factory-made,,1,1,1,ItemSparse,self-baking:1,27.6931,0.7,True,low_confidence
self-use,self-use,self-use,,self-use,self-use,compound,self-use,,self-use,trade_crafting,,using something for oneself or one's own purposes,,use;utilize;employ,abandon;discard;reject,,1,1,1,ItemSparse,self-use:1,27.6931,0.7,True,low_confidence
sought-after,sought-after,sought-after,,sought-after,sought-after,compound,sought-after,,sought-after,trade_crafting,,highly desired or sought after,,desirable;valuable;coveted,unwanted;undesirable;rejected,,1,1,1,ItemSparse,sought-after:1,27.6931,0.8,False,
spice--can,spice--can,spice--can,,spice--can,spice--can,compound,spice--can,,spice--can,trade_crafting,,a container for spices or a type of spice,,spice;container;storage,empty;bare;unadorned,,1,1,1,BroadcastText,spice--can:1,27.6931,0.6,True,low_confidence
straw-seared,straw-sear,straw-seared,,straw-sear,straw-sear,compound,straw-seared,,straw-seared,trade_crafting,,seared or cooked with straw,,,,,1,1,1,ItemSparse,straw-seared:1,27.6931,0.8,False,
strongly-scented,strongly-scent,strongly-scented,,strongly-scent,strongly-scent,compound,strongly-scented,,strongly-scented,trade_crafting,,having a strong or intense scent,,,,,1,1,1,ItemSparse,strongly-scented:1,27.6931,0.8,False,
sub-par,sub-par,sub-par,,sub-par,sub-par,compound,sub-par,,sub-par,trade_crafting,,below standard or quality,,,,,1,1,1,ItemSparse,sub-par:1,27.6931,0.8,False,
sugar-crusted,sugar-crust,sugar-crusted,,sugar-crust,sugar-crust,compound,sugar-crusted,,sugar-crusted,trade_crafting,,crusted or coated with sugar,,,,,1,1,1,ItemSparse,sugar-crusted:1,27.6931,0.8,False,
tank-building,tank-build,tank-building,,tank-build,tank-build,compound,tank-building,,tank-building,trade_crafting,,the act of building or creating a tank,,war_machine;depraved,,,1,1,1,BroadcastText,tank-building:1,27.6931,0.7,True,low_confidence
taste-test,taste-test,taste-test,,taste-test,taste-test,compound,taste-test,,taste-test,trade_crafting,,the act of testing or sampling a food or drink,,food;drink,,,1,1,1,ItemSparse,taste-test:1,27.6931,0.7,True,low_confidence
ten-thousand,ten-thousand,ten-thousand,,ten-thousand,ten-thousand,compound,ten-thousand,,ten-thousand,trade_crafting,,a quantity or amount that is ten thousand units long,,years;shelf life,,,1,1,1,BroadcastText,ten-thousand:1,27.6931,0.7,True,low_confidence
thirst-quenching,thirst-quench,thirst-quenching,,thirst-quench,thirst-quench,compound,thirst-quenching,,thirst-quenching,trade_crafting,,relating to quenching thirst or satisfying hunger,,quench;thirst;hunger,,,1,1,1,ItemSparse,thirst-quenching:1,27.6931,0.9,False,
thrice-spiced,thrice-spic,thrice-spiced,,thrice-spic,thrice-spic,compound,thrice-spiced,,thrice-spiced,trade_crafting,,having been spiced or seasoned three times,,spice;season;three,,,1,1,1,ItemSparse,thrice-spiced:1,27.6931,0.9,False,
to--very,to--very,to--very,,to--very,to--very,compound,to--very,,to--very,trade_crafting,,"a phrase used to indicate a high degree of something, such as quality or quantity",,excellent;superb,,,1,1,1,ItemSparse,to--very:1,27.6931,0.6,True,low_confidence
tongue-melting,tongue-melt,tongue-melting,,tongue-melt,tongue-melt,compound,tongue-melting,,tongue-melting,trade_crafting,,so hot or spicy that it melts in your mouth,,spicy;hot,,,1,1,1,ItemSparse,tongue-melting:1,27.6931,0.8,False,
top-notch,top-notch,top-notch,,top-notch,top-notch,compound,top-notch,,top-notch,trade_crafting,,of the highest quality or standard,,excellent;superb,,,1,1,1,ItemSparse,top-notch:1,27.6931,0.9,False,
top-of-the-line,top-of-the-line,top-of-the-line,,top-of-the-line,top-of-the-line,compound,top-of-the-line,,top-of-the-line,trade_crafting,,"of the highest quality or standard, especially in terms of technology or design",,advanced;state-of-the-art,,,1,1,1,ItemSparse,top-of-the-line:1,27.6931,0.9,False,
touch-ups,touch-up,touch-ups,,touch-up,touch-up,compound,touch-ups,,touch-ups,trade_crafting,,"small adjustments or repairs made to something, especially a piece of art or a machine",,repairs;adjustments,,,1,1,1,ItemSparse,touch-ups:1,27.6931,0.7,True,low_confidence
twenty-two,twenty-two,twenty-two,,twenty-two,twenty-two,compound,twenty-two,,twenty-two,trade_crafting,,quantity or amount,,number;amount,,,1,1,1,ItemSparse,twenty-two:1,27.6931,1.0,False,
twice-soaked,twice-soak,twice-soaked,,twice-soak,twice-soak,compound,twice-soaked,,twice-soaked,trade_crafting,,treated or processed twice,,soak;process,,,1,1,1,ItemSparse,twice-soaked:1,27.6931,1.0,False,
use-by,use-by,use-by,,use-by,use-by,compound,use-by,,use-by,trade_crafting,,"a date or time by which something should be used, especially in a commercial sense",,date;time;commercial,never;always,,1,1,1,ItemSparse,use-by:1,27.6931,0.9,False,
well-funded,well-fund,well-funded,,well-fund,well-fund,compound,well-funded,,well-funded,trade_crafting,,having enough money to do something,,funded;supported;financed,,,1,1,1,ItemSparse,well-funded:1,27.6931,1.0,False,
well-kept,well-kept,well-kept,,well-kept,well-kept,compound,well-kept,,well-kept,trade_crafting,,taken care of or maintained well,,kept;maintained;cared for,,,1,1,1,ItemSparse,well-kept:1,27.6931,1.0,False,
well-maintained,well-maintain,well-maintained,,well-maintain,well-maintain,compound,well-maintained,,well-maintained,trade_crafting,,taken care of or maintained well,,maintained;cared for;kept,,,1,1,1,ItemSparse,well-maintained:1,27.6931,1.0,False,
well-marbled,well-marbl,well-marbled,,well-marbl,well-marbl,compound,well-marbled,,well-marbled,trade_crafting,,having a pattern of fat and lean meat,,marbled;striped;patterned,,,1,1,1,ItemSparse,well-marbled:1,27.6931,1.0,False,
well-packaged,well-packag,well-packaged,,well-packag,well-packag,compound,well-packaged,,well-packaged,trade_crafting,,put together or wrapped well,,packaged;wrapped;boxed,,,1,1,1,ItemSparse,well-packaged:1,27.6931,1.0,False,
well-stocked,well-stock,well-stocked,,well-stock,well-stock,compound,well-stocked,,well-stocked,trade_crafting,,having a lot of supplies or goods,,stocked;supplied;equipped,,,1,1,1,ItemSparse,well-stocked:1,27.6931,1.0,False,
well-woven,well-woven,well-woven,,well-woven,well-woven,compound,well-woven,,well-woven,trade_crafting,,made with threads or yarns that are intertwined well,,woven;knitted;tangled,,,1,1,1,ItemSparse,well-woven:1,27.6931,1.0,False,
wind-up,wind-up,wind-up,,wind-up,wind-up,compound,wind-up,,wind-up,trade_crafting,,to make something work or move by using wind,,up;work;move,,,1,1,1,ItemSparse,wind-up:1,27.6931,1.0,False,
zero-one,zero-one,zero-one,,zero-one,zero-one,compound,zero-one,,zero-one,trade_crafting,,a product or concept related to zero and one,,zero;one,,,1,1,1,ItemSparse,zero-one:1,27.6931,1.0,False,
these,these,these,,these,these,base,these,,,trade_crafting,,used to refer to things that are present or near the speaker,,those;this,,,1195,1173,4,BroadcastText;ItemSparse;JournalEncounter;JournalEncounterSection,these:1195,15.0867,0.8,False,
things,thing,things,,thing,thing,inflected_form,things,,,trade_crafting,,objects or events that exist or happen in the world,,objects;events,,,152,150,5,BroadcastText;ItemNameDescription;ItemSparse;JournalEncounter;JournalEncounterSection,things:152,15.0304,0.8,False,
contains,contain,contains,,contain,contain,inflected_form,contains,,,trade_crafting,,holds or includes something,,has;includes;encloses,,,1099,1098,4,BroadcastText;ItemSparse;JournalEncounter;JournalEncounterSection,contains:1099,15.0031,0.8,False,
skill,skill,skill,,skill,skill,base,skill,,,trade_crafting,,a talent or ability to do something well,,talent;ability;expertise,,,765,764,4,BroadcastText;ItemSparse;JournalEncounter;JournalEncounterSection,skill:765,14.6412,0.1,True,low_confidence
cache,cache,cache,,cache,cache,base,cache,,,trade_crafting,,a hidden store of valuable items or resources,,store;hoard,,,84,83,5,BroadcastText;ItemNameDescription;ItemSparse;JournalEncounter;JournalEncounterSection,cache:84,14.4427,1.0,False,
crafting,craft,crafting,,craft,craft,inflected_form,crafting,,,trade_crafting,,the act of making something by hand or with tools,,artisanship;skilled labor,,,71,70,5,BroadcastText;ItemNameDescription;ItemSparse;JournalEncounter;JournalEncounterSection,crafting:71,14.2767,0.9,False,
path,path,path,,path,path,base,path,,,travel_places,,a route or course of travel,,way;road,,,207,201,5,BroadcastText;ItemNameDescription;ItemSparse;JournalEncounter;JournalEncounterSection,path:207,45.3375,0.0,True,low_confidence
portal,portal,portal,,portal,portal,base,portal,,,travel_places,,a gateway or entrance to another place or dimension,,gate;door,,,142,117,5,BroadcastText;ItemNameDescription;ItemSparse;JournalEncounter;JournalEncounterSection,portal:142,44.9628,0.4,True,low_confidence
flight,flight,flight,,flight,flight,base,flight,,,travel_places,,the act of flying or moving quickly through the air,,journey;path,,,60,59,4,BroadcastText;ItemSparse;JournalEncounter;JournalEncounterSection,flight:60,42.1109,1.0,False,
cave,cave,cave,,cave,cave,base,cave,,,travel_places,,a hollow or cavernous space in the ground,,ruins;gate,,,45,43,4,BroadcastText;ItemSparse;JournalEncounter;JournalEncounterSection,cave:45,41.8286,1.0,False,
isle,isle,isle,,isle,isle,base,isle,,,travel_places,,a small island or piece of land surrounded by water,,shore;harbor,,,44,43,4,BroadcastText;ItemSparse;JournalEncounter;JournalEncounterSection,isle:44,41.8067,1.0,False,
valley,valley,valley,,valley,valley,base,valley,,,travel_places,,"a low area of land between hills or mountains, typically with a river flowing through it",,hollow;dell;glen,,,42,42,4,BroadcastText;ItemSparse;JournalEncounter;JournalEncounterSection,valley:42,41.7612,1.0,False,
trail,trail,trail,,trail,trail,base,trail,,,travel_places,,"a path or route, typically one that is used for walking or hiking",,path;way;route,,,32,29,4,BroadcastText;ItemSparse;JournalEncounter;JournalEncounterSection,trail:32,41.4965,1.0,False,
gate,gate,gate,,gate,gate,base,gate,,,travel_places,,"a structure or object used to control access to a place, typically one that is made of wood, metal, or stone",,door;entrance;portal,,,27,26,4,BroadcastText;ItemSparse;JournalEncounter;JournalEncounterSection,gate:27,41.3322,1.0,False,
shore,shore,shore,,shore,shore,base,shore,,,travel_places,,"the land or beach along the edge of a sea, lake, or river",,coast;beach;bank,inland;mountainous;deserted,,21,21,4,BroadcastText;ItemSparse;JournalEncounter;JournalEncounterSection,shore:21,41.091,0.8,False,
camp,camp,camp,,camp,camp,base,camp,,,travel_places,,temporary settlement or base,,shelter;base;encampment,,,38,38,3,BroadcastText;ItemSparse;JournalEncounterSection,camp:38,39.6636,1.0,False,
journey,journey,journey,,journey,journey,base,journey,,,travel_places,,"a long or difficult trip, especially one made on foot or by horse",,trip;travel;adventure,,,23,23,3,BroadcastText;ItemSparse;JournalEncounter,journey:23,39.1781,1.0,False,
road,road,road,,road,road,base,road,,,travel_places,,"a path or way for travel, especially one made by humans",,path;way;highway,,,18,18,3,BroadcastText;ItemSparse;JournalEncounterSection,road:18,38.9444,1.0,False,
harbor,harbor,harbor,,harbor,harbor,base,harbor,,,travel_places,,a place where ships can find shelter and safety,,port;haven;shore,,,15,15,3,BroadcastText;ItemSparse;JournalEncounter,harbor:15,38.7726,1.0,False,
peak,peak,peak,,peak,peak,base,peak,,,travel_places,,the highest point of a mountain or hill,,summit;apex;crest,,,10,10,3,BroadcastText;ItemSparse;JournalEncounterSection,peak:10,38.3979,1.0,False,
refuge,refuge,refuge,,refuge,refuge,base,refuge,,,travel_places,,a place of safety or shelter,,shelter;sanctuary;haven,,,6,6,3,BroadcastText;ItemSparse;JournalEncounter,refuge:6,37.9459,1.0,False,
village,village,village,,village,village,base,village,,,travel_places,,a small settlement or community of people,,settlement;community;town,,,40,40,2,BroadcastText;ItemSparse,village:40,37.7136,1.0,False,
three-falls,three-fall,three-falls,,three-fall,three-fall,compound,three-falls,,three-falls,travel_places,,a place with three waterfalls,,waterfall;place;location,,,6,6,2,BroadcastText;ItemSparse,three-falls:6,30.9459,0.8,False,
in-between,in-between,in-between,,in-between,in-between,compound,in-between,,in-between,travel_places,,"located, situated between two places or things",,between;situated,outside;beyond,,2,2,2,BroadcastText;ItemSparse,in-between:2,30.0986,0.8,False,
one-time,one-time,one-time,,one-time,one-time,compound,one-time,,one-time,travel_places,,"single, solitary event or occurrence",,single;solitary,repeated;frequent,,2,2,2,ItemSparse;JournalEncounter,one-time:2,30.0986,0.8,False,
nexus-point,nexus-point,nexus-point,,nexus-point,nexus-point,compound,nexus-point,,nexus-point,travel_places,,a point or location that connects different things or places,,point;location;connects,,,4,3,1,JournalEncounter,nexus-point:4,28.6094,0.8,False,
same-day,same-day,same-day,,same-day,same-day,compound,same-day,,same-day,travel_places,,occurring or happening on the same day as something else,,timely;prompt;immediate,delayed;postponed,,3,3,1,JournalEncounterSection,same-day:3,28.3863,0.9,False,
go-to,go-to,go-to,,go-to,go-to,compound,go-to,,go-to,travel_places,,a place or activity that is frequently visited or engaged in,,to;frequently,rarely-visited;infrequently-engaged,,2,2,1,ItemSparse,go-to:2,28.0986,0.9,False,
mist-hopper,mist-hopper,mist-hopper,,mist-hopper,mist-hopper,compound,mist-hopper,,mist-hopper,travel_places,,a person or thing associated with movement or travel through misty or foggy conditions,,,,,2,2,1,ItemSparse,mist-hopper:2,28.0986,0.8,False,
off-line,off-line,off-line,,off-line,off-line,compound,off-line,,off-line,travel_places,,"not connected or online, often used to describe computers or devices",,online;computer;device,,,2,2,1,JournalEncounterSection,off-line:2,28.0986,0.9,False,
re-enter,re-enter,re-enter,,re-enter,re-enter,compound,re-enter,,re-enter,travel_places,,to enter again,,enter;exit;return,leave;depart;exit,,2,2,1,JournalEncounterSection,re-enter:2,28.0986,0.7,True,low_confidence
re-enters,re-enter,re-enters,,re-enter,re-enter,compound,re-enters,,re-enters,travel_places,,to enter again,,enter;exit;return,leave;depart;exit,,2,2,1,JournalEncounterSection,re-enters:2,28.0986,0.7,True,low_confidence
adventure-seeking,adventure-seek,adventure-seeking,,adventure-seek,adventure-seek,compound,adventure-seeking,,adventure-seeking,travel_places,,"seeking adventure, travel",,adventure;seeking;travel,,,1,1,1,ItemSparse,adventure-seeking:1,27.6931,0.9,False,
ankle-deep,ankle-deep,ankle-deep,,ankle-deep,ankle-deep,compound,ankle-deep,,ankle-deep,travel_places,,up to the ankle in water or snow,,,,,1,1,1,ItemSparse,ankle-deep:1,27.6931,0.8,False,
arator--i,arator--i,arator--i,,arator--i,arator--i,compound,arator--i,,arator--i,travel_places,,relating to or inspired by the Arator region or culture,,,,,1,1,1,BroadcastText,arator--i:1,27.6931,0.8,False,
azeroth--and,azeroth--and,azeroth--and,,azeroth--and,azeroth--and,compound,azeroth--and,,azeroth--and,travel_places,,referring to Azeroth and its connection to the Heart of Azeroth,,Azeroth;Heart of Azeroth,,,1,1,1,BroadcastText,azeroth--and:1,27.6931,0.6,True,low_confidence
azeroth--than,azeroth--than,azeroth--than,,azeroth--than,azeroth--than,compound,azeroth--than,,azeroth--than,travel_places,,comparing Azeroth to something else,,Azeroth;Worldsoul,,,1,1,1,BroadcastText,azeroth--than:1,27.6931,0.5,True,low_confidence
click-clack,click-clack,click-clack,,click-clack,click-clack,compound,click-clack,,click-clack,travel_places,,making a clicking or clacking sound,,noisy;racketing;clattering,silent;quiet,,1,1,1,ItemSparse,click-clack:1,27.6931,0.8,False,
clickety-clack,clickety-clack,clickety-clack,,clickety-clack,clickety-clack,compound,clickety-clack,,clickety-clack,travel_places,,making a clicking or clacking sound,,noisy;racketing;clattering,silent;quiet,,1,1,1,ItemSparse,clickety-clack:1,27.6931,0.8,False,
drop-off,drop-off,drop-off,,drop-off,drop-off,compound,drop-off,,drop-off,travel_places,,a place where something is dropped or delivered,,delivery;drop;deposit,pickup;collection,,1,1,1,ItemSparse,drop-off:1,27.6931,0.6,True,low_confidence
ever-revolving,ever-revolv,ever-revolving,,ever-revolv,ever-revolv,compound,ever-revolving,,ever-revolving,travel_places,,"continuously moving or rotating, often in a circular motion",,revolve;rotate;circular,,,1,1,1,ItemSparse,ever-revolving:1,27.6931,1.0,False,
fancy--there,fancy--there,fancy--there,,fancy--there,fancy--there,compound,fancy--there,,fancy--there,travel_places,,a place that is considered fancy or luxurious,,luxurious;opulent;elegant,simple;plain;unadorned,,1,1,1,BroadcastText,fancy--there:1,27.6931,0.5,True,low_confidence
far-flung,far-flung,far-flung,,far-flung,far-flung,compound,far-flung,,far-flung,travel_places,,located at a great distance or spread out over a wide area,,distant;remote;isolated,nearby;adjacent;proximate,,1,1,1,BroadcastText,far-flung:1,27.6931,0.9,False,
far-off,far-off,far-off,,far-off,far-off,compound,far-off,,far-off,travel_places,,located at a great distance or in the future,,distant;remote;isolated,nearby;adjacent;proximate,,1,1,1,BroadcastText,far-off:1,27.6931,0.8,False,
festivals--her,festivals--her,festivals--her,,festivals--her,festivals--her,compound,festivals--her,,festivals--her,travel_places,,"a festival or celebration, specifically in relation to her",,festival;celebration;holiday,mourning;bereavement;funeral,,1,1,1,BroadcastText,festivals--her:1,27.6931,0.8,False,
fly-diggy,fly-diggy,fly-diggy,,fly-diggy,fly-diggy,compound,fly-diggy,,fly-diggy,travel_places,,a type of wing or flying device,,,,,1,1,1,BroadcastText,fly-diggy:1,27.6931,0.7,True,low_confidence
foot-pole,foot-pole,foot-pole,,foot-pole,foot-pole,compound,foot-pole,,foot-pole,travel_places,,a pole or stick used for support while walking,,,,,1,1,1,JournalEncounter,foot-pole:1,27.6931,0.7,True,low_confidence
garrison-style,garrison-style,garrison-style,,garrison-style,garrison-style,compound,garrison-style,,garrison-style,travel_places,,a type of zone or area in World of Warcraft,,zone;area;ability,,,1,1,1,ItemSparse,garrison-style:1,27.6931,0.8,False,
gong-bonging,gong-bong,gong-bonging,,gong-bong,gong-bong,compound,gong-bonging,,gong-bonging,travel_places,,The sound of a gong,,gong;bonging,,,1,1,1,ItemSparse,gong-bonging:1,27.6931,0.8,False,
gravi-grip,gravi-grip,gravi-grip,,gravi-grip,gravi-grip,compound,gravi-grip,,gravi-grip,travel_places,,Gravi grip,,gravi;grip,,,1,1,1,JournalEncounterSection,gravi-grip:1,27.6931,0.8,False,
here--recently,here--recently,here--recently,,here--recently,here--recently,compound,here--recently,,here--recently,travel_places,,"in this place, not long ago",,,,,1,1,1,BroadcastText,here--recently:1,27.6931,0.8,False,
here--the,here--the,here--the,,here--the,here--the,compound,here--the,,here--the,travel_places,,"in this place, the cultivation of life is important",,,,,1,1,1,BroadcastText,here--the:1,27.6931,0.7,True,low_confidence
here--where,here--where,here--where,,here--where,here--where,compound,here--where,,here--where,travel_places,,"in this place, where it all began",,,,,1,1,1,BroadcastText,here--where:1,27.6931,0.9,False,
isle--and,isle--and,isle--and,,isle--and,isle--and,compound,isle--and,,isle--and,travel_places,,island and something else,,island;something;else,,,1,1,1,BroadcastText,isle--and:1,27.6931,1.0,False,
it--and,it--and,it--and,,it--and,it--and,compound,it--and,,it--and,travel_places,,something and something else,,something;else;thing,,,1,1,1,BroadcastText,it--and:1,27.6931,1.0,False,
it--like,it--like,it--like,,it--like,it--like,compound,it--like,,it--like,travel_places,,something like something else,,something;else;thing,,,1,1,1,JournalEncounter,it--like:1,27.6931,1.0,False,
ji-lu,ji-lu,ji-lu,,ji-lu,ji-lu,compound,ji-lu,,ji-lu,travel_places,,"a person or place, likely referring to a specific individual or location",,,,,1,1,1,ItemSparse,ji-lu:1,27.6931,1.0,False,
lift-off,lift-off,lift-off,,lift-off,lift-off,compound,lift-off,,lift-off,travel_places,,"the act of taking off or departing, often in the context of travel or transportation",,takeoff;departure;travel,arrival;destination,,1,1,1,ItemSparse,lift-off:1,27.6931,0.7,True,low_confidence
long-distance,long-distance,long-distance,,long-distance,long-distance,compound,long-distance,,long-distance,travel_places,,relating to long journeys,,far;distant;remote,,,1,1,1,ItemSparse,long-distance:1,27.6931,0.6,True,low_confidence
medium-height,medium-height,medium-height,,medium-height,medium-height,compound,medium-height,,medium-height,travel_places,,of average height,,,,,1,1,1,ItemSparse,medium-height:1,27.6931,1.0,False,
mid-air,mid-air,mid-air,,mid-air,mid-air,compound,mid-air,,mid-air,travel_places,,in the middle of the air,,,,,1,1,1,JournalEncounterSection,mid-air:1,27.6931,1.0,False,
newly-discovered,newly-discover,newly-discovered,,newly-discover,newly-discover,compound,newly-discovered,,newly-discovered,travel_places,,"recently or newly discovered, often in a context of exploration or travel",,discovered;explored;traveled,unknown;unexplored,,1,1,1,ItemSparse,newly-discovered:1,27.6931,0.4,True,low_confidence
nexus-points,nexus-point,nexus-points,,nexus-point,nexus-point,compound,nexus-points,,nexus-points,travel_places,,"points or locations of connection or intersection, often in a context of travel or movement",,connection;intersection;travel,separation;disconnection,,1,1,1,BroadcastText,nexus-points:1,27.6931,0.2,True,low_confidence
non-stop,non-stop,non-stop,,non-stop,non-stop,compound,non-stop,,non-stop,travel_places,,without stopping,,stop;family;words,,,1,1,1,ItemSparse,non-stop:1,27.6931,0.1,True,low_confidence
once-known,once-known,once-known,,once-known,once-known,compound,once-known,,once-known,travel_places;death_mourning,,"having been known or familiar in the past, but no longer so",,knowledge;past;no longer,known;familiar,,1,1,1,ItemSparse,once-known:1,27.6931,1.0,False,
one-way,one-way,one-way,,one-way,one-way,compound,one-way,,one-way,travel_places;war_conflict,,in one direction only,,direction;way;path,two-way;bidirectional;returning,,1,1,1,ItemSparse,one-way:1,27.6931,0.8,False,
oribos--and,oribos--and,oribos--and,,oribos--and,oribos--and,compound,oribos--and,,oribos--and,travel_places;war_conflict,,a reference to the Shadowlands and Oribos,,Shadowlands;Oribos;Azeroth,peaceful;harmonious;serene,,1,1,1,BroadcastText,oribos--and:1,27.6931,0.7,True,low_confidence
other-worlders,other-worlder,other-worlders,,other-worlder,other-worlder,compound,other-worlders,,other-worlders,travel_places;war_conflict,,people from other worlds or dimensions,,worlds;dimensions;realms,native;indigenous;local,,1,1,1,BroadcastText,other-worlders:1,27.6931,0.7,True,low_confidence
outland--but,outland--but,outland--but,,outland--but,outland--but,compound,outland--but,,outland--but,travel_places;war_conflict,,a reference to the Outland and its mysterious origins,,Outland;mystery;origins,familiar;known;understood,,1,1,1,BroadcastText,outland--but:1,27.6931,0.7,True,low_confidence
ozumat-the,ozumat-the,ozumat-the,,ozumat-the,ozumat-the,compound,ozumat-the,,ozumat-the,travel_places;war_conflict,,a reference to the kraken and its terrorization of Azeroth's high seas,,kraken;Azeroth;high seas,peaceful;harmonious;serene,,1,1,1,JournalEncounter,ozumat-the:1,27.6931,0.7,True,low_confidence
pep-in-your-step,pep-in-your-step,pep-in-your-step,,pep-in-your-step,pep-in-your-step,compound,pep-in-your-step,,pep-in-your-step,travel_places,,"a feeling of energy and enthusiasm, often due to a pleasant experience or activity",,,,,1,1,1,ItemSparse,pep-in-your-step:1,27.6931,0.9,False,
picture-filled,picture-fill,picture-filled,,picture-fill,picture-fill,compound,picture-filled,,picture-filled,travel_places,,"filled with pictures or images, often used to describe a book or other visual medium",,,,,1,1,1,ItemSparse,picture-filled:1,27.6931,0.9,False,
port-town,port-town,port-town,,port-town,port-town,compound,port-town,,port-town,travel_places,,a town or city located near a port or harbor,,seaport;waterfront;coastal,landlocked;inland;remote,,1,1,1,ItemSparse,port-town:1,27.6931,0.8,False,
return--and,return--and,return--and,,return--and,return--and,compound,return--and,,return--and,travel_places,,"to come back or go back to a place, often after being away for some time",,return;come back;go back,leave;depart,,1,1,1,BroadcastText,return--and:1,27.6931,0.8,False,
rolled-up,rolled-up,rolled-up,,rolled-up,rolled-up,compound,rolled-up,,rolled-up,travel_places,,"folded up or compact, possibly in a travel or exploration context",,roll;compact,,,1,1,1,ItemSparse,rolled-up:1,27.6931,0.9,False,
safe--the,safe--the,safe--the,,safe--the,safe--the,compound,safe--the,,safe--the,travel_places,,"a safe or secure place, possibly in a travel or exploration context",,safe;secure,,,1,1,1,BroadcastText,safe--the:1,27.6931,0.8,False,
sail-flayin,sail-flayin,sail-flayin,,sail-flayin,sail-flayin,compound,sail-flayin,,sail-flayin,travel_places,,"a sailor or person who sails, possibly in a travel or exploration context",,sail;flay,,,1,1,1,BroadcastText,sail-flayin:1,27.6931,0.8,False,
suncrown--i,suncrown--i,suncrown--i,,suncrown--i,suncrown--i,compound,suncrown--i,,suncrown--i,travel_places,,a place or location associated with the sun,,,,,1,1,1,BroadcastText,suncrown--i:1,27.6931,0.8,False,
ten-hour,ten-hour,ten-hour,,ten-hour,ten-hour,compound,ten-hour,,ten-hour,travel_places,,a duration of time that is ten hours long,,epic;act,,,1,1,1,ItemSparse,ten-hour:1,27.6931,0.6,True,low_confidence
thrill-seeking,thrill-seek,thrill-seeking,,thrill-seek,thrill-seek,compound,thrill-seeking,,thrill-seeking,travel_places,,relating to seeking or experiencing thrills and excitement,,thrill;excitement;seeking,,,1,1,1,ItemSparse,thrill-seeking:1,27.6931,0.8,False,
way--like,way--like,way--like,,way--like,way--like,compound,way--like,,way--like,travel_places,,"in a similar manner or fashion, often used to describe travel or movement",,path;road;trail,unlike;different,,1,1,1,BroadcastText,way--like:1,27.6931,0.3,True,low_confidence
way--to,way--to,way--to,,way--to,way--to,compound,way--to,,way--to,travel_places,,"a path or route to a destination, often used to describe travel or movement",,path;road;trail,no way;impossible,,1,1,1,JournalEncounter,way--to:1,27.6931,0.2,True,low_confidence
well--for,well--for,well--for,,well--for,well--for,compound,well--for,,well--for,travel_places,,"a path or route to a destination, often used to describe travel or movement",,path;road;trail,no way;impossible,,1,1,1,BroadcastText,well--for:1,27.6931,0.2,True,low_confidence
well-lit,well-lit,well-lit,,well-lit,well-lit,compound,well-lit,,well-lit,travel_places,,having enough light to see,,lit;illuminated;bright,,,1,1,1,ItemSparse,well-lit:1,27.6931,1.0,False,
well-placed,well-plac,well-placed,,well-plac,well-plac,compound,well-placed,,well-placed,travel_places,,put in a good position or location,,placed;positioned;located,,,1,1,1,ItemSparse,well-placed:1,27.6931,1.0,False,
where--and,where--and,where--and,,where--and,where--and,compound,where--and,,where--and,travel_places,,the place or location where something is happening,,where;and;happening,,,1,1,1,BroadcastText,where--and:1,27.6931,1.0,False,
wide-brimmed,wide-brimm,wide-brimmed,,wide-brimm,wide-brimm,compound,wide-brimmed,,wide-brimmed,travel_places,,having a wide brim or edge,,brimmed;wide;edge,,,1,1,1,ItemSparse,wide-brimmed:1,27.6931,1.0,False,
world--for,world--for,world--for,,world--for,world--for,compound,world--for,,world--for,travel_places,,a world for something,,world;for,,,1,1,1,BroadcastText,world--for:1,27.6931,1.0,False,
world-spanning,world-spann,world-spanning,,world-spann,world-spann,compound,world-spanning,,world-spanning,travel_places,,spanning the world,,world;spanning,,,1,1,1,BroadcastText,world-spanning:1,27.6931,1.0,False,
worn--yard,worn--yard,worn--yard,,worn--yard,worn--yard,compound,worn--yard,,worn--yard,travel_places,,a yard that is worn,,yard;worn,,,1,1,1,BroadcastText,worn--yard:1,27.6931,1.0,False,
years--for,years--for,years--for,,years--for,years--for,compound,years--for,,years--for,travel_places,,a period of years for something,,year;for,,,1,1,1,BroadcastText,years--for:1,27.6931,1.0,False,
winds,wind,winds,,wind,wind,inflected_form,winds,,,travel_places,,air moving in a natural way,,air;breeze;gust,,,115,110,5,BroadcastText;ItemNameDescription;ItemSparse;JournalEncounter;JournalEncounterSection,winds:115,14.7536,0.0,True,low_confidence
show,show,show,,show,show,base,show,,,travel_places,,to display or present something,,display;present;exhibit,,,112,108,5,BroadcastText;ItemNameDescription;ItemSparse;JournalEncounter;JournalEncounterSection,show:112,14.7274,0.8,False,
back,back,back,,back,back,base,back,,,travel_places,,the rear part of something,,rear;behind,,,727,717,4,BroadcastText;ItemSparse;JournalEncounter;JournalEncounterSection,back:727,14.5903,1.0,False,
avoid,avoid,avoid,,avoid,avoid,base,avoid,,,travel_places,,to stay away from something or someone,,shun;dodge,,,717,604,4,BroadcastText;ItemSparse;JournalEncounter;JournalEncounterSection,avoid:717,14.5765,1.0,False,
away,away,away,,away,away,base,away,,,travel_places,,to a distant place or location,,distant;far,,,699,669,4,BroadcastText;ItemSparse;JournalEncounter;JournalEncounterSection,away:699,14.5511,1.0,False,
dawn,dawn,dawn,,dawn,dawn,base,dawn,,,travel_places,,the time of day when the sun rises,,morning;sunrise,,,87,87,5,BroadcastText;ItemNameDescription;ItemSparse;JournalEncounter;JournalEncounterSection,dawn:87,14.4773,1.0,False,
location,location,location,,location,location,base,location,,,travel_places,,a place or position in space,,place;position,,,610,580,4,BroadcastText;ItemSparse;JournalEncounter;JournalEncounterSection,location:610,14.4151,1.0,False,
appears,appear,appears,,appear,appear,inflected_form,appears,,,travel_places,,to become visible or noticeable,,becomes;visible,,,569,565,4,BroadcastText;ItemSparse;JournalEncounter;JournalEncounterSection,appears:569,14.3456,1.0,False,
before,before,before,,before,before,base,before,,,travel_places,,in front of or earlier than something else,,prior;preceding,,,523,505,4,BroadcastText;ItemSparse;JournalEncounter;JournalEncounterSection,before:523,14.2615,0.8,False,
longer,longer,longer,,longer,longer,base,longer,,,travel_places,,for a longer period of time or to a greater extent,,further;more,,,505,501,4,BroadcastText;ItemSparse;JournalEncounter;JournalEncounterSection,longer:505,14.2265,0.7,True,low_confidence
during,dur,during,,dur,dur,inflected_form,during,,,travel_places,,at a time when something is happening or has happened,,while;in the course of,,,499,452,4,BroadcastText;ItemSparse;JournalEncounter;JournalEncounterSection,during:499,14.2146,0.8,False,
eldritch,eldritch,eldritch,,eldritch,eldritch,base,eldritch,,,void_old_gods_cosmic_horror,,"strange or unnatural, often used to describe something that is eerie or unsettling",,abyssal;void-touched;cosmic,natural;normal;human,,14,14,3,ItemSparse;JournalEncounter;JournalEncounterSection,eldritch:14,88.7081,0.9,False,
void-touched,void-touch,void-touched,,void-touch,void-touch,compound,void-touched,,void-touched,void_old_gods_cosmic_horror,,tainted or influenced by the void,,corrupted;defiled,,,16,15,2,ItemSparse;JournalEncounterSection,void-touched:16,61.8332,0.6,True,low_confidence
horrific,horrific,horrific,,horrific,horrific,base,horrific,,,void_old_gods_cosmic_horror,,"extremely frightening or disturbing, often in a way that is supernatural or unnatural",,frightening;disturbing;supernatural,pleasant;enjoyable,,42,40,5,BroadcastText;ItemNameDescription;ItemSparse;JournalEncounter;JournalEncounterSection,horrific:42,43.7612,0.6,True,low_confidence
rift,rift,rift,,rift,rift,base,rift,,,void_old_gods_cosmic_horror,,"a long, narrow opening or division in a rock face or other surface",,opening;division;split,unbroken;intact,,81,74,4,BroadcastText;ItemSparse;JournalEncounter;JournalEncounterSection,rift:81,42.4067,0.1,True,low_confidence
watcher,watcher,watcher,,watcher,watcher,base,watcher,,,void_old_gods_cosmic_horror,,a person or being who observes or watches something,,observer;witness;guardian,actor;participant,,75,75,4,BroadcastText;ItemSparse;JournalEncounter;JournalEncounterSection,watcher:75,42.3307,0.1,True,low_confidence
maddening,madden,maddening,,madden,madden,inflected_form,maddening,,,void_old_gods_cosmic_horror,,"causing or inducing madness, especially in a way that is frightening or disturbing",,terrifying;frightening;horrific,soothing;calming;peaceful,,26,25,4,BroadcastText;ItemSparse;JournalEncounter;JournalEncounterSection,maddening:26,41.2958,0.7,True,low_confidence
abyssal,abyssal,abyssal,,abyssal,abyssal,base,abyssal,,,void_old_gods_cosmic_horror,,"relating to or resembling an abyss, often in a way that is considered deep or profound",,abysmal;bottomless;infinite,shallow;superficial;limited,,49,49,3,ItemSparse;JournalEncounter;JournalEncounterSection,abyssal:49,39.912,0.8,False,
faceless,faceless,faceless,,faceless,faceless,base,faceless,,,void_old_gods_cosmic_horror,,having no face or identity,,featureless;formless;anonymous,,,33,28,3,ItemSparse;JournalEncounter;JournalEncounterSection,faceless:33,39.5264,1.0,False,
spectral,spectral,spectral,,spectral,spectral,base,spectral,,,void_old_gods_cosmic_horror,,relating to or resembling a ghost or spirit,,ghostly;spiritual;ethereal,,,19,19,3,ItemSparse;JournalEncounter;JournalEncounterSection,spectral:19,38.9957,1.0,False,
ominous,ominou,ominous,,ominou,ominou,inflected_form,ominous,,,void_old_gods_cosmic_horror,,giving a feeling of fear or anxiety because something is likely to happen,,fearful;anxious;foreboding,,,18,18,3,BroadcastText;ItemSparse;JournalEncounterSection,ominous:18,38.9444,1.0,False,
baleful,baleful,baleful,,baleful,baleful,base,baleful,,,void_old_gods_cosmic_horror,,causing harm or misfortune,,harmful;misfortunate;unlucky,,,3,3,3,ItemNameDescription;JournalEncounter;JournalEncounterSection,baleful:3,37.3863,1.0,False,
unraveling,unravel,unraveling,,unravel,unravel,inflected_form,unraveling,,,void_old_gods_cosmic_horror,,the act of becoming disordered or confused,,disorder;confusion;chaos,,,19,19,2,ItemSparse;JournalEncounterSection,unraveling:19,36.9957,1.0,False,
ra-den,ra-den,ra-den,,ra-den,ra-den,compound,ra-den,,ra-den,void_old_gods_cosmic_horror,,a powerful and mysterious being,,powerful;mysterious;ancient,weak;ordinary,,20,16,4,BroadcastText;ItemSparse;JournalEncounter;JournalEncounterSection,ra-den:20,36.0445,0.9,False,
nexus-king,nexus-k,nexus-king,,nexus-k,nexus-k,compound,nexus-king,,nexus-king,void_old_gods_cosmic_horror,,a powerful and mysterious ruler or leader,,powerful;mysterious;ruler,weak;ordinary,,12,11,4,BroadcastText;ItemSparse;JournalEncounter;JournalEncounterSection,nexus-king:12,35.5649,0.9,False,
chrono-lord,chrono-lord,chrono-lord,,chrono-lord,chrono-lord,compound,chrono-lord,,chrono-lord,void_old_gods_cosmic_horror,,a person or thing associated with time and chronology,,time;chronology;epoch,amorphous;unstructured,,14,14,3,ItemSparse;JournalEncounter;JournalEncounterSection,chrono-lord:14,33.7081,0.9,False,
war-god,war-god,war-god,,war-god,war-god,compound,war-god,,war-god,void_old_gods_cosmic_horror,,a person or thing associated with war and conflict,,god;deity;warrior,peaceful;pacifist,,12,11,3,BroadcastText;JournalEncounter;JournalEncounterSection,war-god:12,33.5649,0.9,False,
gibbering,gibber,gibbering,,gibber,gibber,inflected_form,gibbering,,,void_old_gods_cosmic_horror,,making a strange or incoherent noise,,babbling;rambling;incoherent,clear;distinct;intelligible,,1,1,1,JournalEncounterSection,gibbering:1,32.6931,0.9,False,
yogg-saron,yogg-saron,yogg-saron,,yogg-saron,yogg-saron,compound,yogg-saron,,yogg-saron,void_old_gods_cosmic_horror,,"Old God, cosmic horror",,cthun;twilight's hammer,,,36,32,2,JournalEncounter;JournalEncounterSection,yogg-saron:36,32.6109,1.0,False,
shadow-lord,shadow-lord,shadow-lord,,shadow-lord,shadow-lord,compound,shadow-lord,,shadow-lord,void_old_gods_cosmic_horror,,"powerful, dark lord of shadows",,dark;lord,light;good,,3,3,2,JournalEncounter;JournalEncounterSection,shadow-lord:3,30.3863,0.8,False,
proto-behemoth,proto-behemoth,proto-behemoth,,proto-behemoth,proto-behemoth,compound,proto-behemoth,,proto-behemoth,void_old_gods_cosmic_horror,,a primitive or ancient behemoth-like creature,,primordial;ancient;mythical,modern;contemporary;realistic,,9,8,1,JournalEncounterSection,proto-behemoth:9,29.3026,0.7,True,low_confidence
night-twisted,night-twist,night-twisted,,night-twist,night-twist,compound,night-twisted,,night-twisted,void_old_gods_cosmic_horror,,twisted or distorted by the power of night or darkness,,distorted;twisted;warped,straight;normal;healthy,,8,7,1,JournalEncounterSection,night-twisted:8,29.1972,0.8,False,
jan-xi,jan-xi,jan-xi,,jan-xi,jan-xi,compound,jan-xi,,jan-xi,void_old_gods_cosmic_horror,,a type of ancient being or entity,,qin-xi;ancient;being,modern;human,,7,7,1,JournalEncounterSection,jan-xi:7,29.0794,0.8,False,
qin-xi,qin-xi,qin-xi,,qin-xi,qin-xi,compound,qin-xi,,qin-xi,void_old_gods_cosmic_horror,,a type of ancient being or entity,,jan-xi;ancient;being,modern;human,,7,7,1,JournalEncounterSection,qin-xi:7,29.0794,0.8,False,
lightning-waker,lightning-waker,lightning-waker,,lightning-waker,lightning-waker,compound,lightning-waker,,lightning-waker,void_old_gods_cosmic_horror,,a being or entity that controls lightning,,lightning;being;entity,calm;peaceful,,6,6,1,JournalEncounterSection,lightning-waker:6,28.9459,0.7,True,low_confidence
shadow-scorched,shadow-scorch,shadow-scorched,,shadow-scorch,shadow-scorch,compound,shadow-scorched,,shadow-scorched,void_old_gods_cosmic_horror,,something that has been scorched or burned by shadowy energy,,scorched;burned;energy,untouched;unharmed,,6,4,1,JournalEncounterSection,shadow-scorched:6,28.9459,0.8,False,
void-scarred,void-scarr,void-scarred,,void-scarr,void-scarr,compound,void-scarred,,void-scarred,void_old_gods_cosmic_horror,,something that has been scarred or damaged by the void,,scar;damage;void,untouched;unharmed,,6,6,1,ItemSparse,void-scarred:6,28.9459,0.8,False,
ember-charred,ember-charr,ember-charred,,ember-charr,ember-charr,compound,ember-charred,,ember-charred,void_old_gods_cosmic_horror,,something that has been charred or burned by embers,,charred;burned;embers,untouched;unharmed,,5,5,1,JournalEncounterSection,ember-charred:5,28.7918,0.8,False,
imp-losion,imp-losion,imp-losion,,imp-losion,imp-losion,compound,imp-losion,,imp-losion,void_old_gods_cosmic_horror,,a type of explosion or destructive event caused by an imp,,explosion;event;imp,,,4,4,1,JournalEncounterSection,imp-losion:4,28.6094,0.8,False,
anti-matter,anti-matter,anti-matter,,anti-matter,anti-matter,compound,anti-matter,,anti-matter,void_old_gods_cosmic_horror,,opposed to or resistant to matter or material existence,,matter;material;substance,pro-matter;matter-friendly; substance-worshipping,,2,2,1,ItemSparse,anti-matter:2,28.0986,0.9,False,
chrono-faded,chrono-fad,chrono-faded,,chrono-fad,chrono-fad,compound,chrono-faded,,chrono-faded,void_old_gods_cosmic_horror,,something that has faded or disappeared over time,,fading;disappearing;vanishing,persistent;enduring;lasting,,2,2,1,JournalEncounterSection,chrono-faded:2,28.0986,0.7,True,low_confidence
electro-charged,electro-charg,electro-charged,,electro-charg,electro-charg,compound,electro-charged,,electro-charged,void_old_gods_cosmic_horror,,something that has been charged with electricity,,charge;electricity;current,neutral;uncharged;unpowered,,2,2,1,JournalEncounterSection,electro-charged:2,28.0986,0.9,False,
ever-changing,ever-chang,ever-changing,,ever-chang,ever-chang,compound,ever-changing,,ever-changing,void_old_gods_cosmic_horror,,something that is constantly changing or shifting,,change;shift;alter,stable;fixed;unchanging,,2,2,1,ItemSparse,ever-changing:2,28.0986,0.8,False,
ever-smoldering,ever-smolder,ever-smoldering,,ever-smolder,ever-smolder,compound,ever-smoldering,,ever-smoldering,void_old_gods_cosmic_horror,,something that smolders or burns continuously,,smolder;burn;ignite,extinguished;doused;unlit,,2,2,1,ItemSparse,ever-smoldering:2,28.0986,0.7,True,low_confidence
other-worldly,other-worldly,other-worldly,,other-worldly,other-worldly,compound,other-worldly,,other-worldly,void_old_gods_cosmic_horror,,"being or seeming to be from another world, often used to describe strange or supernatural things",,world;strange;supernatural,,,2,2,1,ItemSparse,other-worldly:2,28.0986,0.9,False,
void-claimed,void-claim,void-claimed,,void-claim,void-claim,compound,void-claimed,,void-claimed,void_old_gods_cosmic_horror,,claimed or taken over by the Void,,space;restoration;health,safe;secure,,2,2,1,JournalEncounterSection,void-claimed:2,28.0986,0.9,False,
void-tinged,void-ting,void-tinged,,void-ting,void-ting,compound,void-tinged,,void-tinged,void_old_gods_cosmic_horror,,tainted or influenced by the Void,,carapace;morphing;abilities,pure;untainted,,2,2,1,JournalEncounterSection,void-tinged:2,28.0986,0.8,False,
abyssal-fried,abyssal-fry,abyssal-fried,,abyssal-fry,abyssal-fry,compound,abyssal-fried,,abyssal-fried,void_old_gods_cosmic_horror,,fried in an abyssal manner,,abyssal;fried;manner,,,1,1,1,ItemSparse,abyssal-fried:1,27.6931,0.6,True,low_confidence
alien-looking,alien-look,alien-looking,,alien-look,alien-look,compound,alien-looking,,alien-looking,void_old_gods_cosmic_horror,,"looking like an alien, strange",,alien;looking;strange,,,1,1,1,ItemSparse,alien-looking:1,27.6931,0.7,True,low_confidence
cosmos--is,cosmos--i,cosmos--is,,cosmos--i,cosmos--i,compound,cosmos--is,,cosmos--is,void_old_gods_cosmic_horror,,the universe or the world as a whole,,universe;world;existence,nothingness;non-existence,,1,1,1,BroadcastText,cosmos--is:1,27.6931,0.8,False,
demon-lover,demon-lover,demon-lover,,demon-lover,demon-lover,compound,demon-lover,,demon-lover,void_old_gods_cosmic_horror,,someone who is attracted to or has a fascination with demons,,devil-worshipper;monster-enthusiast,angel-lover;heavenly-devotee,,1,1,1,BroadcastText,demon-lover:1,27.6931,0.9,False,
dimensius--the,dimensius--the,dimensius--the,,dimensius--the,dimensius--the,compound,dimensius--the,,dimensius--the,void_old_gods_cosmic_horror,,"a powerful, ancient being from the void",,old;gods;cosmic;horror,,,1,1,1,JournalEncounter,dimensius--the:1,27.6931,0.9,False,
energy--the,energy--the,energy--the,,energy--the,energy--the,compound,energy--the,,energy--the,void_old_gods_cosmic_horror,,a term referring to the conflicting energies of light and void,,energy;light;void,,,1,1,1,ItemSparse,energy--the:1,27.6931,1.0,False,
fel-bright,fel-bright,fel-bright,,fel-bright,fel-bright,compound,fel-bright,,fel-bright,void_old_gods_cosmic_horror,,"shining or radiant, specifically with a fel-like quality",,bright;radiant;luminous,dark;dim;obscure,,1,1,1,ItemSparse,fel-bright:1,27.6931,0.8,False,
fire-god,fire-god,fire-god,,fire-god,fire-god,compound,fire-god,,fire-god,void_old_gods_cosmic_horror,,a god associated with fire,,,,,1,1,1,JournalEncounter,fire-god:1,27.6931,0.8,False,
god-like,god-like,god-like,,god-like,god-like,compound,god-like,,god-like,void_old_gods_cosmic_horror,,Like a god,,god;like,,,1,1,1,JournalEncounter,god-like:1,27.6931,0.8,False,
it--or,it--or,it--or,,it--or,it--or,compound,it--or,,it--or,void_old_gods_cosmic_horror,,referring to the Void or other cosmic forces,,,,,1,1,1,BroadcastText,it--or:1,27.6931,1.0,False,
it--over,it--over,it--over,,it--over,it--over,compound,it--over,,it--over,void_old_gods_cosmic_horror,,referring to the Void or other cosmic forces,,,,,1,1,1,BroadcastText,it--over:1,27.6931,1.0,False,
k'aresh--is,k'aresh--i,k'aresh--is,,k'aresh--i,k'aresh--i,compound,k'aresh--is,,k'aresh--is,void_old_gods_cosmic_horror,,referring to K'aresh or other cosmic entities,,,,,1,1,1,JournalEncounter,k'aresh--is:1,27.6931,1.0,False,
lightning-based,lightning-bas,lightning-based,,lightning-bas,lightning-bas,compound,lightning-based,,lightning-based,void_old_gods_cosmic_horror,,relating to lightning,,electrical;stormy;thunderous,,,1,1,1,JournalEncounterSection,lightning-based:1,27.6931,0.7,True,low_confidence
morchok-once,morchok-once,morchok-once,,morchok-once,morchok-once,compound,morchok-once,,morchok-once,void_old_gods_cosmic_horror,,"a powerful elemental being, once a guardian",,elemental;being;guardian,weak;powerless,,1,1,1,JournalEncounter,morchok-once:1,27.6931,0.9,False,
mrgl-mrgl,mrgl-mrgl,mrgl-mrgl,,mrgl-mrgl,mrgl-mrgl,compound,mrgl-mrgl,,mrgl-mrgl,void_old_gods_cosmic_horror,,a mysterious or unknown name or sound,,mysterious;unknown;name,known;familiar,,1,1,1,ItemSparse,mrgl-mrgl:1,27.6931,0.8,False,
mysteriously-named,mysteriously-nam,mysteriously-named,,mysteriously-nam,mysteriously-nam,compound,mysteriously-named,,mysteriously-named,void_old_gods_cosmic_horror,,having a mysterious or unknown name,,mysterious;unknown;name,known;familiar,,1,1,1,JournalEncounter,mysteriously-named:1,27.6931,0.8,False,
nalorakk-renowned,nalorakk-renown,nalorakk-renowned,,nalorakk-renown,nalorakk-renown,compound,nalorakk-renowned,,nalorakk-renowned,void_old_gods_cosmic_horror,,"famous or well-known, Nalorakk",,famous;well-known;Nalorakk,unknown;obscure,,1,1,1,JournalEncounter,nalorakk-renowned:1,27.6931,0.8,False,
necronom-i-nom,necronom-i-nom,necronom-i-nom,,necronom-i-nom,necronom-i-nom,compound,necronom-i-nom,,necronom-i-nom,void_old_gods_cosmic_horror,,"related to the Necronomicon or dark, otherworldly powers",,Necronomicon;dark;otherworldly,benign;harmless,,1,1,1,ItemSparse,necronom-i-nom:1,27.6931,0.9,False,
nega-polarization,nega-polarization,nega-polarization,,nega-polarization,nega-polarization,compound,nega-polarization,,nega-polarization,void_old_gods_cosmic_horror,,"a state of negative or opposing polarization, often related to dark or otherworldly forces",,polarization;negative;opposing,positive;affirming,,1,1,1,JournalEncounterSection,nega-polarization:1,27.6931,0.6,True,low_confidence
nether-regions,nether-region,nether-regions,,nether-region,nether-region,compound,nether-regions,,nether-regions,void_old_gods_cosmic_horror,,"regions or areas related to the Nether, a fantasy realm",,Nether;fantasy;realm,heavenly;celestial,,1,1,1,ItemSparse,nether-regions:1,27.6931,0.3,True,low_confidence
popped-abysmal,popped-abysmal,popped-abysmal,,popped-abysmal,popped-abysmal,compound,popped-abysmal,,popped-abysmal,void_old_gods_cosmic_horror,,something that is extremely bad or of poor quality,,awful;terrible;abysmal,excellent;superb;outstanding,,1,1,1,ItemSparse,popped-abysmal:1,27.6931,0.5,True,low_confidence
power--at,power--at,power--at,,power--at,power--at,compound,power--at,,power--at,void_old_gods_cosmic_horror,,a phrase or expression used to describe a powerful force or energy,,power;energy;force,weakness;vulnerability;helplessness,,1,1,1,ItemSparse,power--at:1,27.6931,0.4,True,low_confidence
process--one,process--one,process--one,,process--one,process--one,compound,process--one,,process--one,void_old_gods_cosmic_horror,,a phrase or expression used to describe a process or series of events,,process;event;sequence,chaos;disorder; randomness,,1,1,1,BroadcastText,process--one:1,27.6931,0.1,True,low_confidence
space-time,space-time,space-time,,space-time,space-time,compound,space-time,,space-time,void_old_gods_cosmic_horror,,the combination of space and time,,space;time;universe,nothingness;emptiness;void,,1,1,1,ItemSparse,space-time:1,27.6931,0.9,False,
star-eye,star-eye,star-eye,,star-eye,star-eye,compound,star-eye,,star-eye,void_old_gods_cosmic_horror,,a person or creature with star-like eyes,,,,,1,1,1,BroadcastText,star-eye:1,27.6931,0.7,True,low_confidence
storm-charged,storm-charg,storm-charged,,storm-charg,storm-charg,compound,storm-charged,,storm-charged,void_old_gods_cosmic_horror,,charged with storm energy,,,,,1,1,1,ItemSparse,storm-charged:1,27.6931,0.7,True,low_confidence
storm-flecked,storm-fleck,storm-flecked,,storm-fleck,storm-fleck,compound,storm-flecked,,storm-flecked,void_old_gods_cosmic_horror,,flecked with storm energy,,,,,1,1,1,ItemSparse,storm-flecked:1,27.6931,0.7,True,low_confidence
storm-infused,storm-infus,storm-infused,,storm-infus,storm-infus,compound,storm-infused,,storm-infused,void_old_gods_cosmic_horror,,infused with storm energy,,,,,1,1,1,ItemSparse,storm-infused:1,27.6931,0.7,True,low_confidence
sub-freezing,sub-freez,sub-freezing,,sub-freez,sub-freez,compound,sub-freezing,,sub-freezing,void_old_gods_cosmic_horror,,below freezing point,,,,,1,1,1,JournalEncounterSection,sub-freezing:1,27.6931,0.7,True,low_confidence
sun-god,sun-god,sun-god,,sun-god,sun-god,compound,sun-god,,sun-god,void_old_gods_cosmic_horror,,a god associated with the sun,,,,,1,1,1,JournalEncounter,sun-god:1,27.6931,0.7,True,low_confidence
sun-starved,sun-starv,sun-starved,,sun-starv,sun-starv,compound,sun-starved,,sun-starved,void_old_gods_cosmic_horror,,starving or lacking sunlight,,,,,1,1,1,JournalEncounter,sun-starved:1,27.6931,0.7,True,low_confidence
time-bending,time-bend,time-bending,,time-bend,time-bend,compound,time-bending,,time-bending,void_old_gods_cosmic_horror,,relating to something that bends or warps time and space,,bend;warp;time,,,1,1,1,JournalEncounterSection,time-bending:1,27.6931,0.9,False,
time-havocked,time-havock,time-havocked,,time-havock,time-havock,compound,time-havocked,,time-havocked,void_old_gods_cosmic_horror,,relating to something that has been affected or influenced by time and space,,affect;influence;time,,,1,1,1,JournalEncounter,time-havocked:1,27.6931,0.8,False,
void--only,void--only,void--only,,void--only,void--only,compound,void--only,,void--only,void_old_gods_cosmic_horror,,"relating to the void or emptiness, often used to describe a state of nothingness",,empty;vacant;desolate,full;filled;crowded,,1,1,1,BroadcastText,void--only:1,27.6931,0.9,False,
void-beings,void-being,void-beings,,void-being,void-being,compound,void-beings,,void-beings,void_old_gods_cosmic_horror,,beings or entities that exist in a state of void or emptiness,,abomination;monstrosity;creature,living;breathing;sentient,,1,1,1,JournalEncounter,void-beings:1,27.6931,0.8,False,
void-born,void-born,void-born,,void-born,void-born,compound,void-born,,void-born,void_old_gods_cosmic_horror,,born or created in a state of void or emptiness,,abomination;monstrosity;creature,living;breathing;sentient,,1,1,1,JournalEncounterSection,void-born:1,27.6931,0.9,False,
void-charged,void-charg,void-charged,,void-charg,void-charg,compound,void-charged,,void-charged,void_old_gods_cosmic_horror,,having a connection or relation to the void or emptiness,,charged;energized;powered,neutral;inactive;dead,,1,1,1,ItemNameDescription,void-charged:1,27.6931,0.8,False,
darkness,darkness,darkness,,darkness,darkness,base,darkness,,,void_old_gods_cosmic_horror,,the state of being without light,,shadow;breath,light,,235,212,5,BroadcastText;ItemNameDescription;ItemSparse;JournalEncounter;JournalEncounterSection,darkness:235,15.4638,0.9,False,
shadows,shadow,shadows,,shadow,shadow,inflected_form,shadows,,,void_old_gods_cosmic_horror,,dark areas or forms that are created by light and objects,,darkness;light,,,185,171,5,BroadcastText;ItemNameDescription;ItemSparse;JournalEncounter;JournalEncounterSection,shadows:185,15.2257,0.9,False,
chaos,chao,chaos,,chao,chao,inflected_form,chaos,,,void_old_gods_cosmic_horror,,a state of complete disorder or confusion,,disorder;confusion;mayhem,,,124,109,5,BroadcastText;ItemNameDescription;ItemSparse;JournalEncounter;JournalEncounterSection,chaos:124,14.8283,0.2,True,low_confidence
demonic,demonic,demonic,,demonic,demonic,base,demonic,,,void_old_gods_cosmic_horror,,relating to or characteristic of demons,,devilish;diabolical;infernal,,,102,100,5,BroadcastText;ItemNameDescription;ItemSparse;JournalEncounter;JournalEncounterSection,demonic:102,14.6347,0.9,False,
demons,demon,demons,,demon,demon,inflected_form,demons,,,void_old_gods_cosmic_horror,,evil spirits or supernatural beings,,spirits;beings;entities,,,101,101,5,BroadcastText;ItemNameDescription;ItemSparse;JournalEncounter;JournalEncounterSection,demons:101,14.625,0.7,True,low_confidence
vengeance,vengeance,vengeance,,vengeance,vengeance,base,vengeance,,,war_conflict,,the act of taking revenge or punishing someone for a past wrong,,revenge;punishment;retaliation,mercy;forgiveness,,79,79,5,BroadcastText;ItemNameDescription;ItemSparse;JournalEncounter;JournalEncounterSection,vengeance:79,44.382,0.3,True,low_confidence
assault,assault,assault,,assault,assault,base,assault,,,war_conflict,,a sudden attack or violent act,,attack;violence;aggression,defense;protection,,170,163,4,BroadcastText;ItemSparse;JournalEncounter;JournalEncounterSection,assault:170,43.1417,0.8,False,
siege,siege,siege,,siege,siege,base,siege,,,war_conflict,,a prolonged attack on a fortified place,,invasion;conquer,,,67,63,4,BroadcastText;ItemSparse;JournalEncounter;JournalEncounterSection,siege:67,42.2195,1.0,False,
slain,slain,slain,,slain,slain,base,slain,,,war_conflict,,killed or murdered,,fallen;wounded,,,64,64,4,BroadcastText;ItemSparse;JournalEncounter;JournalEncounterSection,slain:64,42.1744,1.0,False,
fell,fell,fell,,fell,fell,base,fell,,,war_conflict,,killed or defeated in battle,,slain;wounded,,,46,45,4,BroadcastText;ItemSparse;JournalEncounter;JournalEncounterSection,fell:46,41.8501,1.0,False,
wounded,wound,wounded,,wound,wound,inflected_form,wounded,,,war_conflict,,"hurt or injured, especially in battle",,slain;fell,,,43,41,4,BroadcastText;ItemSparse;JournalEncounter;JournalEncounterSection,wounded:43,41.7842,1.0,False,
invasion,invasion,invasion,,invasion,invasion,base,invasion,,,war_conflict,,"the act of entering a country or region with the intention of conquering it, typically by military force",,attack;assault;raid,,,38,37,4,BroadcastText;ItemSparse;JournalEncounter;JournalEncounterSection,invasion:38,41.6636,1.0,False,
conquer,conquer,conquer,,conquer,conquer,base,conquer,,,war_conflict,,"to defeat or overcome someone or something, especially in a way that is considered impressive or victorious",,defeat;overcome;victory,lose;fail;surrender,,16,16,4,BroadcastText;ItemSparse;JournalEncounter;JournalEncounterSection,conquer:16,40.8332,0.8,False,
conquered,conquer,conquered,,conquer,conquer,inflected_form,conquered,,,war_conflict,,won or gained control over a place or people,,victorious;triumphant;dominant,defeated;subjugated;overpowered,,12,11,4,BroadcastText;ItemSparse;JournalEncounter;JournalEncounterSection,conquered:12,40.5649,0.8,False,
treacherous,treacherou,treacherous,,treacherou,treacherou,inflected_form,treacherous,,,war_conflict,,"disloyal or deceitful, often in a way that is harmful",,deceptive;dishonest;untrustworthy,loyal;faithful;reliable,,12,12,4,BroadcastText;ItemSparse;JournalEncounter;JournalEncounterSection,treacherous:12,40.5649,0.8,False,
oathstone,oathstone,oathstone,,oathstone,oathstone,base,oathstone,,,war_conflict,,a stone or object that is used to swear an oath or promise,,token;pledge;vow,,,12,12,3,BroadcastText;ItemSparse;JournalEncounterSection,oathstone:12,38.5649,1.0,False,
rebellion,rebellion,rebellion,,rebellion,rebellion,base,rebellion,,,war_conflict,,an act of rising up against a government or authority,,insurrection;uprising;revolt,,,12,12,3,BroadcastText;ItemSparse;JournalEncounter,rebellion:12,38.5649,1.0,False,
ambush,ambush,ambush,,ambush,ambush,base,ambush,,,war_conflict,,an attack on someone or something that is unexpected and often sudden,,surprise;attack;raid,,,10,10,3,BroadcastText;ItemSparse;JournalEncounterSection,ambush:10,38.3979,1.0,False,
exile,exile,exile,,exile,exile,base,exile,,,war_conflict,,"a person who is forced to leave their home or country, often because of a crime or punishment",,banished;outcast;estranged,,,10,10,3,BroadcastText;ItemSparse;JournalEncounterSection,exile:10,38.3979,1.0,False,
sapper,sapper,sapper,,sapper,sapper,base,sapper,,,war_conflict,,"a person who digs or excavates, often in a military context",,soldier;engineer;demolitions,builder;constructor,,5,4,1,JournalEncounterSection,sapper:5,33.7918,0.9,False,
uprising,upris,uprising,,upris,upris,inflected_form,uprising,,,war_conflict,,a sudden or violent rebellion against authority,,rebellion;insurrection;revolt,peaceful;orderly;submissive,,1,1,1,ItemSparse,uprising:1,32.6931,0.9,False,
battle-tested,battle-test,battle-tested,,battle-test,battle-test,compound,battle-tested,,battle-tested,war_conflict,,"Battle-tested, war and conflict",,maneuverability;maximum,,,72,72,1,ItemSparse,battle-tested:72,31.2905,1.0,False,
ley-guardian,ley-guardian,ley-guardian,,ley-guardian,ley-guardian,compound,ley-guardian,,ley-guardian,war_conflict,,"Ley-Guardian, war and conflict",,Eregos;magic,,,7,6,2,JournalEncounter;JournalEncounterSection,ley-guardian:7,31.0794,1.0,False,
war-band,war-band,war-band,,war-band,war-band,compound,war-band,,war-band,war_conflict,,"War-Band, war and conflict",,Hackclaw;Brackenhide,,,7,5,2,JournalEncounter;JournalEncounterSection,war-band:7,31.0794,1.0,False,
counter-attack,counter-attack,counter-attack,,counter-attack,counter-attack,compound,counter-attack,,counter-attack,war_conflict,,an attack made in response to an enemy's attack,,attack;enemy;response,,,4,4,2,BroadcastText;JournalEncounterSection,counter-attack:4,30.6094,0.8,False,
quickly--the,quickly--the,quickly--the,,quickly--the,quickly--the,compound,quickly--the,,quickly--the,war_conflict,,"fast, swift movement in battle",,rapid;swift,slowly,,3,3,2,BroadcastText;ItemSparse,quickly--the:3,30.3863,0.7,True,low_confidence
all-out,all-out,all-out,,all-out,all-out,compound,all-out,,all-out,war_conflict,,"total, complete effort, no holds barred",,full;complete,half-hearted;partial,,2,2,2,JournalEncounter;JournalEncounterSection,all-out:2,30.0986,0.8,False,
head-on,head-on,head-on,,head-on,head-on,compound,head-on,,head-on,war_conflict,,"direct, frontal attack or confrontation",,direct;frontal,indirect;circumvent,,2,2,2,BroadcastText;ItemSparse,head-on:2,30.0986,0.7,True,low_confidence
raid-wide,raid-wide,raid-wide,,raid-wide,raid-wide,compound,raid-wide,,raid-wide,war_conflict,,affecting or involving the entire raid group,,group;team;collective,individual;personal;private,,11,11,1,JournalEncounterSection,raid-wide:11,29.4849,0.9,False,
anti-air,anti-air,anti-air,,anti-air,anti-air,compound,anti-air,,anti-air,war_conflict,,designed to counter or prevent air attacks,,defensive;protective;shielding,pro-air;air-supportive;aerial-friendly,,10,6,1,JournalEncounterSection,anti-air:10,29.3979,0.8,False,
party-wide,party-wide,party-wide,,party-wide,party-wide,compound,party-wide,,party-wide,war_conflict,,affecting or involving the entire party group,,group;team;collective,individual;personal;private,,10,8,1,JournalEncounterSection,party-wide:10,29.3979,0.9,False,
co-tank,co-tank,co-tank,,co-tank,co-tank,compound,co-tank,,co-tank,war_conflict,,a tank or defensive player who works together with another tank,,team;group;collective,individual;personal;private,,8,7,1,JournalEncounterSection,co-tank:8,29.1972,0.9,False,
crowd-controlling,crowd-controll,crowd-controlling,,crowd-controll,crowd-controll,compound,crowd-controlling,,crowd-controlling,war_conflict,,designed to control or manage a large group of people,,regulating;managing;coordinating,chaotic;uncontrolled;disorganized,,7,7,1,JournalEncounterSection,crowd-controlling:7,29.0794,0.9,False,
group-wide,group-wide,group-wide,,group-wide,group-wide,compound,group-wide,,group-wide,war_conflict,,something that affects or involves a group of people,,group;people;affect,individual;personal,,5,4,1,JournalEncounterSection,group-wide:5,28.7918,0.7,True,low_confidence
foot-blasters,foot-blaster,foot-blasters,,foot-blaster,foot-blaster,compound,foot-blasters,,foot-blasters,war_conflict,,a type of explosive device or weapon,,device;weapon;explosive,,,4,4,1,JournalEncounterSection,foot-blasters:4,28.6094,0.9,False,
shield-breaker,shield-breaker,shield-breaker,,shield-breaker,shield-breaker,compound,shield-breaker,,shield-breaker,war_conflict,,a device or tool used to break through shields,,,,,4,4,1,JournalEncounterSection,shield-breaker:4,28.6094,0.9,False,
crowd-controlled,crowd-controll,crowd-controlled,,crowd-controll,crowd-controll,compound,crowd-controlled,,crowd-controlled,war_conflict,,controlled or directed by a crowd of people,,,,,3,3,1,JournalEncounterSection,crowd-controlled:3,28.3863,0.8,False,
non-mythic,non-mythic,non-mythic,,non-mythic,non-mythic,compound,non-mythic,,non-mythic,war_conflict,,not related to or characteristic of mythic or legendary status,,normal;ordinary;mundane,mythic;legendary,,3,3,1,JournalEncounterSection,non-mythic:3,28.3863,0.8,False,
non-tank,non-tank,non-tank,,non-tank,non-tank,compound,non-tank,,non-tank,war_conflict,,not a tank or defensive player in a game or battle,,offense;attack;aggression,tank;defensive,,3,3,1,JournalEncounterSection,non-tank:3,28.3863,0.9,False,
armageddon-class,armageddon-class,armageddon-class,,armageddon-class,armageddon-class,compound,armageddon-class,,armageddon-class,war_conflict,,of or relating to a catastrophic or apocalyptic event,,apocalyptic;catastrophic;devastating,peaceful;harmonious; tranquil,,2,2,1,JournalEncounterSection,armageddon-class:2,28.0986,0.8,False,
ba-boom,ba-boom,ba-boom,,ba-boom,ba-boom,compound,ba-boom,,ba-boom,war_conflict,,"a loud or explosive sound, often associated with violence or conflict",,explosive;loud;sonic,quiet;peaceful; tranquil,,2,2,1,JournalEncounterSection,ba-boom:2,28.0986,0.8,False,
battle-menders,battle-mender,battle-menders,,battle-mender,battle-mender,compound,battle-menders,,battle-menders,war_conflict,,individuals or entities that mend or repair damage during battle,,mender;repairer;healer,destroyers;damagers; harm-causers,,2,2,1,JournalEncounterSection,battle-menders:2,28.0986,0.9,False,
break-in,break-in,break-in,,break-in,break-in,compound,break-in,,break-in,war_conflict,,a period of time when something is being tested or broken in,,test;trial;evaluation,established;set up;confirmed,,2,2,1,JournalEncounterSection,break-in:2,28.0986,0.7,True,low_confidence
crowd-control,crowd-control,crowd-control,,crowd-control,crowd-control,compound,crowd-control,,crowd-control,war_conflict,,the control or management of a crowd,,control;management;regulation,chaos;disorder;uncontrolled,,2,2,1,JournalEncounterSection,crowd-control:2,28.0986,0.8,False,
damage-reduction,damage-reduction,damage-reduction,,damage-reduction,damage-reduction,compound,damage-reduction,,damage-reduction,war_conflict,,a reduction in damage or harm caused to something,,reduction;decrease;mitigation,increase;growth;aggravation,,2,2,1,JournalEncounterSection,damage-reduction:2,28.0986,0.9,False,
ever-present,ever-present,ever-present,,ever-present,ever-present,compound,ever-present,,ever-present,war_conflict,,something that is always present or available,,present;available;accessible,absent;missing;unavailable,,2,2,1,BroadcastText,ever-present:2,28.0986,0.9,False,
fast-moving,fast-mov,fast-moving,,fast-mov,fast-mov,compound,fast-moving,,fast-moving,war_conflict,,something that moves quickly or rapidly,,move;rapid;swift,slow;sluggish;lagging,,2,2,1,JournalEncounterSection,fast-moving:2,28.0986,0.9,False,
goblin-guided,goblin-guid,goblin-guided,,goblin-guid,goblin-guid,compound,goblin-guided,,goblin-guided,war_conflict,,"controlled or directed by goblins, possibly in a military or strategic sense",,guided;directed,unguided;undirected,,2,2,1,JournalEncounterSection,goblin-guided:2,28.0986,0.6,True,low_confidence
hand-lobbed,hand-lobb,hand-lobbed,,hand-lobb,hand-lobb,compound,hand-lobbed,,hand-lobbed,war_conflict,,"thrown or launched by hand, especially in the context of projectiles or explosives",,lobbed;projectile,machine-launched;automated,,2,2,1,ItemSparse,hand-lobbed:2,28.0986,0.7,True,low_confidence
lok-narash,lok-narash,lok-narash,,lok-narash,lok-narash,compound,lok-narash,,lok-narash,war_conflict,,a battle cry or call to arms associated with the Frostwolves,,,,,2,2,1,BroadcastText,lok-narash:2,28.0986,0.6,True,low_confidence
man-at-arms,man-at-arm,man-at-arms,,man-at-arm,man-at-arm,compound,man-at-arms,,man-at-arms,war_conflict,,a person or thing associated with military service or combat,,,,,2,2,1,JournalEncounterSection,man-at-arms:2,28.0986,0.8,False,
non-boss,non-boss,non-boss,,non-boss,non-boss,compound,non-boss,,non-boss,war_conflict,,"not a leader or commander, often used to describe enemies or opponents",,boss;leader;enemy,,,2,2,1,JournalEncounterSection,non-boss:2,28.0986,0.8,False,
single-target,single-target,single-target,,single-target,single-target,compound,single-target,,single-target,war_conflict,,targeting a single person or thing,,target;focus;concentrate,multi-target;broad;general,,2,2,1,JournalEncounterSection,single-target:2,28.0986,0.9,False,
two-foot,two-foot,two-foot,,two-foot,two-foot,compound,two-foot,,two-foot,war_conflict,,having two feet or being of average height,,draenei;soldier;fighter,one-footed;short,,2,2,1,BroadcastText,two-foot:2,28.0986,0.6,True,low_confidence
war-tank,war-tank,war-tank,,war-tank,war-tank,compound,war-tank,,war-tank,war_conflict,,a tank or armored vehicle used in war,,gear;grinder;encounter,peaceful;non-violent,,2,1,1,JournalEncounterSection,war-tank:2,28.0986,0.7,True,low_confidence
warm-up,warm-up,warm-up,,warm-up,warm-up,compound,warm-up,,warm-up,war_conflict,,a preparation or warm-up exercise for battle,,draenei;soldier;fighter,cool-down;relaxation,,2,2,1,BroadcastText,warm-up:2,28.0986,0.6,True,low_confidence
well-timed,well-tim,well-timed,,well-tim,well-tim,compound,well-timed,,well-timed,war_conflict,,timed or coordinated perfectly for success,,soldiers;battle;towers,untimely;uncoordinated,,2,2,1,JournalEncounterSection,well-timed:2,28.0986,0.8,False,
anti-trespassing,anti-trespass,anti-trespassing,,anti-trespass,anti-trespass,compound,anti-trespassing,,anti-trespassing,war_conflict,,relating to the prevention of trespassing or unauthorized entry,,,,,1,1,1,JournalEncounterSection,anti-trespassing:1,27.6931,0.9,False,
area-denial,area-denial,area-denial,,area-denial,area-denial,compound,area-denial,,area-denial,war_conflict,,relating to or dealing with the prevention of enemy movement or access to a particular area,,,,,1,1,1,JournalEncounterSection,area-denial:1,27.6931,0.8,False,
bastion--an,bastion--an,bastion--an,,bastion--an,bastion--an,compound,bastion--an,,bastion--an,war_conflict,,referring to Bastion and its connection to the Primus,,Bastion;Primus,,,1,1,1,BroadcastText,bastion--an:1,27.6931,0.6,True,low_confidence
battle-bound,battle-bound,battle-bound,,battle-bound,battle-bound,compound,battle-bound,,battle-bound,war_conflict,,bound to or connected with battle,,battle;warhound,,,1,1,1,ItemSparse,battle-bound:1,27.6931,0.9,False,
blade-for-hire,blade-for-hire,blade-for-hire,,blade-for-hire,blade-for-hire,compound,blade-for-hire,,blade-for-hire,war_conflict,,a person who fights for hire or as a mercenary,,,,,1,1,1,JournalEncounter,blade-for-hire:1,27.6931,0.9,False,
close-quarters,close-quarter,close-quarters,,close-quarter,close-quarter,compound,close-quarters,,close-quarters,war_conflict,,fought or occurring in close proximity,,intense;ferocious;brutal,distant;remote,,1,1,1,ItemSparse,close-quarters:1,27.6931,0.9,False,
combat--it,combat--it,combat--it,,combat--it,combat--it,compound,combat--it,,combat--it,war_conflict,,fought or occurring in combat or battle,,intense;ferocious;brutal,distant;remote,,1,1,1,ItemSparse,combat--it:1,27.6931,0.9,False,
crack-shot,crack-shot,crack-shot,,crack-shot,crack-shot,compound,crack-shot,,crack-shot,war_conflict,,accurate or skilled in shooting or marksmanship,,skilled;proficient;expert,inept;incompetent,,1,1,1,JournalEncounterSection,crack-shot:1,27.6931,0.8,False,
crusade--for,crusade--for,crusade--for,,crusade--for,crusade--for,compound,crusade--for,,crusade--for,war_conflict,,"a campaign or movement to achieve a particular goal, often involving conflict or violence",,crusade;for,,,1,1,1,JournalEncounter,crusade--for:1,27.6931,0.9,False,
crusaders--who,crusaders--who,crusaders--who,,crusaders--who,crusaders--who,compound,crusaders--who,,crusaders--who,war_conflict,,"people who are part of a crusade or movement, often involving conflict or violence",,crusader;who,,,1,1,1,JournalEncounter,crusaders--who:1,27.6931,0.8,False,
damage-dealers,damage-dealer,damage-dealers,,damage-dealer,damage-dealer,compound,damage-dealers,,damage-dealers,war_conflict,,people or things that cause harm or damage to others,,dealers;harm;damage,,,1,1,1,JournalEncounterSection,damage-dealers:1,27.6931,0.7,True,low_confidence
danger--which,danger--which,danger--which,,danger--which,danger--which,compound,danger--which,,danger--which,war_conflict,,a situation or thing that could cause harm or damage to others,,danger;harm;damage,,,1,1,1,BroadcastText,danger--which:1,27.6931,0.5,True,low_confidence
deadliest--ordnance,deadliest--ordnance,deadliest--ordnance,,deadliest--ordnance,deadliest--ordnance,compound,deadliest--ordnance,,deadliest--ordnance,war_conflict,,the most deadly or destructive weapons,,deadly;destructive;lethal,,,1,1,1,JournalEncounter,deadliest--ordnance:1,27.6931,0.6,True,low_confidence
death-defying,death-defy,death-defying,,death-defy,death-defy,compound,death-defying,,death-defying,war_conflict,,"extremely brave or daring, especially in the face of danger",,brave;daring;courageous,,,1,1,1,ItemSparse,death-defying:1,27.6931,0.9,False,
deck-swabbin,deck-swabbin,deck-swabbin,,deck-swabbin,deck-swabbin,compound,deck-swabbin,,deck-swabbin,war_conflict,,related to naval warfare or cleaning decks,,navy;ship;cleaning,peace;land,,1,1,1,BroadcastText,deck-swabbin:1,27.6931,0.7,True,low_confidence
drawn--but,drawn--but,drawn--but,,drawn--but,drawn--but,compound,drawn--but,,drawn--but,war_conflict,,"having a sword or other weapon drawn, but not yet used",,sword;weapon;battle,,,1,1,1,BroadcastText,drawn--but:1,27.6931,0.7,True,low_confidence
efforts--all,efforts--all,efforts--all,,efforts--all,efforts--all,compound,efforts--all,,efforts--all,war_conflict,,all efforts or attempts to achieve a goal or objective,,effort;attempt;objective,failure;defeat,,1,1,1,BroadcastText,efforts--all:1,27.6931,0.1,True,low_confidence
encounter-wide,encounter-wide,encounter-wide,,encounter-wide,encounter-wide,compound,encounter-wide,,encounter-wide,war_conflict,,affecting or involving all participants in a battle or encounter,,battle;encounter;participants,,,1,1,1,JournalEncounterSection,encounter-wide:1,27.6931,1.0,False,
end-game,end-game,end-game,,end-game,end-game,compound,end-game,,end-game,war_conflict,,"the final stage or level of a game, requiring great skill and effort to achieve",,game;final;stage,,,1,1,1,ItemSparse,end-game:1,27.6931,1.0,False,
ever-increasing,ever-increas,ever-increasing,,ever-increas,ever-increas,compound,ever-increasing,,ever-increasing,war_conflict,,"continuously growing or escalating, often in a threatening or ominous way",,increase;escalate;threatening,,,1,1,1,JournalEncounterSection,ever-increasing:1,27.6931,1.0,False,
ever-tactical,ever-tactical,ever-tactical,,ever-tactical,ever-tactical,compound,ever-tactical,,ever-tactical,war_conflict,,"continuously planning or executing strategies, often in a calculated and precise way",,tactic;strategy;precise,,,1,1,1,JournalEncounter,ever-tactical:1,27.6931,1.0,False,
fel-enemies,fel-enemy,fel-enemies,,fel-enemy,fel-enemy,compound,fel-enemies,,fel-enemies,war_conflict,,enemies or foes that are influenced by fel energy or power,,enemy;foe;adversary,ally;friend;comrade,,1,1,1,ItemSparse,fel-enemies:1,27.6931,0.9,False,
ferocious--worgs,ferocious--worg,ferocious--worgs,,ferocious--worg,ferocious--worg,compound,ferocious--worgs,,ferocious--worgs,war_conflict,,"fierce or ferocious, specifically in relation to worgs",,ferocious;fierce;brutal,gentle;tame;docile,,1,1,1,JournalEncounter,ferocious--worgs:1,27.6931,0.7,True,low_confidence
fire-breathing,fire-breath,fire-breathing,,fire-breath,fire-breath,compound,fire-breathing,,fire-breathing,war_conflict,,breathing fire or having the ability to do so,,fire;breath;flame,ice-cold;frosty;icy,,1,1,1,JournalEncounter,fire-breathing:1,27.6931,0.9,False,
fire-keepers,fire-keeper,fire-keepers,,fire-keeper,fire-keeper,compound,fire-keepers,,fire-keepers,war_conflict,,people who guard or protect fire,,,,,1,1,1,JournalEncounter,fire-keepers:1,27.6931,0.7,True,low_confidence
fire-watchers,fire-watcher,fire-watchers,,fire-watcher,fire-watcher,compound,fire-watchers,,fire-watchers,war_conflict,,people who watch or guard fire,,,,,1,1,1,ItemSparse,fire-watchers:1,27.6931,0.7,True,low_confidence
foes--living,foes--liv,foes--living,,foes--liv,foes--liv,compound,foes--living,,foes--living,war_conflict,,enemies or adversaries that are still living,,,,,1,1,1,JournalEncounter,foes--living:1,27.6931,0.7,True,low_confidence
front-line,front-line,front-line,,front-line,front-line,compound,front-line,,front-line,war_conflict,,the front or leading edge of a battle or conflict,,battle;conflict,,,1,1,1,JournalEncounterSection,front-line:1,27.6931,0.9,False,
full-scale,full-scale,full-scale,,full-scale,full-scale,compound,full-scale,,full-scale,war_conflict,,on a large or complete scale,,scale;large,,,1,1,1,BroadcastText,full-scale:1,27.6931,0.9,False,
gordok--then,gordok--then,gordok--then,,gordok--then,gordok--then,compound,gordok--then,,gordok--then,war_conflict,,"Gordok, then king",,gordok;king,,,1,1,1,JournalEncounter,gordok--then:1,27.6931,0.8,False,
grenade-like,grenade-like,grenade-like,,grenade-like,grenade-like,compound,grenade-like,,grenade-like,war_conflict,,resembling a grenade,,explosive;dangerous;deadly,harmless;benign;peaceful,,1,1,1,ItemSparse,grenade-like:1,27.6931,0.9,False,
hair-trigger,hair-trigger,hair-trigger,,hair-trigger,hair-trigger,compound,hair-trigger,,hair-trigger,war_conflict,,having a quick or sudden temper,,irascible;short-tempered;hot-headed,calm;composed;even-tempered,,1,1,1,JournalEncounter,hair-trigger:1,27.6931,0.8,False,
hammer--ironfel--from,hammer--ironfel--from,hammer--ironfel--from,,hammer--ironfel--from,hammer--ironfel--from,compound,hammer--ironfel--from,,hammer--ironfel--from,war_conflict,,a type of hammer or tool used for ironworking,,hammer;tool;ironworking,saw;drill;machine,,1,1,1,JournalEncounter,hammer--ironfel--from:1,27.6931,0.8,False,
hammerfall--horde,hammerfall--horde,hammerfall--horde,,hammerfall--horde,hammerfall--horde,compound,hammerfall--horde,,hammerfall--horde,war_conflict,,"a type of hammer or tool used for ironworking, associated with the Horde",,hammer;tool;ironworking,saw;drill;machine,,1,1,1,BroadcastText,hammerfall--horde:1,27.6931,0.7,True,low_confidence
high-security,high-security,high-security,,high-security,high-security,compound,high-security,,high-security,war_conflict,,"very secure, protected by strong defenses",,,,,1,1,1,BroadcastText,high-security:1,27.6931,0.4,True,low_confidence
horde--a,horde--a,horde--a,,horde--a,horde--a,compound,horde--a,,horde--a,war_conflict,,"the Horde, a group of people united in their pursuit of freedom and honor",,,,,1,1,1,BroadcastText,horde--a:1,27.6931,0.9,False,
horde--or,horde--or,horde--or,,horde--or,horde--or,compound,horde--or,,horde--or,war_conflict,,"the Horde, or the Alliance, two groups of people with different goals and values",,,,,1,1,1,BroadcastText,horde--or:1,27.6931,0.8,False,
horde-aligned,horde-align,horde-aligned,,horde-align,horde-align,compound,horde-aligned,,horde-aligned,war_conflict,,"supporting or belonging to the Horde, a group of people united in their pursuit of freedom and honor",,,,,1,1,1,ItemSparse,horde-aligned:1,27.6931,0.7,True,low_confidence
hozen-fu,hozen-fu,hozen-fu,,hozen-fu,hozen-fu,compound,hozen-fu,,hozen-fu,war_conflict,,martial art or fighting style,,fight;battle;combat,,,1,1,1,BroadcastText,hozen-fu:1,27.6931,1.0,False,
hunt--and,hunt--and,hunt--and,,hunt--and,hunt--and,compound,hunt--and,,hunt--and,war_conflict,,hunting and killing,,hunt;kill;slaughter,,,1,1,1,BroadcastText,hunt--and:1,27.6931,1.0,False,
hunter-killer,hunter-killer,hunter-killer,,hunter-killer,hunter-killer,compound,hunter-killer,,hunter-killer,war_conflict,,person who hunts and kills,,hunter;killer;assassin,,,1,1,1,ItemSparse,hunter-killer:1,27.6931,1.0,False,
intruders--mechagnomes,intruders--mechagnome,intruders--mechagnomes,,intruders--mechagnome,intruders--mechagnome,compound,intruders--mechagnomes,,intruders--mechagnomes,war_conflict,,people or things that enter a place without permission,,intrude;enter;invade,,,1,1,1,JournalEncounter,intruders--mechagnomes:1,27.6931,1.0,False,
joint-faction,joint-faction,joint-faction,,joint-faction,joint-faction,compound,joint-faction,,joint-faction,war_conflict,,a joint or shared effort between different factions or groups,,,,,1,1,1,ItemSparse,joint-faction:1,27.6931,1.0,False,
just-pillaged,just-pillag,just-pillaged,,just-pillag,just-pillag,compound,just-pillaged,,just-pillaged,war_conflict,,"recently plundered or looted, often referring to a battle or conflict",,,,,1,1,1,ItemSparse,just-pillaged:1,27.6931,1.0,False,
k-kill,k-kill,k-kill,,k-kill,k-kill,compound,k-kill,,k-kill,war_conflict,,"to kill or slay, often referring to combat or violence",,,,,1,1,1,BroadcastText,k-kill:1,27.6931,1.0,False,
largest--and,largest--and,largest--and,,largest--and,largest--and,compound,largest--and,,largest--and,war_conflict,,a reference to size or scale in the context of war or conflict,,size;scale;war,small;insignificant,,1,1,1,JournalEncounter,largest--and:1,27.6931,0.7,True,low_confidence
lives--even,lives--even,lives--even,,lives--even,lives--even,compound,lives--even,,lives--even,war_conflict,,relating to lives lost in conflict,,battle-scarred;wounded;fatally,,,1,1,1,BroadcastText,lives--even:1,27.6931,0.3,True,low_confidence
look--this,look--thi,look--this,,look--thi,look--thi,compound,look--this,,look--this,war_conflict,,relating to a look or glance during conflict,,battle-scarred;wounded;fatally,,,1,1,1,BroadcastText,look--this:1,27.6931,0.9,False,
mage-guard,mage-guard,mage-guard,,mage-guard,mage-guard,compound,mage-guard,,mage-guard,war_conflict,,a magical protector or guardian,,soldier;guard;protector,,,1,1,1,ItemSparse,mage-guard:1,27.6931,0.7,True,low_confidence
magic-user,magic-user,magic-user,,magic-user,magic-user,compound,magic-user,,magic-user,war_conflict,,a person who uses magic for various purposes,,magician;wizard;spellcaster,,,1,1,1,ItemSparse,magic-user:1,27.6931,0.8,False,
make--we,make--we,make--we,,make--we,make--we,compound,make--we,,make--we,war_conflict,,a statement or oath of unity and cooperation in conflict or war,,oath;pledge;commitment,,,1,1,1,BroadcastText,make--we:1,27.6931,0.5,True,low_confidence
man-o-war,man-o-war,man-o-war,,man-o-war,man-o-war,compound,man-o-war,,man-o-war,war_conflict,,a type of warship or vessel used in naval warfare,,ship;vessel;naval,,,1,1,1,JournalEncounterSection,man-o-war:1,27.6931,0.8,False,
martially-skilled,martially-skill,martially-skilled,,martially-skill,martially-skill,compound,martially-skilled,,martially-skilled,war_conflict,,skilled in martial or military arts,,military;warrior;fighting,peaceful;non-violent,,1,1,1,ItemSparse,martially-skilled:1,27.6931,0.8,False,
military-grade,military-grade,military-grade,,military-grade,military-grade,compound,military-grade,,military-grade,war_conflict,,"of high quality or standard, suitable for military use",,,,,1,1,1,ItemSparse,military-grade:1,27.6931,1.0,False,
move-on,move-on,move-on,,move-on,move-on,compound,move-on,,move-on,war_conflict,,to leave or depart from a place,,leave;depart;go,stay;remain,,1,1,1,ItemSparse,move-on:1,27.6931,0.7,True,low_confidence
news--the,news--the,news--the,,news--the,news--the,compound,news--the,,news--the,war_conflict,,"information or reports about recent events or developments, often in a context of war or conflict",,news;events;developments,old;outdated,,1,1,1,BroadcastText,news--the:1,27.6931,0.3,True,low_confidence
non-heroic,non-heroic,non-heroic,,non-heroic,non-heroic,compound,non-heroic,,non-heroic,war_conflict,,not heroic,,heroic;family;words,,,1,1,1,JournalEncounterSection,non-heroic:1,27.6931,0.9,False,
obstacles--colossal,obstacles--colossal,obstacles--colossal,,obstacles--colossal,obstacles--colossal,compound,obstacles--colossal,,obstacles--colossal,war_conflict;travel_places,,large obstacles in one's path,,obstacle;challenge;hindrance,ease;facility,,1,1,1,BroadcastText,obstacles--colossal:1,27.6931,1.0,False,
off-hand,off-hand,off-hand,,off-hand,off-hand,compound,off-hand,,off-hand,war_conflict;travel_places,,in a secondary or auxiliary manner,,hand;auxiliary;secondary,primary;main,,1,1,1,ItemNameDescription,off-hand:1,27.6931,1.0,False,
off-limits,off-limit,off-limits,,off-limit,off-limit,compound,off-limits,,off-limits,war_conflict;travel_places,,not allowed or permitted to enter or access a place or thing,,limit;restriction;prohibition,allowed;permitted,,1,1,1,JournalEncounter,off-limits:1,27.6931,1.0,False,
old-timer,old-timer,old-timer,,old-timer,old-timer,compound,old-timer,,old-timer,war_conflict;travel_places,,an older person who is experienced or skilled in a particular activity,,age;experience;skill,youngster;novice,,1,1,1,JournalEncounter,old-timer:1,27.6931,1.0,False,
pauldron--as,pauldron--a,pauldron--as,,pauldron--a,pauldron--a,compound,pauldron--as,,pauldron--as,war_conflict,,"a type of armor, specifically a pauldron, used in war",,,,,1,1,1,JournalEncounter,pauldron--as:1,27.6931,0.8,False,
pit-fighting,pit-fight,pit-fighting,,pit-fight,pit-fight,compound,pit-fighting,,pit-fighting,war_conflict,,"a type of fighting or combat that takes place in a pit, often used to describe a brutal or savage form of violence",,,,,1,1,1,ItemSparse,pit-fighting:1,27.6931,0.8,False,
place--fighting,place--fight,place--fighting,,place--fight,place--fight,compound,place--fighting,,place--fighting,war_conflict,,"a location or place where fighting is taking place, often used to describe a battlefield or combat zone",,,,,1,1,1,BroadcastText,place--fighting:1,27.6931,0.7,True,low_confidence
pre-legion,pre-legion,pre-legion,,pre-legion,pre-legion,compound,pre-legion,,pre-legion,war_conflict,,a period of time before a legion or large military force was formed,,military;army;soldiers,legionary;militant;belligerent,,1,1,1,ItemSparse,pre-legion:1,27.6931,0.2,True,low_confidence
pre-selected,pre-select,pre-selected,,pre-select,pre-select,compound,pre-selected,,pre-selected,war_conflict,,something that has already been selected or chosen for a particular purpose,,selected;chosen;designated,unselected;unchosen;undesignated,,1,1,1,JournalEncounterSection,pre-selected:1,27.6931,0.1,True,low_confidence
prey--and,prey--and,prey--and,,prey--and,prey--and,compound,prey--and,,prey--and,war_conflict,,a phrase or expression used to describe the relationship between a hunter and their prey,,hunter;prey;hunting,predator;victim;exploitation,,1,1,1,BroadcastText,prey--and:1,27.6931,0.1,True,low_confidence
raid-r,raid-r,raid-r,,raid-r,raid-r,compound,raid-r,,raid-r,war_conflict,,a type of raid or assault,,raid;assault;invasion,,,1,1,1,ItemSparse,raid-r:1,27.6931,1.0,False,
re-engaged,re-engag,re-engaged,,re-engag,re-engag,compound,re-engaged,,re-engaged,war_conflict,,engaged or involved in a conflict or battle,,engage;involved;participate,,,1,1,1,JournalEncounterSection,re-engaged:1,27.6931,1.0,False,
re-engages,re-engage,re-engages,,re-engage,re-engage,compound,re-engages,,re-engages,war_conflict,,engaged or involved in a conflict or battle,,engage;involved;participate,,,1,1,1,JournalEncounterSection,re-engages:1,27.6931,1.0,False,
re-engaging,re-engag,re-engaging,,re-engag,re-engag,compound,re-engaging,,re-engaging,war_conflict,,engaged or involved in a conflict or battle,,engage;involved;participate,,,1,1,1,JournalEncounterSection,re-engaging:1,27.6931,1.0,False,
re-take,re-take,re-take,,re-take,re-take,compound,re-take,,re-take,war_conflict,,"to take or capture something again, often after it has been lost or taken away",,take;capture;seize,release;let go,,1,1,1,BroadcastText,re-take:1,27.6931,0.9,False,
riders--we're,riders--we're,riders--we're,,riders--we're,riders--we're,compound,riders--we're,,riders--we're,war_conflict,,"people who ride or travel on horseback, often as a form of transportation or for recreation",,ride;travel;horseback,walk;hike,,1,1,1,BroadcastText,riders--we're:1,27.6931,0.7,True,low_confidence
ro-shambo,ro-shambo,ro-shambo,,ro-shambo,ro-shambo,compound,ro-shambo,,ro-shambo,war_conflict,,"a form of combat or challenge, possibly martial arts",,brawl;fight,,,1,1,1,ItemSparse,ro-shambo:1,27.6931,0.7,True,low_confidence
robe-robber,robe-robber,robe-robber,,robe-robber,robe-robber,compound,robe-robber,,robe-robber,war_conflict,,"a thief or robber, possibly in a martial context",,thief;bandit,,,1,1,1,ItemSparse,robe-robber:1,27.6931,0.6,True,low_confidence
safely--explode,safely--explode,safely--explode,,safely--explode,safely--explode,compound,safely--explode,,safely--explode,war_conflict,,"to explode safely or without harm, possibly in a martial or conflict context",,explode;safe,,,1,1,1,ItemSparse,safely--explode:1,27.6931,0.7,True,low_confidence
surface-to-gnome,surface-to-gnome,surface-to-gnome,,surface-to-gnome,surface-to-gnome,compound,surface-to-gnome,,surface-to-gnome,war_conflict,,a type of missile that targets gnomes,,missile;target,,,1,1,1,ItemSparse,surface-to-gnome:1,27.6931,0.7,True,low_confidence
tank-specced,tank-specc,tank-specced,,tank-specc,tank-specc,compound,tank-specced,,tank-specced,war_conflict,,a type of player or character that specializes in tanking,,oondasta;challengers,,,1,1,1,JournalEncounterSection,tank-specced:1,27.6931,0.9,False,
targets--tranquillien,targets--tranquillien,targets--tranquillien,,targets--tranquillien,targets--tranquillien,compound,targets--tranquillien,,targets--tranquillien,war_conflict,,a type of target or enemy that is being attacked,,map;eversong,,,1,1,1,BroadcastText,targets--tranquillien:1,27.6931,0.8,False,
thing--protecting,thing--protect,thing--protecting,,thing--protect,thing--protect,compound,thing--protecting,,thing--protecting,war_conflict,,something that protects or defends,,protect;defend;something,,,1,1,1,BroadcastText,thing--protecting:1,27.6931,0.8,False,
three-point,three-point,three-point,,three-point,three-point,compound,three-point,,three-point,war_conflict,,relating to a point or location in space,,point;location;space,,,1,1,1,JournalEncounter,three-point:1,27.6931,0.9,False,
threshold--only,threshold--only,threshold--only,,threshold--only,threshold--only,compound,threshold--only,,threshold--only,war_conflict,,a point or boundary beyond which something is possible,,point;boundary;something,,,1,1,1,BroadcastText,threshold--only:1,27.6931,0.8,False,
through--at,through--at,through--at,,through--at,through--at,compound,through--at,,through--at,war_conflict,,"relating to moving or passing through a location, possibly at a specific point",,move;pass;location,,,1,1,1,JournalEncounter,through--at:1,27.6931,0.8,False,
treasure--what,treasure--what,treasure--what,,treasure--what,treasure--what,compound,treasure--what,,treasure--what,war_conflict,,"a phrase used to express surprise or confusion about something, especially a loss or defeat",,loss;defeat,,,1,1,1,BroadcastText,treasure--what:1,27.6931,0.6,True,low_confidence
tribes--were,tribes--were,tribes--were,,tribes--were,tribes--were,compound,tribes--were,,tribes--were,war_conflict,,a phrase used to describe a group of people or animals that live together and share a common culture or language,,group;community,,,1,1,1,BroadcastText,tribes--were:1,27.6931,0.7,True,low_confidence
trolls--who,trolls--who,trolls--who,,trolls--who,trolls--who,compound,trolls--who,,trolls--who,war_conflict,,"a phrase used to describe a group of trolls, especially in terms of their behavior or actions",,group;community,,,1,1,1,JournalEncounter,trolls--who:1,27.6931,0.6,True,low_confidence
twelve-step,twelve-step,twelve-step,,twelve-step,twelve-step,compound,twelve-step,,twelve-step,war_conflict,,military strategy or plan,,battle;strategy,,,1,1,1,JournalEncounter,twelve-step:1,27.6931,1.0,False,
two-thousand,two-thousand,two-thousand,,two-thousand,two-thousand,compound,two-thousand,,two-thousand,war_conflict,,quantity or amount of time,,number;time,,,1,1,1,JournalEncounter,two-thousand:1,27.6931,1.0,False,
us--to,us--to,us--to,,us--to,us--to,compound,us--to,,us--to,war_conflict,,"leading or guiding oneself, especially in a military or strategic sense",,lead;guide;military,follow;obey,,1,1,1,BroadcastText,us--to:1,27.6931,0.8,False,
war--and,war--and,war--and,,war--and,war--and,compound,war--and,,war--and,war_conflict,,"relating to or characteristic of war, often used to describe conflict or violence",,war;conflict;violence,peace;harmony;coexistence,,1,1,1,BroadcastText,war--and:1,27.6931,0.8,False,
war--even,war--even,war--even,,war--even,war--even,compound,war--even,,war--even,war_conflict,,"relating to or characteristic of war, often used to describe conflict or violence",,war;conflict;violence,peace;harmony;coexistence,,1,1,1,BroadcastText,war--even:1,27.6931,0.8,False,
war-fleets,war-fleet,war-fleets,,war-fleet,war-fleet,compound,war-fleets,,war-fleets,war_conflict,,"relating to or characteristic of war, often used to describe conflict or violence",,war;conflict;violence,peace;harmony;coexistence,,1,1,1,BroadcastText,war-fleets:1,27.6931,0.9,False,
war-related,war-relate,war-related,,war-relate,war-relate,compound,war-related,,war-related,war_conflict,,"relating to or characteristic of war, often used to describe conflict or violence",,war;conflict;violence,peace;harmony;coexistence,,1,1,1,BroadcastText,war-related:1,27.6931,0.8,False,
well-defended,well-defend,well-defended,,well-defend,well-defend,compound,well-defended,,well-defended,war_conflict,,"strongly or skillfully defended, often used to describe military or defensive strategies",,defensive;protective,vulnerable;exposed,,1,1,1,BroadcastText,well-defended:1,27.6931,0.6,True,low_confidence
whack-a-gnoll,whack-a-gnoll,whack-a-gnoll,,whack-a-gnoll,whack-a-gnoll,compound,whack-a-gnoll,,whack-a-gnoll,war_conflict,,a game or activity involving hitting or fighting gnolls,,gnoll;fighting;hitting,,,1,1,1,ItemSparse,whack-a-gnoll:1,27.6931,1.0,False,
wind-guards,wind-guard,wind-guards,,wind-guard,wind-guard,compound,wind-guards,,wind-guards,war_conflict,,guards or protectors who use wind as a weapon,,guards;protectors;weapon,,,1,1,1,BroadcastText,wind-guards:1,27.6931,1.0,False,
last,last,last,,last,last,base,last,,,war_conflict,,happening or done at the end of a period of time,,final;end,,,235,234,5,BroadcastText;ItemNameDescription;ItemSparse;JournalEncounter;JournalEncounterSection,last:235,15.4638,0.7,True,low_confidence
champion,champion,champion,,champion,champion,base,champion,,,war_conflict,,a person who is admired or respected for their achievements or qualities,,hero;winner,,,184,180,5,BroadcastText;ItemNameDescription;ItemSparse;JournalEncounter;JournalEncounterSection,champion:184,15.2204,0.8,False,
final,final,final,,final,final,base,final,,,war_conflict,,happening or done at the end of a period of time,,last;end,,,176,171,5,BroadcastText;ItemNameDescription;ItemSparse;JournalEncounter;JournalEncounterSection,final:176,15.1761,0.7,True,low_confidence
barrier,barrier,barrier,,barrier,barrier,base,barrier,,,war_conflict,,a physical or metaphorical obstacle,,obstacle;hindrance;impediment,,,122,92,5,BroadcastText;ItemNameDescription;ItemSparse;JournalEncounter;JournalEncounterSection,barrier:122,14.8122,0.1,True,low_confidence
threat,threat,threat,,threat,threat,base,threat,,,war_conflict,,a person or thing that causes fear or danger,,danger;fear;menace,,,111,105,5,BroadcastText;ItemNameDescription;ItemSparse;JournalEncounter;JournalEncounterSection,threat:111,14.7185,0.7,True,low_confidence
allies,ally,allies,,ally,ally,inflected_form,allies,,,war_conflict,,people or groups that work together to achieve a common goal,,friends;partners,,,674,607,4,BroadcastText;ItemSparse;JournalEncounter;JournalEncounterSection,allies:674,14.5147,1.0,False,
tanks,tank,tanks,,tank,tank,inflected_form,tanks,,,war_conflict,,large armored vehicles used in warfare,,armored;vehicle,,,641,639,4,BroadcastText;ItemSparse;JournalEncounter;JournalEncounterSection,tanks:641,14.4646,1.0,False,
rise,rise,rise,,rise,rise,base,rise,,,war_conflict,,to move upward or become more powerful,,move;become,,,75,74,5,BroadcastText;ItemNameDescription;ItemSparse;JournalEncounter;JournalEncounterSection,rise:75,14.3307,1.0,False,
escape,escape,escape,,escape,escape,base,escape,,,war_conflict,,to get away from a place or situation quickly,,flee;fugitive,,,74,73,5,BroadcastText;ItemNameDescription;ItemSparse;JournalEncounter;JournalEncounterSection,escape:74,14.3175,0.9,False,
critical,critical,critical,,critical,critical,base,critical,,,war_conflict,,very important or serious,,crucial;vital,,,73,73,5,BroadcastText;ItemNameDescription;ItemSparse;JournalEncounter;JournalEncounterSection,critical:73,14.3041,0.8,False,
blow,blow,blow,,blow,blow,base,blow,,,war_conflict,,a sudden movement of air or a strong attack,,strike;blast,,,71,71,5,BroadcastText;ItemNameDescription;ItemSparse;JournalEncounter;JournalEncounterSection,blow:71,14.2767,0.8,False,
surge,surge,surge,,surge,surge,base,surge,,,war_conflict,,a sudden and powerful movement or increase in something,,burst;outbreak,,,69,67,5,BroadcastText;ItemNameDescription;ItemSparse;JournalEncounter;JournalEncounterSection,surge:69,14.2485,0.8,False,
taken,taken,taken,,taken,taken,base,taken,,,war_conflict,,to be seized or captured by someone or something,,seized;captured,,,488,480,4,BroadcastText;ItemSparse;JournalEncounter;JournalEncounterSection,taken:488,14.1924,0.7,True,low_confidence
combatant,combatant,combatant,,combatant,combatant,base,combatant,,,war_conflict,,a person or thing that fights or is involved in a fight,,soldier;fighter;battalion,,,456,452,4,ItemNameDescription;ItemSparse;JournalEncounter;JournalEncounterSection,combatant:456,14.1247,0.8,False,
fight,fight,fight,,fight,fight,base,fight,,,war_conflict,,"to engage in a physical or verbal contest with someone, typically to defend oneself or something",,battle;struggle;contest,,,422,407,4,BroadcastText;ItemSparse;JournalEncounter;JournalEncounterSection,fight:422,14.0474,0.9,False,
attacks,attack,attacks,,attack,attack,inflected_form,attacks,,,war_conflict,,"to launch a physical or verbal assault on someone, typically to defend oneself or something",,assault;attack;raid,,,404,379,4,BroadcastText;ItemSparse;JournalEncounter;JournalEncounterSection,attacks:404,14.0039,0.9,False,
